holding_month,base_return_path,variant,unhedged_weight,portfolio_return
2008-06,gross_underlying,fully_hedged_proxy,0.0,-0.0019511441757345
2008-07,gross_underlying,fully_hedged_proxy,0.0,-0.0193943524529933
2008-08,gross_underlying,fully_hedged_proxy,0.0,-0.0176475355579345
2008-09,gross_underlying,fully_hedged_proxy,0.0,-0.0303273359754647
2008-10,gross_underlying,fully_hedged_proxy,0.0,-0.0382469795839618
2008-11,gross_underlying,fully_hedged_proxy,0.0,0.050143693235461
2008-12,gross_underlying,fully_hedged_proxy,0.0,0.0452388222967805
2009-01,gross_underlying,fully_hedged_proxy,0.0,-0.0378143263433701
2009-02,gross_underlying,fully_hedged_proxy,0.0,-0.0136817717968045
2009-03,gross_underlying,fully_hedged_proxy,0.0,0.0230215218463338
2009-04,gross_underlying,fully_hedged_proxy,0.0,0.0134630861960592
2009-05,gross_underlying,fully_hedged_proxy,0.0,0.0417913620183689
2009-06,gross_underlying,fully_hedged_proxy,0.0,-0.0115537113220804
2009-07,gross_underlying,fully_hedged_proxy,0.0,0.07845852703294
2009-08,gross_underlying,fully_hedged_proxy,0.0,0.0084029342644392
2009-09,gross_underlying,fully_hedged_proxy,0.0,0.0717703474610667
2009-10,gross_underlying,fully_hedged_proxy,0.0,-0.0320374645096335
2009-11,gross_underlying,fully_hedged_proxy,0.0,0.0672578896797538
2009-12,gross_underlying,fully_hedged_proxy,0.0,0.019269096900886
2010-01,gross_underlying,fully_hedged_proxy,0.0,-0.0408932825842956
2010-02,gross_underlying,fully_hedged_proxy,0.0,0.0217942398653733
2010-03,gross_underlying,fully_hedged_proxy,0.0,0.0615844293415694
2010-04,gross_underlying,fully_hedged_proxy,0.0,0.0284299960408987
2010-05,gross_underlying,fully_hedged_proxy,0.0,-0.0640267792823248
2010-06,gross_underlying,fully_hedged_proxy,0.0,0.003781759242705
2010-07,gross_underlying,fully_hedged_proxy,0.0,0.0186195718063013
2010-08,gross_underlying,fully_hedged_proxy,0.0,0.0045817990475163
2010-09,gross_underlying,fully_hedged_proxy,0.0,0.0381789988203552
2010-10,gross_underlying,fully_hedged_proxy,0.0,0.0323652025124842
2010-11,gross_underlying,fully_hedged_proxy,0.0,-0.0046993586064994
2010-12,gross_underlying,fully_hedged_proxy,0.0,0.0467349136277452
2011-01,gross_underlying,fully_hedged_proxy,0.0,0.0061941476701484
2011-02,gross_underlying,fully_hedged_proxy,0.0,0.0240970099427317
2011-03,gross_underlying,fully_hedged_proxy,0.0,0.0055975437178803
2011-04,gross_underlying,fully_hedged_proxy,0.0,0.0455894655115606
2011-05,gross_underlying,fully_hedged_proxy,0.0,-0.0162521898218316
2011-06,gross_underlying,fully_hedged_proxy,0.0,-0.02108206939149
2011-07,gross_underlying,fully_hedged_proxy,0.0,0.0115291880366938
2011-08,gross_underlying,fully_hedged_proxy,0.0,0.008685430156043
2011-09,gross_underlying,fully_hedged_proxy,0.0,-0.0333770100264403
2011-10,gross_underlying,fully_hedged_proxy,0.0,0.0321252107197764
2011-11,gross_underlying,fully_hedged_proxy,0.0,-0.0046205281315236
2011-12,gross_underlying,fully_hedged_proxy,0.0,-0.0063676216626753
2012-01,gross_underlying,fully_hedged_proxy,0.0,0.0412879439844087
2012-02,gross_underlying,fully_hedged_proxy,0.0,0.0143703642222729
2012-03,gross_underlying,fully_hedged_proxy,0.0,0.0158717686910099
2012-04,gross_underlying,fully_hedged_proxy,0.0,-0.0022355697282649
2012-05,gross_underlying,fully_hedged_proxy,0.0,-0.0196856845159698
2012-06,gross_underlying,fully_hedged_proxy,0.0,0.0172918809468933
2012-07,gross_underlying,fully_hedged_proxy,0.0,0.0148670914511704
2012-08,gross_underlying,fully_hedged_proxy,0.0,0.0128239559369674
2012-09,gross_underlying,fully_hedged_proxy,0.0,0.0079825412933501
2012-10,gross_underlying,fully_hedged_proxy,0.0,-0.0258192195632049
2012-11,gross_underlying,fully_hedged_proxy,0.0,0.0097499147548772
2012-12,gross_underlying,fully_hedged_proxy,0.0,0.0241896889058594
2013-01,gross_underlying,fully_hedged_proxy,0.0,0.0157702151075939
2013-02,gross_underlying,fully_hedged_proxy,0.0,-0.0059169051083757
2013-03,gross_underlying,fully_hedged_proxy,0.0,0.0125197013965221
2013-04,gross_underlying,fully_hedged_proxy,0.0,0.0186794901626588
2013-05,gross_underlying,fully_hedged_proxy,0.0,-0.0166197504853405
2013-06,gross_underlying,fully_hedged_proxy,0.0,-0.019164822612362
2013-07,gross_underlying,fully_hedged_proxy,0.0,0.0211222523256961
2013-08,gross_underlying,fully_hedged_proxy,0.0,-0.0050554760763796
2013-09,gross_underlying,fully_hedged_proxy,0.0,0.0119167123969686
2013-10,gross_underlying,fully_hedged_proxy,0.0,0.0265566334755865
2013-11,gross_underlying,fully_hedged_proxy,0.0,0.0084822283059946
2013-12,gross_underlying,fully_hedged_proxy,0.0,0.0082272518875387
2014-01,gross_underlying,fully_hedged_proxy,0.0,-0.0146516344786503
2014-02,gross_underlying,fully_hedged_proxy,0.0,0.0216497029669875
2014-03,gross_underlying,fully_hedged_proxy,0.0,-0.0097351604229837
2014-04,gross_underlying,fully_hedged_proxy,0.0,0.0053737146127664
2014-05,gross_underlying,fully_hedged_proxy,0.0,0.0165485486528299
2014-06,gross_underlying,fully_hedged_proxy,0.0,0.0190501366194403
2014-07,gross_underlying,fully_hedged_proxy,0.0,-0.0036000786137493
2014-08,gross_underlying,fully_hedged_proxy,0.0,0.0290505392916661
2014-09,gross_underlying,fully_hedged_proxy,0.0,-0.0352680277443778
2014-10,gross_underlying,fully_hedged_proxy,0.0,0.0143539783952789
2014-11,gross_underlying,fully_hedged_proxy,0.0,0.0194939773945727
2014-12,gross_underlying,fully_hedged_proxy,0.0,0.0042126768323391
2015-01,gross_underlying,fully_hedged_proxy,0.0,0.0281054017932573
2015-02,gross_underlying,fully_hedged_proxy,0.0,-0.006995296979296
2015-03,gross_underlying,fully_hedged_proxy,0.0,-0.0078481998137247
2015-04,gross_underlying,fully_hedged_proxy,0.0,-0.0082017172653624
2015-05,gross_underlying,fully_hedged_proxy,0.0,-0.0010904223259937
2015-06,gross_underlying,fully_hedged_proxy,0.0,-0.0207533937495119
2015-07,gross_underlying,fully_hedged_proxy,0.0,0.0006814132769903
2015-08,gross_underlying,fully_hedged_proxy,0.0,-0.0178585963961933
2015-09,gross_underlying,fully_hedged_proxy,0.0,0.0032505485986395
2015-10,gross_underlying,fully_hedged_proxy,0.0,0.0123606461180665
2015-11,gross_underlying,fully_hedged_proxy,0.0,-0.0078007157009267
2015-12,gross_underlying,fully_hedged_proxy,0.0,-0.0061688443530917
2016-01,gross_underlying,fully_hedged_proxy,0.0,0.000799530035433
2016-02,gross_underlying,fully_hedged_proxy,0.0,0.0185429627890481
2016-03,gross_underlying,fully_hedged_proxy,0.0,0.023766208168474
2016-04,gross_underlying,fully_hedged_proxy,0.0,0.0025992233928415
2016-05,gross_underlying,fully_hedged_proxy,0.0,-0.0040849428776692
2016-06,gross_underlying,fully_hedged_proxy,0.0,0.037690530164077
2016-07,gross_underlying,fully_hedged_proxy,0.0,0.013847688702403
2016-08,gross_underlying,fully_hedged_proxy,0.0,-0.0049232957909836
2016-09,gross_underlying,fully_hedged_proxy,0.0,0.0115903185494872
2016-10,gross_underlying,fully_hedged_proxy,0.0,-0.0197317045723477
2016-11,gross_underlying,fully_hedged_proxy,0.0,-0.0067497326650833
2016-12,gross_underlying,fully_hedged_proxy,0.0,0.0122115284490654
2017-01,gross_underlying,fully_hedged_proxy,0.0,0.0229428570880178
2017-02,gross_underlying,fully_hedged_proxy,0.0,0.01955192608392
2017-03,gross_underlying,fully_hedged_proxy,0.0,0.0144650421899436
2017-04,gross_underlying,fully_hedged_proxy,0.0,0.0121969961525346
2017-05,gross_underlying,fully_hedged_proxy,0.0,0.03054266264098
2017-06,gross_underlying,fully_hedged_proxy,0.0,-0.0053555969144582
2017-07,gross_underlying,fully_hedged_proxy,0.0,0.0215783421448817
2017-08,gross_underlying,fully_hedged_proxy,0.0,0.0105270814159641
2017-09,gross_underlying,fully_hedged_proxy,0.0,0.0027217901618899
2017-10,gross_underlying,fully_hedged_proxy,0.0,0.0186776431554129
2017-11,gross_underlying,fully_hedged_proxy,0.0,0.0085265605725088
2017-12,gross_underlying,fully_hedged_proxy,0.0,0.0140782941414723
2018-01,gross_underlying,fully_hedged_proxy,0.0,0.0557103738978717
2018-02,gross_underlying,fully_hedged_proxy,0.0,-0.0338772246467291
2018-03,gross_underlying,fully_hedged_proxy,0.0,-0.0032896870499719
2018-04,gross_underlying,fully_hedged_proxy,0.0,0.0029515420671099
2018-05,gross_underlying,fully_hedged_proxy,0.0,0.0080753781586109
2018-06,gross_underlying,fully_hedged_proxy,0.0,-4.683562421484502e-06
2018-07,gross_underlying,fully_hedged_proxy,0.0,0.0078382300951057
2018-08,gross_underlying,fully_hedged_proxy,0.0,0.0255485876761422
2018-09,gross_underlying,fully_hedged_proxy,0.0,-0.002988742932205
2018-10,gross_underlying,fully_hedged_proxy,0.0,-0.0272151450915929
2018-11,gross_underlying,fully_hedged_proxy,0.0,0.0020285060828769
2018-12,gross_underlying,fully_hedged_proxy,0.0,-0.0109536709220366
2019-01,gross_underlying,fully_hedged_proxy,0.0,0.019264205884484
2019-02,gross_underlying,fully_hedged_proxy,0.0,9.653668976817156e-05
2019-03,gross_underlying,fully_hedged_proxy,0.0,0.0201397570153699
2019-04,gross_underlying,fully_hedged_proxy,0.0,0.0209220572297599
2019-05,gross_underlying,fully_hedged_proxy,0.0,-0.035918434846902
2019-06,gross_underlying,fully_hedged_proxy,0.0,0.0387649754377735
2019-07,gross_underlying,fully_hedged_proxy,0.0,0.0088214778646825
2019-08,gross_underlying,fully_hedged_proxy,0.0,0.0384397882530951
2019-09,gross_underlying,fully_hedged_proxy,0.0,-0.0071756509183133
2019-10,gross_underlying,fully_hedged_proxy,0.0,0.0142133688713808
2019-11,gross_underlying,fully_hedged_proxy,0.0,0.0087156888215712
2019-12,gross_underlying,fully_hedged_proxy,0.0,0.0280233524207826
2020-01,gross_underlying,fully_hedged_proxy,0.0,0.0028243910400771
2020-02,gross_underlying,fully_hedged_proxy,0.0,-0.0120408690524058
2020-03,gross_underlying,fully_hedged_proxy,0.0,-0.0274445058324399
2020-04,gross_underlying,fully_hedged_proxy,0.0,0.0489025117869166
2020-05,gross_underlying,fully_hedged_proxy,0.0,0.0183800923867455
2020-06,gross_underlying,fully_hedged_proxy,0.0,0.0246838379693
2020-07,gross_underlying,fully_hedged_proxy,0.0,0.0620241854328931
2020-08,gross_underlying,fully_hedged_proxy,0.0,0.0431230021338955
2020-09,gross_underlying,fully_hedged_proxy,0.0,-0.0303628826458639
2020-10,gross_underlying,fully_hedged_proxy,0.0,-0.0161792669224302
2020-11,gross_underlying,fully_hedged_proxy,0.0,0.070900077639193
2020-12,gross_underlying,fully_hedged_proxy,0.0,0.0560045195590955
2021-01,gross_underlying,fully_hedged_proxy,0.0,0.0038731107146427
2021-02,gross_underlying,fully_hedged_proxy,0.0,0.0117760752092939
2021-03,gross_underlying,fully_hedged_proxy,0.0,0.0089436219629679
2021-04,gross_underlying,fully_hedged_proxy,0.0,0.0385783295001351
2021-05,gross_underlying,fully_hedged_proxy,0.0,0.0156220386229167
2021-06,gross_underlying,fully_hedged_proxy,0.0,0.0107083020529397
2021-07,gross_underlying,fully_hedged_proxy,0.0,0.0110326220835604
2021-08,gross_underlying,fully_hedged_proxy,0.0,0.0110764790030165
2021-09,gross_underlying,fully_hedged_proxy,0.0,-0.0390676638096302
2021-10,gross_underlying,fully_hedged_proxy,0.0,0.0445780606992582
2021-11,gross_underlying,fully_hedged_proxy,0.0,-0.017252717778214
2021-12,gross_underlying,fully_hedged_proxy,0.0,0.0247136626147347
2022-01,gross_underlying,fully_hedged_proxy,0.0,-0.0312574382467054
2022-02,gross_underlying,fully_hedged_proxy,0.0,0.0044160478913235
2022-03,gross_underlying,fully_hedged_proxy,0.0,0.0191842954300198
2022-04,gross_underlying,fully_hedged_proxy,0.0,-0.0209453627388989
2022-05,gross_underlying,fully_hedged_proxy,0.0,-0.0004266939673077
2022-06,gross_underlying,fully_hedged_proxy,0.0,-0.0198696176089486
2022-07,gross_underlying,fully_hedged_proxy,0.0,0.0103929094177653
2022-08,gross_underlying,fully_hedged_proxy,0.0,-0.0150127430297597
2022-09,gross_underlying,fully_hedged_proxy,0.0,-0.0221589078392502
2022-10,gross_underlying,fully_hedged_proxy,0.0,0.0055613669841273
2022-11,gross_underlying,fully_hedged_proxy,0.0,0.0197632630674681
2022-12,gross_underlying,fully_hedged_proxy,0.0,-0.0143161483834446
2023-01,gross_underlying,fully_hedged_proxy,0.0,0.0369139604985769
2023-02,gross_underlying,fully_hedged_proxy,0.0,-0.0274125074178938
2023-03,gross_underlying,fully_hedged_proxy,0.0,0.024573614499085
2023-04,gross_underlying,fully_hedged_proxy,0.0,0.0118473093041439
2023-05,gross_underlying,fully_hedged_proxy,0.0,0.0052662500704495
2023-06,gross_underlying,fully_hedged_proxy,0.0,0.0165909958599363
2023-07,gross_underlying,fully_hedged_proxy,0.0,0.0204724169673295
2023-08,gross_underlying,fully_hedged_proxy,0.0,-0.0131613896251591
2023-09,gross_underlying,fully_hedged_proxy,0.0,-0.0205237206088057
2023-10,gross_underlying,fully_hedged_proxy,0.0,-0.000507923169049
2023-11,gross_underlying,fully_hedged_proxy,0.0,0.0269306089995639
2023-12,gross_underlying,fully_hedged_proxy,0.0,0.0437670778357375
2024-01,gross_underlying,fully_hedged_proxy,0.0,-0.009940229031231
2024-02,gross_underlying,fully_hedged_proxy,0.0,0.0164301777074651
2024-03,gross_underlying,fully_hedged_proxy,0.0,0.0286521461607726
2024-04,gross_underlying,fully_hedged_proxy,0.0,-0.0289367385407061
2024-05,gross_underlying,fully_hedged_proxy,0.0,0.0202916765420776
2024-06,gross_underlying,fully_hedged_proxy,0.0,0.0273099933282527
2024-07,gross_underlying,fully_hedged_proxy,0.0,0.0070120497577133
2024-08,gross_underlying,fully_hedged_proxy,0.0,0.0185523179475657
2024-09,gross_underlying,fully_hedged_proxy,0.0,0.0283205282494705
2024-10,gross_underlying,fully_hedged_proxy,0.0,-0.0101161889281572
2024-11,gross_underlying,fully_hedged_proxy,0.0,0.0206561338826548
2024-12,gross_underlying,fully_hedged_proxy,0.0,-0.0209354219587578
2025-01,gross_underlying,fully_hedged_proxy,0.0,0.0178923117040335
2025-02,gross_underlying,fully_hedged_proxy,0.0,-0.0036600144294616
2025-03,gross_underlying,fully_hedged_proxy,0.0,-0.0133760054626845
2025-04,gross_underlying,fully_hedged_proxy,0.0,0.0010784967683104
2025-05,gross_underlying,fully_hedged_proxy,0.0,0.0117609037942927
2025-06,gross_underlying,fully_hedged_proxy,0.0,0.0427545341061897
2025-07,gross_underlying,fully_hedged_proxy,0.0,0.0013478215018012
2025-08,gross_underlying,fully_hedged_proxy,0.0,0.0212002064493521
2025-09,gross_underlying,fully_hedged_proxy,0.0,0.0644760576633464
2025-10,gross_underlying,fully_hedged_proxy,0.0,0.049239097906757
2025-11,gross_underlying,fully_hedged_proxy,0.0,-0.0019266987220097
2025-12,gross_underlying,fully_hedged_proxy,0.0,0.0197264505340819
2026-01,gross_underlying,fully_hedged_proxy,0.0,0.0774481124678062
2026-02,gross_underlying,fully_hedged_proxy,0.0,0.0605377923926954
2026-03,gross_underlying,fully_hedged_proxy,0.0,-0.0702804923229873
2026-04,gross_underlying,fully_hedged_proxy,0.0,0.0743481340324747
2026-05,gross_underlying,fully_hedged_proxy,0.0,0.0665047703427407
2026-06,gross_underlying,fully_hedged_proxy,0.0,-0.0215008524027455
2026-07,gross_underlying,fully_hedged_proxy,0.0,-0.0472723096515731
2008-06,gross_underlying,fixed_50_unhedged,0.5,0.006243905105193569
2008-07,gross_underlying,fixed_50_unhedged,0.5,-0.035940895181542774
2008-08,gross_underlying,fixed_50_unhedged,0.5,0.033530625312059484
2008-09,gross_underlying,fixed_50_unhedged,0.5,0.0017732396116707898
2008-10,gross_underlying,fixed_50_unhedged,0.5,0.0018832845251784587
2008-11,gross_underlying,fixed_50_unhedged,0.5,0.12292555873484164
2008-12,gross_underlying,fixed_50_unhedged,0.5,-0.03511763073963406
2009-01,gross_underlying,fixed_50_unhedged,0.5,0.014431236355569654
2009-02,gross_underlying,fixed_50_unhedged,0.5,0.04118135632740484
2009-03,gross_underlying,fixed_50_unhedged,0.5,-0.028286652561575573
2009-04,gross_underlying,fixed_50_unhedged,0.5,-0.027795377961565663
2009-05,gross_underlying,fixed_50_unhedged,0.5,0.03553091351463985
2009-06,gross_underlying,fixed_50_unhedged,0.5,-0.006649046211397843
2009-07,gross_underlying,fixed_50_unhedged,0.5,0.06187867019070909
2009-08,gross_underlying,fixed_50_unhedged,0.5,0.018667531674134947
2009-09,gross_underlying,fixed_50_unhedged,0.5,0.0340265014241693
2009-10,gross_underlying,fixed_50_unhedged,0.5,-0.02144084673928347
2009-11,gross_underlying,fixed_50_unhedged,0.5,0.05604964526426383
2009-12,gross_underlying,fixed_50_unhedged,0.5,0.015097523307809798
2010-01,gross_underlying,fixed_50_unhedged,0.5,-0.03793540124367018
2010-02,gross_underlying,fixed_50_unhedged,0.5,0.0232058339526922
2010-03,gross_underlying,fixed_50_unhedged,0.5,0.04458295797334051
2010-04,gross_underlying,fixed_50_unhedged,0.5,0.02097432341187489
2010-05,gross_underlying,fixed_50_unhedged,0.5,-0.01730838724365035
2010-06,gross_underlying,fixed_50_unhedged,0.5,0.005676454189822674
2010-07,gross_underlying,fixed_50_unhedged,0.5,0.0023796224589822373
2010-08,gross_underlying,fixed_50_unhedged,0.5,0.011156842627570208
2010-09,gross_underlying,fixed_50_unhedged,0.5,0.011177333185561165
2010-10,gross_underlying,fixed_50_unhedged,0.5,0.03018648391762851
2010-11,gross_underlying,fixed_50_unhedged,0.5,0.008748263554701038
2010-12,gross_underlying,fixed_50_unhedged,0.5,0.03057936377637478
2011-01,gross_underlying,fixed_50_unhedged,0.5,0.0018644367690578046
2011-02,gross_underlying,fixed_50_unhedged,0.5,0.02854201207923908
2011-03,gross_underlying,fixed_50_unhedged,0.5,-0.006848644121785232
2011-04,gross_underlying,fixed_50_unhedged,0.5,0.031130850584714032
2011-05,gross_underlying,fixed_50_unhedged,0.5,-0.01413522888301953
2011-06,gross_underlying,fixed_50_unhedged,0.5,-0.023590010744149216
2011-07,gross_underlying,fixed_50_unhedged,0.5,0.0055617553265398054
2011-08,gross_underlying,fixed_50_unhedged,0.5,0.013703527629079084
2011-09,gross_underlying,fixed_50_unhedged,0.5,0.017049160156633953
2011-10,gross_underlying,fixed_50_unhedged,0.5,0.00011792933381906193
2011-11,gross_underlying,fixed_50_unhedged,0.5,0.01174374878484379
2011-12,gross_underlying,fixed_50_unhedged,0.5,0.00021127161620773357
2012-01,gross_underlying,fixed_50_unhedged,0.5,0.0279045583391525
2012-02,gross_underlying,fixed_50_unhedged,0.5,0.01387476917734937
2012-03,gross_underlying,fixed_50_unhedged,0.5,0.021924012509939347
2012-04,gross_underlying,fixed_50_unhedged,0.5,-0.006181035401571396
2012-05,gross_underlying,fixed_50_unhedged,0.5,0.0020218955434640213
2012-06,gross_underlying,fixed_50_unhedged,0.5,0.00784373971323578
2012-07,gross_underlying,fixed_50_unhedged,0.5,0.002719580660279175
2012-08,gross_underlying,fixed_50_unhedged,0.5,0.014707173162346602
2012-09,gross_underlying,fixed_50_unhedged,0.5,-0.007089191899450608
2012-10,gross_underlying,fixed_50_unhedged,0.5,-0.029982720794384257
2012-11,gross_underlying,fixed_50_unhedged,0.5,0.005952784200686241
2012-12,gross_underlying,fixed_50_unhedged,0.5,0.0033670536001631068
2013-01,gross_underlying,fixed_50_unhedged,0.5,0.03891152225656352
2013-02,gross_underlying,fixed_50_unhedged,0.5,-0.006603806070600392
2013-03,gross_underlying,fixed_50_unhedged,0.5,0.015368831998829525
2013-04,gross_underlying,fixed_50_unhedged,0.5,0.023679407962902355
2013-05,gross_underlying,fixed_50_unhedged,0.5,-0.004603327348368557
2013-06,gross_underlying,fixed_50_unhedged,0.5,-0.02164385451188901
2013-07,gross_underlying,fixed_50_unhedged,0.5,0.021395292885603885
2013-08,gross_underlying,fixed_50_unhedged,0.5,-0.009841867808963414
2013-09,gross_underlying,fixed_50_unhedged,0.5,-0.005559902086593887
2013-10,gross_underlying,fixed_50_unhedged,0.5,0.01933539770275785
2013-11,gross_underlying,fixed_50_unhedged,0.5,0.009387605807102822
2013-12,gross_underlying,fixed_50_unhedged,0.5,0.005469189275120245
2014-01,gross_underlying,fixed_50_unhedged,0.5,-0.002969139933850307
2014-02,gross_underlying,fixed_50_unhedged,0.5,0.016632753957447767
2014-03,gross_underlying,fixed_50_unhedged,0.5,-0.01260761945410359
2014-04,gross_underlying,fixed_50_unhedged,0.5,-0.008867096805863044
2014-05,gross_underlying,fixed_50_unhedged,0.5,0.009724929074422602
2014-06,gross_underlying,fixed_50_unhedged,0.5,0.015278259322216534
2014-07,gross_underlying,fixed_50_unhedged,0.5,0.006940479701855979
2014-08,gross_underlying,fixed_50_unhedged,0.5,0.019685909860819795
2014-09,gross_underlying,fixed_50_unhedged,0.5,-0.01608948269484769
2014-10,gross_underlying,fixed_50_unhedged,0.5,0.014305866320609173
2014-11,gross_underlying,fixed_50_unhedged,0.5,0.04140657958004551
2014-12,gross_underlying,fixed_50_unhedged,0.5,0.002476740745544347
2015-01,gross_underlying,fixed_50_unhedged,0.5,0.029748042506241038
2015-02,gross_underlying,fixed_50_unhedged,0.5,-0.006150323433848184
2015-03,gross_underlying,fixed_50_unhedged,0.5,-0.004950206774205852
2015-04,gross_underlying,fixed_50_unhedged,0.5,-0.022553237160841483
2015-05,gross_underlying,fixed_50_unhedged,0.5,0.015801814215317157
2015-06,gross_underlying,fixed_50_unhedged,0.5,-0.018048480994174495
2015-07,gross_underlying,fixed_50_unhedged,0.5,0.02450394455926961
2015-08,gross_underlying,fixed_50_unhedged,0.5,-0.013588700437413418
2015-09,gross_underlying,fixed_50_unhedged,0.5,0.004478123390706694
2015-10,gross_underlying,fixed_50_unhedged,0.5,-0.006444092161212738
2015-11,gross_underlying,fixed_50_unhedged,0.5,-0.0012853566180137293
2015-12,gross_underlying,fixed_50_unhedged,0.5,0.002699493990756711
2016-01,gross_underlying,fixed_50_unhedged,0.5,0.013651824854909964
2016-02,gross_underlying,fixed_50_unhedged,0.5,0.033538556392628815
2016-03,gross_underlying,fixed_50_unhedged,0.5,-0.017613187330676558
2016-04,gross_underlying,fixed_50_unhedged,0.5,-0.0003889092256287134
2016-05,gross_underlying,fixed_50_unhedged,0.5,0.019513145942445933
2016-06,gross_underlying,fixed_50_unhedged,0.5,0.021750460105259453
2016-07,gross_underlying,fixed_50_unhedged,0.5,-0.0043377441087548395
2016-08,gross_underlying,fixed_50_unhedged,0.5,-0.0029106443738475232
2016-09,gross_underlying,fixed_50_unhedged,0.5,0.005771910096728494
2016-10,gross_underlying,fixed_50_unhedged,0.5,0.00032532592616876105
2016-11,gross_underlying,fixed_50_unhedged,0.5,0.002414482256314397
2016-12,gross_underlying,fixed_50_unhedged,0.5,0.028432279374645448
2017-01,gross_underlying,fixed_50_unhedged,0.5,0.007632078352198368
2017-02,gross_underlying,fixed_50_unhedged,0.5,0.004174184896498855
2017-03,gross_underlying,fixed_50_unhedged,0.5,0.0068964450217876005
2017-04,gross_underlying,fixed_50_unhedged,0.5,0.020633327998180982
2017-05,gross_underlying,fixed_50_unhedged,0.5,0.023001710490553696
2017-06,gross_underlying,fixed_50_unhedged,0.5,0.006697248827442544
2017-07,gross_underlying,fixed_50_unhedged,0.5,0.009362776455898702
2017-08,gross_underlying,fixed_50_unhedged,0.5,0.012699497708117713
2017-09,gross_underlying,fixed_50_unhedged,0.5,0.012717370825093614
2017-10,gross_underlying,fixed_50_unhedged,0.5,0.008681460363133678
2017-11,gross_underlying,fixed_50_unhedged,0.5,-0.01067979916176286
2017-12,gross_underlying,fixed_50_unhedged,0.5,0.008837377131829182
2018-01,gross_underlying,fixed_50_unhedged,0.5,0.057215749459189946
2018-02,gross_underlying,fixed_50_unhedged,0.5,-0.03079206363494405
2018-03,gross_underlying,fixed_50_unhedged,0.5,-0.011318669487842214
2018-04,gross_underlying,fixed_50_unhedged,0.5,0.00646940459825701
2018-05,gross_underlying,fixed_50_unhedged,0.5,0.013024086351578134
2018-06,gross_underlying,fixed_50_unhedged,0.5,0.0187878066545417
2018-07,gross_underlying,fixed_50_unhedged,0.5,0.004087601324375826
2018-08,gross_underlying,fixed_50_unhedged,0.5,0.027046984122948196
2018-09,gross_underlying,fixed_50_unhedged,0.5,-0.005866816515938083
2018-10,gross_underlying,fixed_50_unhedged,0.5,-0.014632237704621827
2018-11,gross_underlying,fixed_50_unhedged,0.5,-0.007078412215927234
2018-12,gross_underlying,fixed_50_unhedged,0.5,-0.011272413813174904
2019-01,gross_underlying,fixed_50_unhedged,0.5,0.015931464620373276
2019-02,gross_underlying,fixed_50_unhedged,0.5,0.0028470166074365277
2019-03,gross_underlying,fixed_50_unhedged,0.5,0.03002003426772906
2019-04,gross_underlying,fixed_50_unhedged,0.5,0.032849457082165676
2019-05,gross_underlying,fixed_50_unhedged,0.5,-0.025509014766306435
2019-06,gross_underlying,fixed_50_unhedged,0.5,0.024438435868145
2019-07,gross_underlying,fixed_50_unhedged,0.5,0.022226199212820118
2019-08,gross_underlying,fixed_50_unhedged,0.5,0.04756533012796081
2019-09,gross_underlying,fixed_50_unhedged,0.5,-0.010942469200279529
2019-10,gross_underlying,fixed_50_unhedged,0.5,-0.00030564952362150104
2019-11,gross_underlying,fixed_50_unhedged,0.5,0.014484385859467236
2019-12,gross_underlying,fixed_50_unhedged,0.5,0.019000915303718682
2020-01,gross_underlying,fixed_50_unhedged,0.5,0.016166772996318943
2020-02,gross_underlying,fixed_50_unhedged,0.5,-0.0019749977891083343
2020-03,gross_underlying,fixed_50_unhedged,0.5,-0.02529676995224492
2020-04,gross_underlying,fixed_50_unhedged,0.5,0.04730756496179854
2020-05,gross_underlying,fixed_50_unhedged,0.5,0.02573064225527847
2020-06,gross_underlying,fixed_50_unhedged,0.5,0.011326416303324725
2020-07,gross_underlying,fixed_50_unhedged,0.5,0.05811159154786359
2020-08,gross_underlying,fixed_50_unhedged,0.5,0.04201810191474174
2020-09,gross_underlying,fixed_50_unhedged,0.5,-0.039862886047847795
2020-10,gross_underlying,fixed_50_unhedged,0.5,-0.030660400416027793
2020-11,gross_underlying,fixed_50_unhedged,0.5,0.05895870410604307
2020-12,gross_underlying,fixed_50_unhedged,0.5,0.04744143203769281
2021-01,gross_underlying,fixed_50_unhedged,0.5,0.01582529836857877
2021-02,gross_underlying,fixed_50_unhedged,0.5,0.014887005600289098
2021-03,gross_underlying,fixed_50_unhedged,0.5,0.01258132303541213
2021-04,gross_underlying,fixed_50_unhedged,0.5,0.029101971542262756
2021-05,gross_underlying,fixed_50_unhedged,0.5,0.015782635623038516
2021-06,gross_underlying,fixed_50_unhedged,0.5,0.021034693343077275
2021-07,gross_underlying,fixed_50_unhedged,0.5,0.016635556064083526
2021-08,gross_underlying,fixed_50_unhedged,0.5,0.01828696275627753
2021-09,gross_underlying,fixed_50_unhedged,0.5,-0.028570026654096012
2021-10,gross_underlying,fixed_50_unhedged,0.5,0.037364012523702875
2021-11,gross_underlying,fixed_50_unhedged,0.5,-0.007415734095655536
2021-12,gross_underlying,fixed_50_unhedged,0.5,0.02434793138753892
2022-01,gross_underlying,fixed_50_unhedged,0.5,-0.024003431487318896
2022-02,gross_underlying,fixed_50_unhedged,0.5,0.00020780012114099715
2022-03,gross_underlying,fixed_50_unhedged,0.5,0.02637976373010583
2022-04,gross_underlying,fixed_50_unhedged,0.5,0.0023480113786972286
2022-05,gross_underlying,fixed_50_unhedged,0.5,-0.012427500532252023
2022-06,gross_underlying,fixed_50_unhedged,0.5,-0.0017271057634312866
2022-07,gross_underlying,fixed_50_unhedged,0.5,0.016109062203182437
2022-08,gross_underlying,fixed_50_unhedged,0.5,0.00010680515101815259
2022-09,gross_underlying,fixed_50_unhedged,0.5,0.009862475204547931
2022-10,gross_underlying,fixed_50_unhedged,0.5,0.002566127878523815
2022-11,gross_underlying,fixed_50_unhedged,0.5,-0.014768033369036768
2022-12,gross_underlying,fixed_50_unhedged,0.5,-0.03852744838890124
2023-01,gross_underlying,fixed_50_unhedged,0.5,0.025082411691597764
2023-02,gross_underlying,fixed_50_unhedged,0.5,0.006882742271892731
2023-03,gross_underlying,fixed_50_unhedged,0.5,0.01608311164423753
2023-04,gross_underlying,fixed_50_unhedged,0.5,0.027717681280752412
2023-05,gross_underlying,fixed_50_unhedged,0.5,-0.0005338021751922534
2023-06,gross_underlying,fixed_50_unhedged,0.5,0.017102450972164958
2023-07,gross_underlying,fixed_50_unhedged,0.5,0.0030644124207653903
2023-08,gross_underlying,fixed_50_unhedged,0.5,0.004873710499597901
2023-09,gross_underlying,fixed_50_unhedged,0.5,-0.011942669933724339
2023-10,gross_underlying,fixed_50_unhedged,0.5,-0.00042636402712269627
2023-11,gross_underlying,fixed_50_unhedged,0.5,0.004187728810860769
2023-12,gross_underlying,fixed_50_unhedged,0.5,0.039505671796372197
2024-01,gross_underlying,fixed_50_unhedged,0.5,0.008956951337717088
2024-02,gross_underlying,fixed_50_unhedged,0.5,0.019019871045673695
2024-03,gross_underlying,fixed_50_unhedged,0.5,0.033253938338782485
2024-04,gross_underlying,fixed_50_unhedged,0.5,-0.014446363304105144
2024-05,gross_underlying,fixed_50_unhedged,0.5,0.016668462769400295
2024-06,gross_underlying,fixed_50_unhedged,0.5,0.02905378261284115
2024-07,gross_underlying,fixed_50_unhedged,0.5,0.0024996886647821732
2024-08,gross_underlying,fixed_50_unhedged,0.5,0.005506923530671877
2024-09,gross_underlying,fixed_50_unhedged,0.5,0.021550573183887416
2024-10,gross_underlying,fixed_50_unhedged,0.5,0.013680213737649015
2024-11,gross_underlying,fixed_50_unhedged,0.5,0.026109019878641032
2024-12,gross_underlying,fixed_50_unhedged,0.5,0.005095891678231242
2025-01,gross_underlying,fixed_50_unhedged,0.5,0.008968184840014163
2025-02,gross_underlying,fixed_50_unhedged,0.5,-0.0008264964576209955
2025-03,gross_underlying,fixed_50_unhedged,0.5,-0.005856532405950702
2025-04,gross_underlying,fixed_50_unhedged,0.5,-0.015315276331955563
2025-05,gross_underlying,fixed_50_unhedged,0.5,-0.007191613159777914
2025-06,gross_underlying,fixed_50_unhedged,0.5,0.034418785347254746
2025-07,gross_underlying,fixed_50_unhedged,0.5,0.01731666821354747
2025-08,gross_underlying,fixed_50_unhedged,0.5,0.020220461636506225
2025-09,gross_underlying,fixed_50_unhedged,0.5,0.06996002814651475
2025-10,gross_underlying,fixed_50_unhedged,0.5,0.05704211770829972
2025-11,gross_underlying,fixed_50_unhedged,0.5,0.011172830906603471
2025-12,gross_underlying,fixed_50_unhedged,0.5,0.011531102250033816
2026-01,gross_underlying,fixed_50_unhedged,0.5,0.07401998542938884
2026-02,gross_underlying,fixed_50_unhedged,0.5,0.06185902450859276
2026-03,gross_underlying,fixed_50_unhedged,0.5,-0.04723417802341913
2026-04,gross_underlying,fixed_50_unhedged,0.5,0.06387144877162407
2026-05,gross_underlying,fixed_50_unhedged,0.5,0.07838165873240438
2026-06,gross_underlying,fixed_50_unhedged,0.5,-0.007938719252063317
2026-07,gross_underlying,fixed_50_unhedged,0.5,-0.08664913212433942
2008-06,gross_underlying,fully_unhedged,1.0,0.014438954386121639
2008-07,gross_underlying,fully_unhedged,1.0,-0.05248743791009225
2008-08,gross_underlying,fully_unhedged,1.0,0.08470878618205346
2008-09,gross_underlying,fully_unhedged,1.0,0.03387381519880628
2008-10,gross_underlying,fully_unhedged,1.0,0.04201354863431872
2008-11,gross_underlying,fully_unhedged,1.0,0.19570742423422227
2008-12,gross_underlying,fully_unhedged,1.0,-0.11547408377604862
2009-01,gross_underlying,fully_unhedged,1.0,0.0666767990545094
2009-02,gross_underlying,fully_unhedged,1.0,0.09604448445161418
2009-03,gross_underlying,fully_unhedged,1.0,-0.07959482696948494
2009-04,gross_underlying,fully_unhedged,1.0,-0.06905384211919052
2009-05,gross_underlying,fully_unhedged,1.0,0.029270465010910796
2009-06,gross_underlying,fully_unhedged,1.0,-0.0017443811007152865
2009-07,gross_underlying,fully_unhedged,1.0,0.045298813348478184
2009-08,gross_underlying,fully_unhedged,1.0,0.028932129083830693
2009-09,gross_underlying,fully_unhedged,1.0,-0.003717344612728102
2009-10,gross_underlying,fully_unhedged,1.0,-0.010844228968933445
2009-11,gross_underlying,fully_unhedged,1.0,0.04484140084877386
2009-12,gross_underlying,fully_unhedged,1.0,0.010925949714733596
2010-01,gross_underlying,fully_unhedged,1.0,-0.03497751990304476
2010-02,gross_underlying,fully_unhedged,1.0,0.024617428040011102
2010-03,gross_underlying,fully_unhedged,1.0,0.027581486605111616
2010-04,gross_underlying,fully_unhedged,1.0,0.013518650782851083
2010-05,gross_underlying,fully_unhedged,1.0,0.02941000479502409
2010-06,gross_underlying,fully_unhedged,1.0,0.007571149136940347
2010-07,gross_underlying,fully_unhedged,1.0,-0.013860326888336827
2010-08,gross_underlying,fully_unhedged,1.0,0.017731886207624115
2010-09,gross_underlying,fully_unhedged,1.0,-0.01582433244923287
2010-10,gross_underlying,fully_unhedged,1.0,0.028007765322772826
2010-11,gross_underlying,fully_unhedged,1.0,0.022195885715901476
2010-12,gross_underlying,fully_unhedged,1.0,0.014423813925004358
2011-01,gross_underlying,fully_unhedged,1.0,-0.002465274132032791
2011-02,gross_underlying,fully_unhedged,1.0,0.03298701421574646
2011-03,gross_underlying,fully_unhedged,1.0,-0.019294831961450765
2011-04,gross_underlying,fully_unhedged,1.0,0.016672235657867462
2011-05,gross_underlying,fully_unhedged,1.0,-0.012018267944207461
2011-06,gross_underlying,fully_unhedged,1.0,-0.02609795209680843
2011-07,gross_underlying,fully_unhedged,1.0,-0.00040567738361418915
2011-08,gross_underlying,fully_unhedged,1.0,0.01872162510211517
2011-09,gross_underlying,fully_unhedged,1.0,0.0674753303397082
2011-10,gross_underlying,fully_unhedged,1.0,-0.031889352052138276
2011-11,gross_underlying,fully_unhedged,1.0,0.02810802570121118
2011-12,gross_underlying,fully_unhedged,1.0,0.006790164895090767
2012-01,gross_underlying,fully_unhedged,1.0,0.0145211726938963
2012-02,gross_underlying,fully_unhedged,1.0,0.013379174132425842
2012-03,gross_underlying,fully_unhedged,1.0,0.027976256328868798
2012-04,gross_underlying,fully_unhedged,1.0,-0.010126501074877892
2012-05,gross_underlying,fully_unhedged,1.0,0.023729475602897843
2012-06,gross_underlying,fully_unhedged,1.0,-0.0016044015204217388
2012-07,gross_underlying,fully_unhedged,1.0,-0.00942793013061205
2012-08,gross_underlying,fully_unhedged,1.0,0.016590390387725806
2012-09,gross_underlying,fully_unhedged,1.0,-0.022160925092251316
2012-10,gross_underlying,fully_unhedged,1.0,-0.03414622202556361
2012-11,gross_underlying,fully_unhedged,1.0,0.0021556536464952814
2012-12,gross_underlying,fully_unhedged,1.0,-0.017455581705533185
2013-01,gross_underlying,fully_unhedged,1.0,0.06205282940553314
2013-02,gross_underlying,fully_unhedged,1.0,-0.007290707032825083
2013-03,gross_underlying,fully_unhedged,1.0,0.01821796260113695
2013-04,gross_underlying,fully_unhedged,1.0,0.028679325763145913
2013-05,gross_underlying,fully_unhedged,1.0,0.0074130957886033855
2013-06,gross_underlying,fully_unhedged,1.0,-0.024122886411416022
2013-07,gross_underlying,fully_unhedged,1.0,0.021668333445511667
2013-08,gross_underlying,fully_unhedged,1.0,-0.014628259541547228
2013-09,gross_underlying,fully_unhedged,1.0,-0.023036516570156373
2013-10,gross_underlying,fully_unhedged,1.0,0.012114161929929201
2013-11,gross_underlying,fully_unhedged,1.0,0.010292983308211046
2013-12,gross_underlying,fully_unhedged,1.0,0.0027111266627017905
2014-01,gross_underlying,fully_unhedged,1.0,0.008713354610949686
2014-02,gross_underlying,fully_unhedged,1.0,0.011615804947908037
2014-03,gross_underlying,fully_unhedged,1.0,-0.01548007848522348
2014-04,gross_underlying,fully_unhedged,1.0,-0.02310790822449249
2014-05,gross_underlying,fully_unhedged,1.0,0.002901309496015303
2014-06,gross_underlying,fully_unhedged,1.0,0.011506382024992767
2014-07,gross_underlying,fully_unhedged,1.0,0.01748103801746126
2014-08,gross_underlying,fully_unhedged,1.0,0.01032128042997349
2014-09,gross_underlying,fully_unhedged,1.0,0.003089062354682426
2014-10,gross_underlying,fully_unhedged,1.0,0.014257754245939447
2014-11,gross_underlying,fully_unhedged,1.0,0.06331918176551832
2014-12,gross_underlying,fully_unhedged,1.0,0.0007408046587495942
2015-01,gross_underlying,fully_unhedged,1.0,0.03139068321922478
2015-02,gross_underlying,fully_unhedged,1.0,-0.005305349888400368
2015-03,gross_underlying,fully_unhedged,1.0,-0.002052213734687003
2015-04,gross_underlying,fully_unhedged,1.0,-0.03690475705632057
2015-05,gross_underlying,fully_unhedged,1.0,0.03269405075662801
2015-06,gross_underlying,fully_unhedged,1.0,-0.01534356823883709
2015-07,gross_underlying,fully_unhedged,1.0,0.04832647584154892
2015-08,gross_underlying,fully_unhedged,1.0,-0.009318804478633536
2015-09,gross_underlying,fully_unhedged,1.0,0.005705698182773888
2015-10,gross_underlying,fully_unhedged,1.0,-0.025248830440491976
2015-11,gross_underlying,fully_unhedged,1.0,0.005230002464899242
2015-12,gross_underlying,fully_unhedged,1.0,0.011567832334605122
2016-01,gross_underlying,fully_unhedged,1.0,0.026504119674386928
2016-02,gross_underlying,fully_unhedged,1.0,0.04853414999620953
2016-03,gross_underlying,fully_unhedged,1.0,-0.05899258282982711
2016-04,gross_underlying,fully_unhedged,1.0,-0.003377041844098927
2016-05,gross_underlying,fully_unhedged,1.0,0.04311123476256107
2016-06,gross_underlying,fully_unhedged,1.0,0.0058103900464419045
2016-07,gross_underlying,fully_unhedged,1.0,-0.02252317691991268
2016-08,gross_underlying,fully_unhedged,1.0,-0.0008979929567114464
2016-09,gross_underlying,fully_unhedged,1.0,-4.649835603021124e-05
2016-10,gross_underlying,fully_unhedged,1.0,0.020382356424685222
2016-11,gross_underlying,fully_unhedged,1.0,0.011578697177712094
2016-12,gross_underlying,fully_unhedged,1.0,0.044653030300225494
2017-01,gross_underlying,fully_unhedged,1.0,-0.007678700383621062
2017-02,gross_underlying,fully_unhedged,1.0,-0.01120355629092229
2017-03,gross_underlying,fully_unhedged,1.0,-0.0006721521463683988
2017-04,gross_underlying,fully_unhedged,1.0,0.029069659843827367
2017-05,gross_underlying,fully_unhedged,1.0,0.01546075834012739
2017-06,gross_underlying,fully_unhedged,1.0,0.01875009456934329
2017-07,gross_underlying,fully_unhedged,1.0,-0.0028527892330842963
2017-08,gross_underlying,fully_unhedged,1.0,0.014871914000271325
2017-09,gross_underlying,fully_unhedged,1.0,0.022712951488297328
2017-10,gross_underlying,fully_unhedged,1.0,-0.0013147224291455428
2017-11,gross_underlying,fully_unhedged,1.0,-0.02988615889603452
2017-12,gross_underlying,fully_unhedged,1.0,0.0035964601221860626
2018-01,gross_underlying,fully_unhedged,1.0,0.05872112502050819
2018-02,gross_underlying,fully_unhedged,1.0,-0.027706902623159002
2018-03,gross_underlying,fully_unhedged,1.0,-0.019347651925712528
2018-04,gross_underlying,fully_unhedged,1.0,0.00998726712940412
2018-05,gross_underlying,fully_unhedged,1.0,0.017972794544545367
2018-06,gross_underlying,fully_unhedged,1.0,0.03758029687150488
2018-07,gross_underlying,fully_unhedged,1.0,0.00033697255364595335
2018-08,gross_underlying,fully_unhedged,1.0,0.028545380569754197
2018-09,gross_underlying,fully_unhedged,1.0,-0.008744890099671165
2018-10,gross_underlying,fully_unhedged,1.0,-0.002049330317650755
2018-11,gross_underlying,fully_unhedged,1.0,-0.016185330514731366
2018-12,gross_underlying,fully_unhedged,1.0,-0.01159115670431321
2019-01,gross_underlying,fully_unhedged,1.0,0.012598723356262553
2019-02,gross_underlying,fully_unhedged,1.0,0.005597496525104884
2019-03,gross_underlying,fully_unhedged,1.0,0.039900311520088216
2019-04,gross_underlying,fully_unhedged,1.0,0.04477685693457145
2019-05,gross_underlying,fully_unhedged,1.0,-0.015099594685710871
2019-06,gross_underlying,fully_unhedged,1.0,0.010111896298516498
2019-07,gross_underlying,fully_unhedged,1.0,0.035630920560957735
2019-08,gross_underlying,fully_unhedged,1.0,0.05669087200282652
2019-09,gross_underlying,fully_unhedged,1.0,-0.014709287482245759
2019-10,gross_underlying,fully_unhedged,1.0,-0.014824667918623802
2019-11,gross_underlying,fully_unhedged,1.0,0.020253082897363273
2019-12,gross_underlying,fully_unhedged,1.0,0.00997847818665476
2020-01,gross_underlying,fully_unhedged,1.0,0.02950915495256079
2020-02,gross_underlying,fully_unhedged,1.0,0.00809087347418913
2020-03,gross_underlying,fully_unhedged,1.0,-0.023149034072049934
2020-04,gross_underlying,fully_unhedged,1.0,0.04571261813668048
2020-05,gross_underlying,fully_unhedged,1.0,0.03308119212381144
2020-06,gross_underlying,fully_unhedged,1.0,-0.002031005362650551
2020-07,gross_underlying,fully_unhedged,1.0,0.05419899766283409
2020-08,gross_underlying,fully_unhedged,1.0,0.040913201695587986
2020-09,gross_underlying,fully_unhedged,1.0,-0.04936288944983169
2020-10,gross_underlying,fully_unhedged,1.0,-0.045141533909625386
2020-11,gross_underlying,fully_unhedged,1.0,0.047017330572893146
2020-12,gross_underlying,fully_unhedged,1.0,0.03887834451629013
2021-01,gross_underlying,fully_unhedged,1.0,0.02777748602251484
2021-02,gross_underlying,fully_unhedged,1.0,0.017997935991284297
2021-03,gross_underlying,fully_unhedged,1.0,0.01621902410785636
2021-04,gross_underlying,fully_unhedged,1.0,0.01962561358439041
2021-05,gross_underlying,fully_unhedged,1.0,0.01594323262316033
2021-06,gross_underlying,fully_unhedged,1.0,0.03136108463321485
2021-07,gross_underlying,fully_unhedged,1.0,0.02223849004460665
2021-08,gross_underlying,fully_unhedged,1.0,0.025497446509538557
2021-09,gross_underlying,fully_unhedged,1.0,-0.018072389498561825
2021-10,gross_underlying,fully_unhedged,1.0,0.03014996434814754
2021-11,gross_underlying,fully_unhedged,1.0,0.0024212495869029294
2021-12,gross_underlying,fully_unhedged,1.0,0.023982200160343137
2022-01,gross_underlying,fully_unhedged,1.0,-0.016749424727932394
2022-02,gross_underlying,fully_unhedged,1.0,-0.004000447649041505
2022-03,gross_underlying,fully_unhedged,1.0,0.03357523203019186
2022-04,gross_underlying,fully_unhedged,1.0,0.025641385496293356
2022-05,gross_underlying,fully_unhedged,1.0,-0.024428307097196345
2022-06,gross_underlying,fully_unhedged,1.0,0.016415406082086026
2022-07,gross_underlying,fully_unhedged,1.0,0.021825214988599573
2022-08,gross_underlying,fully_unhedged,1.0,0.015226353331796005
2022-09,gross_underlying,fully_unhedged,1.0,0.04188385824834606
2022-10,gross_underlying,fully_unhedged,1.0,-0.0004291112270796704
2022-11,gross_underlying,fully_unhedged,1.0,-0.049299329805541636
2022-12,gross_underlying,fully_unhedged,1.0,-0.06273874839435789
2023-01,gross_underlying,fully_unhedged,1.0,0.01325086288461863
2023-02,gross_underlying,fully_unhedged,1.0,0.04117799196167926
2023-03,gross_underlying,fully_unhedged,1.0,0.007592608789390054
2023-04,gross_underlying,fully_unhedged,1.0,0.043588053257360926
2023-05,gross_underlying,fully_unhedged,1.0,-0.006333854420834006
2023-06,gross_underlying,fully_unhedged,1.0,0.017613906084393616
2023-07,gross_underlying,fully_unhedged,1.0,-0.014343592125798721
2023-08,gross_underlying,fully_unhedged,1.0,0.022908810624354903
2023-09,gross_underlying,fully_unhedged,1.0,-0.0033616192586429783
2023-10,gross_underlying,fully_unhedged,1.0,-0.0003448048851963925
2023-11,gross_underlying,fully_unhedged,1.0,-0.01855515137784236
2023-12,gross_underlying,fully_unhedged,1.0,0.0352442657570069
2024-01,gross_underlying,fully_unhedged,1.0,0.027854131706665175
2024-02,gross_underlying,fully_unhedged,1.0,0.021609564383882285
2024-03,gross_underlying,fully_unhedged,1.0,0.03785573051679236
2024-04,gross_underlying,fully_unhedged,1.0,4.4011932495813255e-05
2024-05,gross_underlying,fully_unhedged,1.0,0.013045248996722991
2024-06,gross_underlying,fully_unhedged,1.0,0.0307975718974296
2024-07,gross_underlying,fully_unhedged,1.0,-0.002012672428148954
2024-08,gross_underlying,fully_unhedged,1.0,-0.0075384708862219485
2024-09,gross_underlying,fully_unhedged,1.0,0.014780618118304334
2024-10,gross_underlying,fully_unhedged,1.0,0.03747661640345523
2024-11,gross_underlying,fully_unhedged,1.0,0.03156190587462726
2024-12,gross_underlying,fully_unhedged,1.0,0.031127205315220285
2025-01,gross_underlying,fully_unhedged,1.0,4.405797599482675e-05
2025-02,gross_underlying,fully_unhedged,1.0,0.002007021514219609
2025-03,gross_underlying,fully_unhedged,1.0,0.0016629406507830957
2025-04,gross_underlying,fully_unhedged,1.0,-0.031709049432221525
2025-05,gross_underlying,fully_unhedged,1.0,-0.02614413011384853
2025-06,gross_underlying,fully_unhedged,1.0,0.026083036588319786
2025-07,gross_underlying,fully_unhedged,1.0,0.03328551492529375
2025-08,gross_underlying,fully_unhedged,1.0,0.019240716823660353
2025-09,gross_underlying,fully_unhedged,1.0,0.0754439986296831
2025-10,gross_underlying,fully_unhedged,1.0,0.06484513750984244
2025-11,gross_underlying,fully_unhedged,1.0,0.02427236053521664
2025-12,gross_underlying,fully_unhedged,1.0,0.0033357539659857327
2026-01,gross_underlying,fully_unhedged,1.0,0.07059185839097148
2026-02,gross_underlying,fully_unhedged,1.0,0.06318025662449012
2026-03,gross_underlying,fully_unhedged,1.0,-0.024187863723850955
2026-04,gross_underlying,fully_unhedged,1.0,0.053394763510773435
2026-05,gross_underlying,fully_unhedged,1.0,0.09025854712206804
2026-06,gross_underlying,fully_unhedged,1.0,0.0056234138986188675
2026-07,gross_underlying,fully_unhedged,1.0,-0.12602595459710575
2008-06,gross_underlying,legacy_dynamic_90_50_10,0.5,0.006243905105193569
2008-07,gross_underlying,legacy_dynamic_90_50_10,0.5,-0.035940895181542774
2008-08,gross_underlying,legacy_dynamic_90_50_10,0.5,0.033530625312059484
2008-09,gross_underlying,legacy_dynamic_90_50_10,0.5,0.0017732396116707898
2008-10,gross_underlying,legacy_dynamic_90_50_10,0.5,0.0018832845251784587
2008-11,gross_underlying,legacy_dynamic_90_50_10,0.5,0.12292555873484164
2008-12,gross_underlying,legacy_dynamic_90_50_10,0.5,-0.03511763073963406
2009-01,gross_underlying,legacy_dynamic_90_50_10,0.5,0.014431236355569654
2009-02,gross_underlying,legacy_dynamic_90_50_10,0.1,-0.0027091461719626325
2009-03,gross_underlying,legacy_dynamic_90_50_10,0.1,0.012759886964751927
2009-04,gross_underlying,legacy_dynamic_90_50_10,0.1,0.005211393364534227
2009-05,gross_underlying,legacy_dynamic_90_50_10,0.5,0.03553091351463985
2009-06,gross_underlying,legacy_dynamic_90_50_10,0.5,-0.006649046211397843
2009-07,gross_underlying,legacy_dynamic_90_50_10,0.5,0.06187867019070909
2009-08,gross_underlying,legacy_dynamic_90_50_10,0.5,0.018667531674134947
2009-09,gross_underlying,legacy_dynamic_90_50_10,0.5,0.0340265014241693
2009-10,gross_underlying,legacy_dynamic_90_50_10,0.5,-0.02144084673928347
2009-11,gross_underlying,legacy_dynamic_90_50_10,0.5,0.05604964526426383
2009-12,gross_underlying,legacy_dynamic_90_50_10,0.5,0.015097523307809798
2010-01,gross_underlying,legacy_dynamic_90_50_10,0.5,-0.03793540124367018
2010-02,gross_underlying,legacy_dynamic_90_50_10,0.5,0.0232058339526922
2010-03,gross_underlying,legacy_dynamic_90_50_10,0.5,0.04458295797334051
2010-04,gross_underlying,legacy_dynamic_90_50_10,0.5,0.02097432341187489
2010-05,gross_underlying,legacy_dynamic_90_50_10,0.5,-0.01730838724365035
2010-06,gross_underlying,legacy_dynamic_90_50_10,0.5,0.005676454189822674
2010-07,gross_underlying,legacy_dynamic_90_50_10,0.5,0.0023796224589822373
2010-08,gross_underlying,legacy_dynamic_90_50_10,0.5,0.011156842627570208
2010-09,gross_underlying,legacy_dynamic_90_50_10,0.5,0.011177333185561165
2010-10,gross_underlying,legacy_dynamic_90_50_10,0.5,0.03018648391762851
2010-11,gross_underlying,legacy_dynamic_90_50_10,0.5,0.008748263554701038
2010-12,gross_underlying,legacy_dynamic_90_50_10,0.5,0.03057936377637478
2011-01,gross_underlying,legacy_dynamic_90_50_10,0.5,0.0018644367690578046
2011-02,gross_underlying,legacy_dynamic_90_50_10,0.5,0.02854201207923908
2011-03,gross_underlying,legacy_dynamic_90_50_10,0.5,-0.006848644121785232
2011-04,gross_underlying,legacy_dynamic_90_50_10,0.5,0.031130850584714032
2011-05,gross_underlying,legacy_dynamic_90_50_10,0.5,-0.01413522888301953
2011-06,gross_underlying,legacy_dynamic_90_50_10,0.5,-0.023590010744149216
2011-07,gross_underlying,legacy_dynamic_90_50_10,0.5,0.0055617553265398054
2011-08,gross_underlying,legacy_dynamic_90_50_10,0.5,0.013703527629079084
2011-09,gross_underlying,legacy_dynamic_90_50_10,0.5,0.017049160156633953
2011-10,gross_underlying,legacy_dynamic_90_50_10,0.5,0.00011792933381906193
2011-11,gross_underlying,legacy_dynamic_90_50_10,0.5,0.01174374878484379
2011-12,gross_underlying,legacy_dynamic_90_50_10,0.5,0.00021127161620773357
2012-01,gross_underlying,legacy_dynamic_90_50_10,0.5,0.0279045583391525
2012-02,gross_underlying,legacy_dynamic_90_50_10,0.5,0.01387476917734937
2012-03,gross_underlying,legacy_dynamic_90_50_10,0.5,0.021924012509939347
2012-04,gross_underlying,legacy_dynamic_90_50_10,0.5,-0.006181035401571396
2012-05,gross_underlying,legacy_dynamic_90_50_10,0.5,0.0020218955434640213
2012-06,gross_underlying,legacy_dynamic_90_50_10,0.5,0.00784373971323578
2012-07,gross_underlying,legacy_dynamic_90_50_10,0.5,0.002719580660279175
2012-08,gross_underlying,legacy_dynamic_90_50_10,0.5,0.014707173162346602
2012-09,gross_underlying,legacy_dynamic_90_50_10,0.5,-0.007089191899450608
2012-10,gross_underlying,legacy_dynamic_90_50_10,0.5,-0.029982720794384257
2012-11,gross_underlying,legacy_dynamic_90_50_10,0.5,0.005952784200686241
2012-12,gross_underlying,legacy_dynamic_90_50_10,0.9,-0.013291054644393927
2013-01,gross_underlying,legacy_dynamic_90_50_10,0.9,0.057424567975739214
2013-02,gross_underlying,legacy_dynamic_90_50_10,0.9,-0.0071533268403801455
2013-03,gross_underlying,legacy_dynamic_90_50_10,0.9,0.017648136480675466
2013-04,gross_underlying,legacy_dynamic_90_50_10,0.9,0.0276793422030972
2013-05,gross_underlying,legacy_dynamic_90_50_10,0.9,0.005009811161208998
2013-06,gross_underlying,legacy_dynamic_90_50_10,0.5,-0.02164385451188901
2013-07,gross_underlying,legacy_dynamic_90_50_10,0.5,0.021395292885603885
2013-08,gross_underlying,legacy_dynamic_90_50_10,0.5,-0.009841867808963414
2013-09,gross_underlying,legacy_dynamic_90_50_10,0.9,-0.019541193673443875
2013-10,gross_underlying,legacy_dynamic_90_50_10,0.9,0.01355840908449493
2013-11,gross_underlying,legacy_dynamic_90_50_10,0.9,0.010111907807989401
2013-12,gross_underlying,legacy_dynamic_90_50_10,0.9,0.0032627391851854813
2014-01,gross_underlying,legacy_dynamic_90_50_10,0.9,0.006376855701989688
2014-02,gross_underlying,legacy_dynamic_90_50_10,0.9,0.012619194749815984
2014-03,gross_underlying,legacy_dynamic_90_50_10,0.9,-0.014905586678999503
2014-04,gross_underlying,legacy_dynamic_90_50_10,0.9,-0.020259745940766603
2014-05,gross_underlying,legacy_dynamic_90_50_10,0.9,0.004266033411696762
2014-06,gross_underlying,legacy_dynamic_90_50_10,0.9,0.01226075748443752
2014-07,gross_underlying,legacy_dynamic_90_50_10,0.9,0.015372926354340203
2014-08,gross_underlying,legacy_dynamic_90_50_10,0.9,0.01219420631614275
2014-09,gross_underlying,legacy_dynamic_90_50_10,0.9,-0.000746646655223596
2014-10,gross_underlying,legacy_dynamic_90_50_10,0.9,0.014267376660873392
2014-11,gross_underlying,legacy_dynamic_90_50_10,0.9,0.05893666132842376
2014-12,gross_underlying,legacy_dynamic_90_50_10,0.5,0.002476740745544347
2015-01,gross_underlying,legacy_dynamic_90_50_10,0.5,0.029748042506241038
2015-02,gross_underlying,legacy_dynamic_90_50_10,0.5,-0.006150323433848184
2015-03,gross_underlying,legacy_dynamic_90_50_10,0.5,-0.004950206774205852
2015-04,gross_underlying,legacy_dynamic_90_50_10,0.5,-0.022553237160841483
2015-05,gross_underlying,legacy_dynamic_90_50_10,0.9,0.02931560344836584
2015-06,gross_underlying,legacy_dynamic_90_50_10,0.5,-0.018048480994174495
2015-07,gross_underlying,legacy_dynamic_90_50_10,0.5,0.02450394455926961
2015-08,gross_underlying,legacy_dynamic_90_50_10,0.5,-0.013588700437413418
2015-09,gross_underlying,legacy_dynamic_90_50_10,0.1,0.003496063557052939
2015-10,gross_underlying,legacy_dynamic_90_50_10,0.1,0.008599698462210655
2015-11,gross_underlying,legacy_dynamic_90_50_10,0.5,-0.0012853566180137293
2015-12,gross_underlying,legacy_dynamic_90_50_10,0.5,0.002699493990756711
2016-01,gross_underlying,legacy_dynamic_90_50_10,0.5,0.013651824854909964
2016-02,gross_underlying,legacy_dynamic_90_50_10,0.1,0.021542081509764242
2016-03,gross_underlying,legacy_dynamic_90_50_10,0.1,0.01549032906864389
2016-04,gross_underlying,legacy_dynamic_90_50_10,0.5,-0.0003889092256287134
2016-05,gross_underlying,legacy_dynamic_90_50_10,0.5,0.019513145942445933
2016-06,gross_underlying,legacy_dynamic_90_50_10,0.5,0.021750460105259453
2016-07,gross_underlying,legacy_dynamic_90_50_10,0.5,-0.0043377441087548395
2016-08,gross_underlying,legacy_dynamic_90_50_10,0.5,-0.0029106443738475232
2016-09,gross_underlying,legacy_dynamic_90_50_10,0.5,0.005771910096728494
2016-10,gross_underlying,legacy_dynamic_90_50_10,0.5,0.00032532592616876105
2016-11,gross_underlying,legacy_dynamic_90_50_10,0.5,0.002414482256314397
2016-12,gross_underlying,legacy_dynamic_90_50_10,0.5,0.028432279374645448
2017-01,gross_underlying,legacy_dynamic_90_50_10,0.5,0.007632078352198368
2017-02,gross_underlying,legacy_dynamic_90_50_10,0.5,0.004174184896498855
2017-03,gross_underlying,legacy_dynamic_90_50_10,0.5,0.0068964450217876005
2017-04,gross_underlying,legacy_dynamic_90_50_10,0.5,0.020633327998180982
2017-05,gross_underlying,legacy_dynamic_90_50_10,0.5,0.023001710490553696
2017-06,gross_underlying,legacy_dynamic_90_50_10,0.5,0.006697248827442544
2017-07,gross_underlying,legacy_dynamic_90_50_10,0.5,0.009362776455898702
2017-08,gross_underlying,legacy_dynamic_90_50_10,0.5,0.012699497708117713
2017-09,gross_underlying,legacy_dynamic_90_50_10,0.5,0.012717370825093614
2017-10,gross_underlying,legacy_dynamic_90_50_10,0.5,0.008681460363133678
2017-11,gross_underlying,legacy_dynamic_90_50_10,0.5,-0.01067979916176286
2017-12,gross_underlying,legacy_dynamic_90_50_10,0.9,0.004644643524114686
2018-01,gross_underlying,legacy_dynamic_90_50_10,0.9,0.058420049908244544
2018-02,gross_underlying,legacy_dynamic_90_50_10,0.9,-0.02832393482551601
2018-03,gross_underlying,legacy_dynamic_90_50_10,0.9,-0.017741855438138467
2018-04,gross_underlying,legacy_dynamic_90_50_10,0.9,0.009283694623174698
2018-05,gross_underlying,legacy_dynamic_90_50_10,0.9,0.016983052905951923
2018-06,gross_underlying,legacy_dynamic_90_50_10,0.9,0.033821798828112246
2018-07,gross_underlying,legacy_dynamic_90_50_10,0.5,0.004087601324375826
2018-08,gross_underlying,legacy_dynamic_90_50_10,0.5,0.027046984122948196
2018-09,gross_underlying,legacy_dynamic_90_50_10,0.5,-0.005866816515938083
2018-10,gross_underlying,legacy_dynamic_90_50_10,0.5,-0.014632237704621827
2018-11,gross_underlying,legacy_dynamic_90_50_10,0.5,-0.007078412215927234
2018-12,gross_underlying,legacy_dynamic_90_50_10,0.5,-0.011272413813174904
2019-01,gross_underlying,legacy_dynamic_90_50_10,0.5,0.015931464620373276
2019-02,gross_underlying,legacy_dynamic_90_50_10,0.5,0.0028470166074365277
2019-03,gross_underlying,legacy_dynamic_90_50_10,0.5,0.03002003426772906
2019-04,gross_underlying,legacy_dynamic_90_50_10,0.5,0.032849457082165676
2019-05,gross_underlying,legacy_dynamic_90_50_10,0.5,-0.025509014766306435
2019-06,gross_underlying,legacy_dynamic_90_50_10,0.5,0.024438435868145
2019-07,gross_underlying,legacy_dynamic_90_50_10,0.5,0.022226199212820118
2019-08,gross_underlying,legacy_dynamic_90_50_10,0.5,0.04756533012796081
2019-09,gross_underlying,legacy_dynamic_90_50_10,0.5,-0.010942469200279529
2019-10,gross_underlying,legacy_dynamic_90_50_10,0.5,-0.00030564952362150104
2019-11,gross_underlying,legacy_dynamic_90_50_10,0.5,0.014484385859467236
2019-12,gross_underlying,legacy_dynamic_90_50_10,0.5,0.019000915303718682
2020-01,gross_underlying,legacy_dynamic_90_50_10,0.5,0.016166772996318943
2020-02,gross_underlying,legacy_dynamic_90_50_10,0.5,-0.0019749977891083343
2020-03,gross_underlying,legacy_dynamic_90_50_10,0.5,-0.02529676995224492
2020-04,gross_underlying,legacy_dynamic_90_50_10,0.5,0.04730756496179854
2020-05,gross_underlying,legacy_dynamic_90_50_10,0.5,0.02573064225527847
2020-06,gross_underlying,legacy_dynamic_90_50_10,0.1,0.02201235363610495
2020-07,gross_underlying,legacy_dynamic_90_50_10,0.5,0.05811159154786359
2020-08,gross_underlying,legacy_dynamic_90_50_10,0.5,0.04201810191474174
2020-09,gross_underlying,legacy_dynamic_90_50_10,0.5,-0.039862886047847795
2020-10,gross_underlying,legacy_dynamic_90_50_10,0.5,-0.030660400416027793
2020-11,gross_underlying,legacy_dynamic_90_50_10,0.5,0.05895870410604307
2020-12,gross_underlying,legacy_dynamic_90_50_10,0.9,0.040590962020570664
2021-01,gross_underlying,legacy_dynamic_90_50_10,0.9,0.025387048491727626
2021-02,gross_underlying,legacy_dynamic_90_50_10,0.9,0.01737574991308526
2021-03,gross_underlying,legacy_dynamic_90_50_10,0.9,0.015491483893367516
2021-04,gross_underlying,legacy_dynamic_90_50_10,0.5,0.029101971542262756
2021-05,gross_underlying,legacy_dynamic_90_50_10,0.9,0.015911113223135966
2021-06,gross_underlying,legacy_dynamic_90_50_10,0.9,0.02929580637518734
2021-07,gross_underlying,legacy_dynamic_90_50_10,0.5,0.016635556064083526
2021-08,gross_underlying,legacy_dynamic_90_50_10,0.5,0.01828696275627753
2021-09,gross_underlying,legacy_dynamic_90_50_10,0.5,-0.028570026654096012
2021-10,gross_underlying,legacy_dynamic_90_50_10,0.5,0.037364012523702875
2021-11,gross_underlying,legacy_dynamic_90_50_10,0.5,-0.007415734095655536
2021-12,gross_underlying,legacy_dynamic_90_50_10,0.5,0.02434793138753892
2022-01,gross_underlying,legacy_dynamic_90_50_10,0.5,-0.024003431487318896
2022-02,gross_underlying,legacy_dynamic_90_50_10,0.5,0.00020780012114099715
2022-03,gross_underlying,legacy_dynamic_90_50_10,0.5,0.02637976373010583
2022-04,gross_underlying,legacy_dynamic_90_50_10,0.5,0.0023480113786972286
2022-05,gross_underlying,legacy_dynamic_90_50_10,0.1,-0.0028268552802965647
2022-06,gross_underlying,legacy_dynamic_90_50_10,0.5,-0.0017271057634312866
2022-07,gross_underlying,legacy_dynamic_90_50_10,0.1,0.011536139974848727
2022-08,gross_underlying,legacy_dynamic_90_50_10,0.1,-0.01198883339360413
2022-09,gross_underlying,legacy_dynamic_90_50_10,0.1,-0.015754631230490573
2022-10,gross_underlying,legacy_dynamic_90_50_10,0.1,0.004962319163006604
2022-11,gross_underlying,legacy_dynamic_90_50_10,0.1,0.012857003780167128
2022-12,gross_underlying,legacy_dynamic_90_50_10,0.1,-0.01915840838453593
2023-01,gross_underlying,legacy_dynamic_90_50_10,0.5,0.025082411691597764
2023-02,gross_underlying,legacy_dynamic_90_50_10,0.5,0.006882742271892731
2023-03,gross_underlying,legacy_dynamic_90_50_10,0.5,0.01608311164423753
2023-04,gross_underlying,legacy_dynamic_90_50_10,0.5,0.027717681280752412
2023-05,gross_underlying,legacy_dynamic_90_50_10,0.5,-0.0005338021751922534
2023-06,gross_underlying,legacy_dynamic_90_50_10,0.5,0.017102450972164958
2023-07,gross_underlying,legacy_dynamic_90_50_10,0.5,0.0030644124207653903
2023-08,gross_underlying,legacy_dynamic_90_50_10,0.5,0.004873710499597901
2023-09,gross_underlying,legacy_dynamic_90_50_10,0.5,-0.011942669933724339
2023-10,gross_underlying,legacy_dynamic_90_50_10,0.5,-0.00042636402712269627
2023-11,gross_underlying,legacy_dynamic_90_50_10,0.5,0.004187728810860769
2023-12,gross_underlying,legacy_dynamic_90_50_10,0.5,0.039505671796372197
2024-01,gross_underlying,legacy_dynamic_90_50_10,0.5,0.008956951337717088
2024-02,gross_underlying,legacy_dynamic_90_50_10,0.5,0.019019871045673695
2024-03,gross_underlying,legacy_dynamic_90_50_10,0.5,0.033253938338782485
2024-04,gross_underlying,legacy_dynamic_90_50_10,0.5,-0.014446363304105144
2024-05,gross_underlying,legacy_dynamic_90_50_10,0.5,0.016668462769400295
2024-06,gross_underlying,legacy_dynamic_90_50_10,0.5,0.02905378261284115
2024-07,gross_underlying,legacy_dynamic_90_50_10,0.5,0.0024996886647821732
2024-08,gross_underlying,legacy_dynamic_90_50_10,0.5,0.005506923530671877
2024-09,gross_underlying,legacy_dynamic_90_50_10,0.5,0.021550573183887416
2024-10,gross_underlying,legacy_dynamic_90_50_10,0.5,0.013680213737649015
2024-11,gross_underlying,legacy_dynamic_90_50_10,0.5,0.026109019878641032
2024-12,gross_underlying,legacy_dynamic_90_50_10,0.5,0.005095891678231242
2025-01,gross_underlying,legacy_dynamic_90_50_10,0.1,0.01610748633122963
2025-02,gross_underlying,legacy_dynamic_90_50_10,0.5,-0.0008264964576209955
2025-03,gross_underlying,legacy_dynamic_90_50_10,0.5,-0.005856532405950702
2025-04,gross_underlying,legacy_dynamic_90_50_10,0.1,-0.0022002578517427928
2025-05,gross_underlying,legacy_dynamic_90_50_10,0.5,-0.007191613159777914
2025-06,gross_underlying,legacy_dynamic_90_50_10,0.5,0.034418785347254746
2025-07,gross_underlying,legacy_dynamic_90_50_10,0.5,0.01731666821354747
2025-08,gross_underlying,legacy_dynamic_90_50_10,0.5,0.020220461636506225
2025-09,gross_underlying,legacy_dynamic_90_50_10,0.5,0.06996002814651475
2025-10,gross_underlying,legacy_dynamic_90_50_10,0.5,0.05704211770829972
2025-11,gross_underlying,legacy_dynamic_90_50_10,0.5,0.011172830906603471
2025-12,gross_underlying,legacy_dynamic_90_50_10,0.5,0.011531102250033816
2026-01,gross_underlying,legacy_dynamic_90_50_10,0.5,0.07401998542938884
2026-02,gross_underlying,legacy_dynamic_90_50_10,0.5,0.06185902450859276
2026-03,gross_underlying,legacy_dynamic_90_50_10,0.5,-0.04723417802341913
2026-04,gross_underlying,legacy_dynamic_90_50_10,0.5,0.06387144877162407
2026-05,gross_underlying,legacy_dynamic_90_50_10,0.5,0.07838165873240438
2026-06,gross_underlying,legacy_dynamic_90_50_10,0.5,-0.007938719252063317
2026-07,gross_underlying,legacy_dynamic_90_50_10,0.1,-0.05514767414612637
2008-06,net25_underlying,fully_hedged_proxy,0.0,-0.0019511441757345
2008-07,net25_underlying,fully_hedged_proxy,0.0,-0.0204861991124011
2008-08,net25_underlying,fully_hedged_proxy,0.0,-0.0180400389880066
2008-09,net25_underlying,fully_hedged_proxy,0.0,-0.0312067143512884
2008-10,net25_underlying,fully_hedged_proxy,0.0,-0.0403448092102947
2008-11,net25_underlying,fully_hedged_proxy,0.0,0.049876808209061
2008-12,net25_underlying,fully_hedged_proxy,0.0,0.0450635178594248
2009-01,net25_underlying,fully_hedged_proxy,0.0,-0.0396353679354143
2009-02,net25_underlying,fully_hedged_proxy,0.0,-0.0147283077335243
2009-03,net25_underlying,fully_hedged_proxy,0.0,0.0225669236276752
2009-04,net25_underlying,fully_hedged_proxy,0.0,0.0118333423400301
2009-05,net25_underlying,fully_hedged_proxy,0.0,0.0404023865012305
2009-06,net25_underlying,fully_hedged_proxy,0.0,-0.0128463963197646
2009-07,net25_underlying,fully_hedged_proxy,0.0,0.0781266650246149
2009-08,net25_underlying,fully_hedged_proxy,0.0,0.0077448802764191
2009-09,net25_underlying,fully_hedged_proxy,0.0,0.0712333462107392
2009-10,net25_underlying,fully_hedged_proxy,0.0,-0.0322518175987641
2009-11,net25_underlying,fully_hedged_proxy,0.0,0.0664853294334307
2009-12,net25_underlying,fully_hedged_proxy,0.0,0.018638284452913
2010-01,net25_underlying,fully_hedged_proxy,0.0,-0.0423768282906077
2010-02,net25_underlying,fully_hedged_proxy,0.0,0.0208510133085063
2010-03,net25_underlying,fully_hedged_proxy,0.0,0.0605463014397966
2010-04,net25_underlying,fully_hedged_proxy,0.0,0.0281034482854417
2010-05,net25_underlying,fully_hedged_proxy,0.0,-0.0643304931459485
2010-06,net25_underlying,fully_hedged_proxy,0.0,0.0014688048269223
2010-07,net25_underlying,fully_hedged_proxy,0.0,0.0179746711377479
2010-08,net25_underlying,fully_hedged_proxy,0.0,0.0030772915713644
2010-09,net25_underlying,fully_hedged_proxy,0.0,0.0370459210289333
2010-10,net25_underlying,fully_hedged_proxy,0.0,0.0306638489272726
2010-11,net25_underlying,fully_hedged_proxy,0.0,-0.0057435376503361
2010-12,net25_underlying,fully_hedged_proxy,0.0,0.045532265427097
2011-01,net25_underlying,fully_hedged_proxy,0.0,0.005580339532105
2011-02,net25_underlying,fully_hedged_proxy,0.0,0.0237171392466477
2011-03,net25_underlying,fully_hedged_proxy,0.0,0.0046356824970198
2011-04,net25_underlying,fully_hedged_proxy,0.0,0.0444459256503508
2011-05,net25_underlying,fully_hedged_proxy,0.0,-0.0171451113767436
2011-06,net25_underlying,fully_hedged_proxy,0.0,-0.0215562275327839
2011-07,net25_underlying,fully_hedged_proxy,0.0,0.0106707739071754
2011-08,net25_underlying,fully_hedged_proxy,0.0,0.0066230233228382
2011-09,net25_underlying,fully_hedged_proxy,0.0,-0.0342757935966842
2011-10,net25_underlying,fully_hedged_proxy,0.0,0.0311571086557979
2011-11,net25_underlying,fully_hedged_proxy,0.0,-0.0061279016795164
2011-12,net25_underlying,fully_hedged_proxy,0.0,-0.0076879885030089
2012-01,net25_underlying,fully_hedged_proxy,0.0,0.0403640119479775
2012-02,net25_underlying,fully_hedged_proxy,0.0,0.0131738048944826
2012-03,net25_underlying,fully_hedged_proxy,0.0,0.0146642156066044
2012-04,net25_underlying,fully_hedged_proxy,0.0,-0.0029169717568348
2012-05,net25_underlying,fully_hedged_proxy,0.0,-0.0214293393263146
2012-06,net25_underlying,fully_hedged_proxy,0.0,0.0164553989075185
2012-07,net25_underlying,fully_hedged_proxy,0.0,0.013852053359715
2012-08,net25_underlying,fully_hedged_proxy,0.0,0.0119331151307158
2012-09,net25_underlying,fully_hedged_proxy,0.0,0.0070403142335726
2012-10,net25_underlying,fully_hedged_proxy,0.0,-0.0272579019570816
2012-11,net25_underlying,fully_hedged_proxy,0.0,0.0078037217799412
2012-12,net25_underlying,fully_hedged_proxy,0.0,0.0228347194548783
2013-01,net25_underlying,fully_hedged_proxy,0.0,0.0151084888665577
2013-02,net25_underlying,fully_hedged_proxy,0.0,-0.0073179973333873
2013-03,net25_underlying,fully_hedged_proxy,0.0,0.0112494206061608
2013-04,net25_underlying,fully_hedged_proxy,0.0,0.0172156256899153
2013-05,net25_underlying,fully_hedged_proxy,0.0,-0.0180397181123125
2013-06,net25_underlying,fully_hedged_proxy,0.0,-0.0216258775529712
2013-07,net25_underlying,fully_hedged_proxy,0.0,0.0203935228632919
2013-08,net25_underlying,fully_hedged_proxy,0.0,-0.0057854636579847
2013-09,net25_underlying,fully_hedged_proxy,0.0,0.0111779396761908
2013-10,net25_underlying,fully_hedged_proxy,0.0,0.0250858088532139
2013-11,net25_underlying,fully_hedged_proxy,0.0,0.008284880563917
2013-12,net25_underlying,fully_hedged_proxy,0.0,0.0078969033409581
2014-01,net25_underlying,fully_hedged_proxy,0.0,-0.0154421442683805
2014-02,net25_underlying,fully_hedged_proxy,0.0,0.0193151294124663
2014-03,net25_underlying,fully_hedged_proxy,0.0,-0.01078680450743
2014-04,net25_underlying,fully_hedged_proxy,0.0,0.0038011358033053
2014-05,net25_underlying,fully_hedged_proxy,0.0,0.0161084389729293
2014-06,net25_underlying,fully_hedged_proxy,0.0,0.0173879463266602
2014-07,net25_underlying,fully_hedged_proxy,0.0,-0.0041046201365715
2014-08,net25_underlying,fully_hedged_proxy,0.0,0.0274582878543069
2014-09,net25_underlying,fully_hedged_proxy,0.0,-0.0361706104024164
2014-10,net25_underlying,fully_hedged_proxy,0.0,0.0118427073903649
2014-11,net25_underlying,fully_hedged_proxy,0.0,0.0180171551919093
2014-12,net25_underlying,fully_hedged_proxy,0.0,0.0038956203594817
2015-01,net25_underlying,fully_hedged_proxy,0.0,0.0279255177367408
2015-02,net25_underlying,fully_hedged_proxy,0.0,-0.0078069196496996
2015-03,net25_underlying,fully_hedged_proxy,0.0,-0.009153439521538
2015-04,net25_underlying,fully_hedged_proxy,0.0,-0.0093801517829576
2015-05,net25_underlying,fully_hedged_proxy,0.0,-0.0033143632404159
2015-06,net25_underlying,fully_hedged_proxy,0.0,-0.0233385187431644
2015-07,net25_underlying,fully_hedged_proxy,0.0,-0.0020919560823612
2015-08,net25_underlying,fully_hedged_proxy,0.0,-0.0199112504136017
2015-09,net25_underlying,fully_hedged_proxy,0.0,0.0021350230821884
2015-10,net25_underlying,fully_hedged_proxy,0.0,0.0116502091760954
2015-11,net25_underlying,fully_hedged_proxy,0.0,-0.0096574821763117
2015-12,net25_underlying,fully_hedged_proxy,0.0,-0.0072019791521295
2016-01,net25_underlying,fully_hedged_proxy,0.0,-4.544509935431023e-05
2016-02,net25_underlying,fully_hedged_proxy,0.0,0.0164136513493108
2016-03,net25_underlying,fully_hedged_proxy,0.0,0.0221677191496499
2016-04,net25_underlying,fully_hedged_proxy,0.0,0.0011884524529281
2016-05,net25_underlying,fully_hedged_proxy,0.0,-0.0050974871123603
2016-06,net25_underlying,fully_hedged_proxy,0.0,0.0364684890673837
2016-07,net25_underlying,fully_hedged_proxy,0.0,0.0132207568815178
2016-08,net25_underlying,fully_hedged_proxy,0.0,-0.0069954714696703
2016-09,net25_underlying,fully_hedged_proxy,0.0,0.010805492893842
2016-10,net25_underlying,fully_hedged_proxy,0.0,-0.0205807175270313
2016-11,net25_underlying,fully_hedged_proxy,0.0,-0.0081487025403084
2016-12,net25_underlying,fully_hedged_proxy,0.0,0.0116201233812433
2017-01,net25_underlying,fully_hedged_proxy,0.0,0.0223194687906881
2017-02,net25_underlying,fully_hedged_proxy,0.0,0.0187846937181919
2017-03,net25_underlying,fully_hedged_proxy,0.0,0.0135779717284637
2017-04,net25_underlying,fully_hedged_proxy,0.0,0.0111767385960982
2017-05,net25_underlying,fully_hedged_proxy,0.0,0.0295066020440964
2017-06,net25_underlying,fully_hedged_proxy,0.0,-0.0058204908391807
2017-07,net25_underlying,fully_hedged_proxy,0.0,0.0203232524644723
2017-08,net25_underlying,fully_hedged_proxy,0.0,0.0096083729592856
2017-09,net25_underlying,fully_hedged_proxy,0.0,0.0011915692321159
2017-10,net25_underlying,fully_hedged_proxy,0.0,0.0169848023596471
2017-11,net25_underlying,fully_hedged_proxy,0.0,0.007151001125206
2017-12,net25_underlying,fully_hedged_proxy,0.0,0.0131783540819132
2018-01,net25_underlying,fully_hedged_proxy,0.0,0.0547595674063655
2018-02,net25_underlying,fully_hedged_proxy,0.0,-0.0351043743945159
2018-03,net25_underlying,fully_hedged_proxy,0.0,-0.0053597961662404
2018-04,net25_underlying,fully_hedged_proxy,0.0,0.0010981810183487
2018-05,net25_underlying,fully_hedged_proxy,0.0,0.0060903607337844
2018-06,net25_underlying,fully_hedged_proxy,0.0,-0.0020940420790791
2018-07,net25_underlying,fully_hedged_proxy,0.0,0.007208328004384
2018-08,net25_underlying,fully_hedged_proxy,0.0,0.0246550815344191
2018-09,net25_underlying,fully_hedged_proxy,0.0,-0.0041367528650434
2018-10,net25_underlying,fully_hedged_proxy,0.0,-0.0290098617131284
2018-11,net25_underlying,fully_hedged_proxy,0.0,0.0008063258438859
2018-12,net25_underlying,fully_hedged_proxy,0.0,-0.0113815942659382
2019-01,net25_underlying,fully_hedged_proxy,0.0,0.0155200362563727
2019-02,net25_underlying,fully_hedged_proxy,0.0,-0.0022230236083418
2019-03,net25_underlying,fully_hedged_proxy,0.0,0.0189246192137167
2019-04,net25_underlying,fully_hedged_proxy,0.0,0.0193748054959109
2019-05,net25_underlying,fully_hedged_proxy,0.0,-0.036524768191114
2019-06,net25_underlying,fully_hedged_proxy,0.0,0.036690354268355
2019-07,net25_underlying,fully_hedged_proxy,0.0,0.0072999252869694
2019-08,net25_underlying,fully_hedged_proxy,0.0,0.0373163523943832
2019-09,net25_underlying,fully_hedged_proxy,0.0,-0.0073759278582891
2019-10,net25_underlying,fully_hedged_proxy,0.0,0.01389257841599
2019-11,net25_underlying,fully_hedged_proxy,0.0,0.0078357622045874
2019-12,net25_underlying,fully_hedged_proxy,0.0,0.026926753365253
2020-01,net25_underlying,fully_hedged_proxy,0.0,0.0023223732250562
2020-02,net25_underlying,fully_hedged_proxy,0.0,-0.0141150085247045
2020-03,net25_underlying,fully_hedged_proxy,0.0,-0.028129836349216
2020-04,net25_underlying,fully_hedged_proxy,0.0,0.0478202236858662
2020-05,net25_underlying,fully_hedged_proxy,0.0,0.0178404485086428
2020-06,net25_underlying,fully_hedged_proxy,0.0,0.0239757907844518
2020-07,net25_underlying,fully_hedged_proxy,0.0,0.0611635670479831
2020-08,net25_underlying,fully_hedged_proxy,0.0,0.0426079372796469
2020-09,net25_underlying,fully_hedged_proxy,0.0,-0.030919156952962
2020-10,net25_underlying,fully_hedged_proxy,0.0,-0.0166317301680242
2020-11,net25_underlying,fully_hedged_proxy,0.0,0.0695691391966328
2020-12,net25_underlying,fully_hedged_proxy,0.0,0.0549317313379464
2021-01,net25_underlying,fully_hedged_proxy,0.0,0.003679652477568
2021-02,net25_underlying,fully_hedged_proxy,0.0,0.0108087910491047
2021-03,net25_underlying,fully_hedged_proxy,0.0,0.008307228669574
2021-04,net25_underlying,fully_hedged_proxy,0.0,0.0381611758871658
2021-05,net25_underlying,fully_hedged_proxy,0.0,0.0152423973673542
2021-06,net25_underlying,fully_hedged_proxy,0.0,0.0102111286162273
2021-07,net25_underlying,fully_hedged_proxy,0.0,0.0096524422118044
2021-08,net25_underlying,fully_hedged_proxy,0.0,0.0096831350964094
2021-09,net25_underlying,fully_hedged_proxy,0.0,-0.0399600999958821
2021-10,net25_underlying,fully_hedged_proxy,0.0,0.0434093035750487
2021-11,net25_underlying,fully_hedged_proxy,0.0,-0.0178341498889572
2021-12,net25_underlying,fully_hedged_proxy,0.0,0.0239494328822436
2022-01,net25_underlying,fully_hedged_proxy,0.0,-0.0318968259276936
2022-02,net25_underlying,fully_hedged_proxy,0.0,0.0018939527299109
2022-03,net25_underlying,fully_hedged_proxy,0.0,0.0175308670639325
2022-04,net25_underlying,fully_hedged_proxy,0.0,-0.0224592600572983
2022-05,net25_underlying,fully_hedged_proxy,0.0,-0.0008282824103098
2022-06,net25_underlying,fully_hedged_proxy,0.0,-0.0203098527391977
2022-07,net25_underlying,fully_hedged_proxy,0.0,0.010320402054231
2022-08,net25_underlying,fully_hedged_proxy,0.0,-0.0155710982719918
2022-09,net25_underlying,fully_hedged_proxy,0.0,-0.0228558485290957
2022-10,net25_underlying,fully_hedged_proxy,0.0,0.0051850510022694
2022-11,net25_underlying,fully_hedged_proxy,0.0,0.0193523336176822
2022-12,net25_underlying,fully_hedged_proxy,0.0,-0.0159005006093613
2023-01,net25_underlying,fully_hedged_proxy,0.0,0.0361668616718295
2023-02,net25_underlying,fully_hedged_proxy,0.0,-0.0285933849079948
2023-03,net25_underlying,fully_hedged_proxy,0.0,0.0229749018577795
2023-04,net25_underlying,fully_hedged_proxy,0.0,0.0090290851938335
2023-05,net25_underlying,fully_hedged_proxy,0.0,0.0039979648861817
2023-06,net25_underlying,fully_hedged_proxy,0.0,0.0149262037843629
2023-07,net25_underlying,fully_hedged_proxy,0.0,0.019880584061577
2023-08,net25_underlying,fully_hedged_proxy,0.0,-0.0135953071970299
2023-09,net25_underlying,fully_hedged_proxy,0.0,-0.0209681139574254
2023-10,net25_underlying,fully_hedged_proxy,0.0,-0.0010545642333657
2023-11,net25_underlying,fully_hedged_proxy,0.0,0.0264150502667111
2023-12,net25_underlying,fully_hedged_proxy,0.0,0.0409570255241655
2024-01,net25_underlying,fully_hedged_proxy,0.0,-0.0106365030206042
2024-02,net25_underlying,fully_hedged_proxy,0.0,0.014820520918495
2024-03,net25_underlying,fully_hedged_proxy,0.0,0.0273987833558082
2024-04,net25_underlying,fully_hedged_proxy,0.0,-0.0301868780263771
2024-05,net25_underlying,fully_hedged_proxy,0.0,0.0180077363119819
2024-06,net25_underlying,fully_hedged_proxy,0.0,0.0251997598266842
2024-07,net25_underlying,fully_hedged_proxy,0.0,0.006326045782761
2024-08,net25_underlying,fully_hedged_proxy,0.0,0.0175154000428377
2024-09,net25_underlying,fully_hedged_proxy,0.0,0.0281615146714812
2024-10,net25_underlying,fully_hedged_proxy,0.0,-0.0106237211125838
2024-11,net25_underlying,fully_hedged_proxy,0.0,0.0195808667740155
2024-12,net25_underlying,fully_hedged_proxy,0.0,-0.0213795431758503
2025-01,net25_underlying,fully_hedged_proxy,0.0,0.0157120892600091
2025-02,net25_underlying,fully_hedged_proxy,0.0,-0.0060643585600106
2025-03,net25_underlying,fully_hedged_proxy,0.0,-0.0141131342237391
2025-04,net25_underlying,fully_hedged_proxy,0.0,-0.0008126461272173
2025-05,net25_underlying,fully_hedged_proxy,0.0,0.0108588443191927
2025-06,net25_underlying,fully_hedged_proxy,0.0,0.0406432882399963
2025-07,net25_underlying,fully_hedged_proxy,0.0,0.0001643294417106
2025-08,net25_underlying,fully_hedged_proxy,0.0,0.0203037379520222
2025-09,net25_underlying,fully_hedged_proxy,0.0,0.0635035225052305
2025-10,net25_underlying,fully_hedged_proxy,0.0,0.0486852267827471
2025-11,net25_underlying,fully_hedged_proxy,0.0,-0.0022872039767903
2025-12,net25_underlying,fully_hedged_proxy,0.0,0.0193134999392773
2026-01,net25_underlying,fully_hedged_proxy,0.0,0.077263379846137
2026-02,net25_underlying,fully_hedged_proxy,0.0,0.05978788226497
2026-03,net25_underlying,fully_hedged_proxy,0.0,-0.0706722937719189
2026-04,net25_underlying,fully_hedged_proxy,0.0,0.0728646455258244
2026-05,net25_underlying,fully_hedged_proxy,0.0,0.0645999739493945
2026-06,net25_underlying,fully_hedged_proxy,0.0,-0.0217791281662207
2026-07,net25_underlying,fully_hedged_proxy,0.0,-0.0477437962326428
2008-06,net25_underlying,fixed_50_unhedged,0.5,0.006243905105193569
2008-07,net25_underlying,fixed_50_unhedged,0.5,-0.03701431823973221
2008-08,net25_underlying,fixed_50_unhedged,0.5,0.0331176734132215
2008-09,net25_underlying,fixed_50_unhedged,0.5,0.0008647498118891147
2008-10,net25_underlying,fixed_50_unhedged,0.5,-0.000302079483863512
2008-11,net25_underlying,fixed_50_unhedged,0.5,0.12264017682061532
2008-12,net25_underlying,fixed_50_unhedged,0.5,-0.03527945802469987
2009-01,net25_underlying,fixed_50_unhedged,0.5,0.012511314323627582
2009-02,net25_underlying,fixed_50_unhedged,0.5,0.040076607702790756
2009-03,net25_underlying,fixed_50_unhedged,0.5,-0.028718451059807696
2009-04,net25_underlying,fixed_50_unhedged,0.5,-0.029358774331054875
2009-05,net25_underlying,fixed_50_unhedged,0.5,0.03415028478363829
2009-06,net25_underlying,fixed_50_unhedged,0.5,-0.007948145505012834
2009-07,net25_underlying,fixed_50_unhedged,0.5,0.06155191011672026
2009-08,net25_underlying,fixed_50_unhedged,0.5,0.018002779312844237
2009-09,net25_underlying,fixed_50_unhedged,0.5,0.033508411401010976
2009-10,net25_underlying,fixed_50_unhedged,0.5,-0.021657546425178
2009-11,net25_underlying,fixed_50_unhedged,0.5,0.05528519837475001
2009-12,net25_underlying,fixed_50_unhedged,0.5,0.014469292592725702
2010-01,net25_underlying,fixed_50_unhedged,0.5,-0.039423522199100045
2010-02,net25_underlying,fixed_50_unhedged,0.5,0.022261304341865042
2010-03,net25_underlying,fixed_50_unhedged,0.5,0.04356145588229995
2010-04,net25_underlying,fixed_50_unhedged,0.5,0.020650142986398362
2010-05,net25_underlying,fixed_50_unhedged,0.5,-0.017627260753975797
2010-06,net25_underlying,fixed_50_unhedged,0.5,0.0033591339415229024
2010-07,net25_underlying,fixed_50_unhedged,0.5,0.0017450035035249285
2010-08,net25_underlying,fixed_50_unhedged,0.5,0.009642488066560104
2010-09,net25_underlying,fixed_50_unhedged,0.5,0.010073725252128112
2010-10,net25_underlying,fixed_50_unhedged,0.5,0.028488720893861237
2010-11,net25_underlying,fixed_50_unhedged,0.5,0.0076899764869505696
2010-12,net25_underlying,fixed_50_unhedged,0.5,0.029395277527474124
2011-01,net25_underlying,fixed_50_unhedged,0.5,0.0012532698824991224
2011-02,net25_underlying,fixed_50_unhedged,0.5,0.028160492588129554
2011-03,net25_underlying,fixed_50_unhedged,0.5,-0.007798600475231088
2011-04,net25_underlying,fixed_50_unhedged,0.5,0.030003123815594626
2011-05,net25_underlying,fixed_50_unhedged,0.5,-0.015030071946710091
2011-06,net25_underlying,fixed_50_unhedged,0.5,-0.02406295411475281
2011-07,net25_underlying,fixed_50_unhedged,0.5,0.004708405340118676
2011-08,net25_underlying,fixed_50_unhedged,0.5,0.011630860551987834
2011-09,net25_underlying,fixed_50_unhedged,0.5,0.01610348941968598
2011-10,net25_underlying,fixed_50_unhedged,0.5,-0.0008201508734601032
2011-11,net25_underlying,fixed_50_unhedged,0.5,0.010211593654697693
2011-12,net25_underlying,fixed_50_unhedged,0.5,-0.001117837443804841
2012-01,net25_underlying,fixed_50_unhedged,0.5,0.026992501345378752
2012-02,net25_underlying,fixed_50_unhedged,0.5,0.012678794457405102
2012-03,net25_underlying,fixed_50_unhedged,0.5,0.0207092652048493
2012-04,net25_underlying,fixed_50_unhedged,0.5,-0.006859742958147837
2012-05,net25_underlying,fixed_50_unhedged,0.5,0.00023963013058721574
2012-06,net25_underlying,fixed_50_unhedged,0.5,0.007015026536067968
2012-07,net25_underlying,fixed_50_unhedged,0.5,0.0017166921264092586
2012-08,net25_underlying,fixed_50_unhedged,0.5,0.013814675951009481
2012-09,net25_underlying,fixed_50_unhedged,0.5,-0.008017330426668993
2012-10,net25_underlying,fixed_50_unhedged,0.5,-0.03141525447742773
2012-11,net25_underlying,fixed_50_unhedged,0.5,0.0040139098189002865
2012-12,net25_underlying,fixed_50_unhedged,0.5,0.0020396318144570696
2013-01,net25_underlying,fixed_50_unhedged,0.5,0.03823472054868999
2013-02,net25_underlying,fixed_50_unhedged,0.5,-0.008003930155621989
2013-03,net25_underlying,fixed_50_unhedged,0.5,0.014094976763577488
2013-04,net25_underlying,fixed_50_unhedged,0.5,0.02220835850007591
2013-05,net25_underlying,fixed_50_unhedged,0.5,-0.006040646281567126
2013-06,net25_underlying,fixed_50_unhedged,0.5,-0.02409868920892933
2013-07,net25_underlying,fixed_50_unhedged,0.5,0.02066636856631544
2013-08,net25_underlying,fixed_50_unhedged,0.5,-0.010568343630423686
2013-09,net25_underlying,fixed_50_unhedged,0.5,-0.006285915609036599
2013-10,net25_underlying,fixed_50_unhedged,0.5,0.01787491948606075
2013-11,net25_underlying,fixed_50_unhedged,0.5,0.0091900808936279
2013-12,net25_underlying,fixed_50_unhedged,0.5,0.005139744415653649
2014-01,net25_underlying,fixed_50_unhedged,0.5,-0.00376902217156881
2014-02,net25_underlying,fixed_50_unhedged,0.5,0.014309644642037116
2014-03,net25_underlying,fixed_50_unhedged,0.5,-0.01365621303687882
2014-04,net25_underlying,fixed_50_unhedged,0.5,-0.01041740051707869
2014-05,net25_underlying,fixed_50_unhedged,0.5,0.009287773646960292
2014-06,net25_underlying,fixed_50_unhedged,0.5,0.013622221403695296
2014-07,net25_underlying,fixed_50_unhedged,0.5,0.006430600814758897
2014-08,net25_underlying,fixed_50_unhedged,0.5,0.018108148328574367
2014-09,net25_underlying,fixed_50_unhedged,0.5,-0.01701000839060661
2014-10,net25_underlying,fixed_50_unhedged,0.5,0.011794714428411866
2014-11,net25_underlying,fixed_50_unhedged,0.5,0.03989801514236825
2014-12,net25_underlying,fixed_50_unhedged,0.5,0.0021602323535721783
2015-01,net25_underlying,fixed_50_unhedged,0.5,0.029567871042544
2015-02,net25_underlying,fixed_50_unhedged,0.5,-0.0069626367351051125
2015-03,net25_underlying,fixed_50_unhedged,0.5,-0.006259258978844152
2015-04,net25_underlying,fixed_50_unhedged,0.5,-0.023714619494823123
2015-05,net25_underlying,fixed_50_unhedged,0.5,0.013540264955935686
2015-06,net25_underlying,fixed_50_unhedged,0.5,-0.020640746719819195
2015-07,net25_underlying,fixed_50_unhedged,0.5,0.021664551511015834
2015-08,net25_underlying,fixed_50_unhedged,0.5,-0.015650278443833515
2015-09,net25_underlying,fixed_50_unhedged,0.5,0.0033612329201013853
2015-10,net25_underlying,fixed_50_unhedged,0.5,-0.007141332639246869
2015-11,net25_underlying,fixed_50_unhedged,0.5,-0.0031543157048142343
2015-12,net25_underlying,fixed_50_unhedged,0.5,0.0016571401318206673
2016-01,net25_underlying,fixed_50_unhedged,0.5,0.012795998526430442
2016-02,net25_underlying,fixed_50_unhedged,0.5,0.031377895966965205
2016-03,net25_underlying,fixed_50_unhedged,0.5,-0.019147067351095327
2016-04,net25_underlying,fixed_50_unhedged,0.5,-0.0017954755236828054
2016-05,net25_underlying,fixed_50_unhedged,0.5,0.01847660959255018
2016-06,net25_underlying,fixed_50_unhedged,0.5,0.020547190906477636
2016-07,net25_underlying,fixed_50_unhedged,0.5,-0.004953430624617507
2016-08,net25_underlying,fixed_50_unhedged,0.5,-0.004987011254376849
2016-09,net25_underlying,fixed_50_unhedged,0.5,0.0049915985572674265
2016-10,net25_underlying,fixed_50_unhedged,0.5,-0.0005410584755004104
2016-11,net25_underlying,fixed_50_unhedged,0.5,0.0010026047977471728
2016-12,net25_underlying,fixed_50_unhedged,0.5,0.027831397004864644
2017-01,net25_underlying,fixed_50_unhedged,0.5,0.007018020547007769
2017-02,net25_underlying,fixed_50_unhedged,0.5,0.003418524575753361
2017-03,net25_underlying,fixed_50_unhedged,0.5,0.006015992707511936
2017-04,net25_underlying,fixed_50_unhedged,0.5,0.01960456692775784
2017-05,net25_underlying,fixed_50_unhedged,0.5,0.02197323122306994
2017-06,net25_underlying,fixed_50_unhedged,0.5,0.0062267214373893836
2017-07,net25_underlying,fixed_50_unhedged,0.5,0.008122694562757434
2017-08,net25_underlying,fixed_50_unhedged,0.5,0.011778814225479148
2017-09,net25_underlying,fixed_50_unhedged,0.5,0.011171895966576674
2017-10,net25_underlying,fixed_50_unhedged,0.5,0.007005231246387545
2017-11,net25_underlying,fixed_50_unhedged,0.5,-0.01202916248234612
2017-12,net25_underlying,fixed_50_unhedged,0.5,0.007942088104831407
2018-01,net25_underlying,fixed_50_unhedged,0.5,0.05626358717835814
2018-02,net25_underlying,fixed_50_unhedged,0.5,-0.03202313209229248
2018-03,net25_underlying,fixed_50_unhedged,0.5,-0.013372102876446365
2018-04,net25_underlying,fixed_50_unhedged,0.5,0.004609542867143274
2018-05,net25_underlying,fixed_50_unhedged,0.5,0.011029324345933325
2018-06,net25_underlying,fixed_50_unhedged,0.5,0.016659183704502614
2018-07,net25_underlying,fixed_50_unhedged,0.5,0.0034600433885330177
2018-08,net25_underlying,fixed_50_unhedged,0.5,0.02615217250779945
2018-09,net25_underlying,fixed_50_unhedged,0.5,-0.007011512487135528
2018-10,net25_underlying,fixed_50_unhedged,0.5,-0.016450168866269287
2018-11,net25_underlying,fixed_50_unhedged,0.5,-0.008289484691500955
2018-12,net25_underlying,fixed_50_unhedged,0.5,-0.011700199248952487
2019-01,net25_underlying,fixed_50_unhedged,0.5,0.012199537498716571
2019-02,net25_underlying,fixed_50_unhedged,0.5,0.000521077021144129
2019-03,net25_underlying,fixed_50_unhedged,0.5,0.028793127590000307
2019-04,net25_underlying,fixed_50_unhedged,0.5,0.03128412885562928
2019-05,net25_underlying,fixed_50_unhedged,0.5,-0.026121894837182386
2019-06,net25_underlying,fixed_50_unhedged,0.5,0.02239242766025141
2019-07,net25_underlying,fixed_50_unhedged,0.5,0.020684428996240106
2019-08,net25_underlying,fixed_50_unhedged,0.5,0.04643202180375941
2019-09,net25_underlying,fixed_50_unhedged,0.5,-0.011141986280931155
2019-10,net25_underlying,fixed_50_unhedged,0.5,-0.0006218476884098422
2019-11,net25_underlying,fixed_50_unhedged,0.5,0.013599427071253015
2019-12,net25_underlying,fixed_50_unhedged,0.5,0.017913940539308355
2020-01,net25_underlying,fixed_50_unhedged,0.5,0.015658075932671135
2020-02,net25_underlying,fixed_50_unhedged,0.5,-0.004070269735672656
2020-03,net25_underlying,fixed_50_unhedged,0.5,-0.0259836139137031
2020-04,net25_underlying,fixed_50_unhedged,0.5,0.046226922573243984
2020-05,net25_underlying,fixed_50_unhedged,0.5,0.025187103290000762
2020-06,net25_underlying,fixed_50_unhedged,0.5,0.01062759897500105
2020-07,net25_underlying,fixed_50_unhedged,0.5,0.05725414375951465
2020-08,net25_underlying,fixed_50_unhedged,0.5,0.04150358262920287
2020-09,net25_underlying,fixed_50_unhedged,0.5,-0.04041371026674762
2020-10,net25_underlying,fixed_50_unhedged,0.5,-0.031106203728119557
2020-11,net25_underlying,fixed_50_unhedged,0.5,0.05764260666818917
2020-12,net25_underlying,fixed_50_unhedged,0.5,0.046377343002257
2021-01,net25_underlying,fixed_50_unhedged,0.5,0.01562953680339609
2021-02,net25_underlying,fixed_50_unhedged,0.5,0.013916747309989094
2021-03,net25_underlying,fixed_50_unhedged,0.5,0.011942635254481467
2021-04,net25_underlying,fixed_50_unhedged,0.5,0.028688624187182304
2021-05,net25_underlying,fixed_50_unhedged,0.5,0.015402934336042607
2021-06,net25_underlying,fixed_50_unhedged,0.5,0.020532440292953032
2021-07,net25_underlying,fixed_50_unhedged,0.5,0.015247727520530222
2021-08,net25_underlying,fixed_50_unhedged,0.5,0.01688368222884113
2021-09,net25_underlying,fixed_50_unhedged,0.5,-0.029472212196171285
2021-10,net25_underlying,fixed_50_unhedged,0.5,0.03620332705111685
2021-11,net25_underlying,fixed_50_unhedged,0.5,-0.0080029861545067
2021-12,net25_underlying,fixed_50_unhedged,0.5,0.02358397441678428
2022-01,net25_underlying,fixed_50_unhedged,0.5,-0.024647606944485086
2022-02,net25_underlying,fixed_50_unhedged,0.5,-0.0023037281030333576
2022-03,net25_underlying,fixed_50_unhedged,0.5,0.024714662115668765
2022-04,net25_underlying,fixed_50_unhedged,0.5,0.0007980958696156906
2022-05,net25_underlying,fixed_50_unhedged,0.5,-0.012824267532750538
2022-06,net25_underlying,fixed_50_unhedged,0.5,-0.0021754897800008617
2022-07,net25_underlying,fixed_50_unhedged,0.5,0.016036144639651466
2022-08,net25_underlying,fixed_50_unhedged,0.5,-0.0004601208406597888
2022-09,net25_underlying,fixed_50_unhedged,0.5,0.009142711783108005
2022-10,net25_underlying,fixed_50_unhedged,0.5,0.0021909328191495035
2022-11,net25_underlying,fixed_50_unhedged,0.5,-0.015165047896449005
2022-12,net25_underlying,fixed_50_unhedged,0.5,-0.040072884255385785
2023-01,net25_underlying,fixed_50_unhedged,0.5,0.02434383752221743
2023-02,net25_underlying,fixed_50_unhedged,0.5,0.005660224838151701
2023-03,net25_underlying,fixed_50_unhedged,0.5,0.01449764731818531
2023-04,net25_underlying,fixed_50_unhedged,0.5,0.02485525458717397
2023-05,net25_underlying,fixed_50_unhedged,0.5,-0.001794769775356727
2023-06,net25_underlying,fixed_50_unhedged,0.5,0.01543682132629896
2023-07,net25_underlying,fixed_50_unhedged,0.5,0.0024826754566011355
2023-08,net25_underlying,fixed_50_unhedged,0.5,0.004431862809496669
2023-09,net25_underlying,fixed_50_unhedged,0.5,-0.012390956548494939
2023-10,net25_underlying,fixed_50_unhedged,0.5,-0.0009730496976720925
2023-11,net25_underlying,fixed_50_unhedged,0.5,0.0036835878801348455
2023-12,net25_underlying,fixed_50_unhedged,0.5,0.036707092134346045
2024-01,net25_underlying,fixed_50_unhedged,0.5,0.008247387630339807
2024-02,net25_underlying,fixed_50_unhedged,0.5,0.01740611312161863
2024-03,net25_underlying,fixed_50_unhedged,0.5,0.03199496847299241
2024-04,net25_underlying,fixed_50_unhedged,0.5,-0.015715157589071327
2024-05,net25_underlying,fixed_50_unhedged,0.5,0.014392633164812966
2024-06,net25_underlying,fixed_50_unhedged,0.5,0.02693996713252044
2024-07,net25_underlying,fixed_50_unhedged,0.5,0.0018167586328347736
2024-08,net25_underlying,fixed_50_unhedged,0.5,0.004483286242763233
2024-09,net25_underlying,fixed_50_unhedged,0.5,0.02139260647285085
2024-10,net25_underlying,fixed_50_unhedged,0.5,0.013160480686725432
2024-11,net25_underlying,fixed_50_unhedged,0.5,0.02502800812323597
2024-12,net25_underlying,fixed_50_unhedged,0.5,0.004639962191332798
2025-01,net25_underlying,fixed_50_unhedged,0.5,0.006807076973689758
2025-02,net25_underlying,fixed_50_unhedged,0.5,-0.0032376783668430016
2025-03,net25_underlying,fixed_50_unhedged,0.5,-0.006599279132804692
2025-04,net25_underlying,fixed_50_unhedged,0.5,-0.017175449660531684
2025-05,net25_underlying,fixed_50_unhedged,0.5,-0.008076775068040502
2025-06,net25_underlying,fixed_50_unhedged,0.5,0.03232441671777753
2025-07,net25_underlying,fixed_50_unhedged,0.5,0.016114302588361648
2025-08,net25_underlying,fixed_50_unhedged,0.5,0.01932485321573578
2025-09,net25_underlying,fixed_50_unhedged,0.5,0.06898248267927776
2025-10,net25_underlying,fixed_50_unhedged,0.5,0.056484127535202926
2025-11,net25_underlying,fixed_50_unhedged,0.5,0.0108075940862553
2025-12,net25_underlying,fixed_50_unhedged,0.5,0.011121470460921306
2026-01,net25_underlying,fixed_50_unhedged,0.5,0.0738358405732816
2026-02,net25_underlying,fixed_50_unhedged,0.5,0.06110818013283603
2026-03,net25_underlying,fixed_50_unhedged,0.5,-0.04763569162667316
2026-04,net25_underlying,fixed_50_unhedged,0.5,0.062402426750910685
2026-05,net25_underlying,fixed_50_unhedged,0.5,0.07645565000621365
2026-06,net25_underlying,fixed_50_unhedged,0.5,-0.008220851956003063
2026-07,net25_underlying,fixed_50_unhedged,0.5,-0.08710113187450336
2008-06,net25_underlying,fully_unhedged,1.0,0.014438954386121639
2008-07,net25_underlying,fully_unhedged,1.0,-0.05354243736706332
2008-08,net25_underlying,fully_unhedged,1.0,0.0842753858144496
2008-09,net25_underlying,fully_unhedged,1.0,0.03293621397506663
2008-10,net25_underlying,fully_unhedged,1.0,0.03974065024256768
2008-11,net25_underlying,fully_unhedged,1.0,0.19540354543216965
2008-12,net25_underlying,fully_unhedged,1.0,-0.11562243390882454
2009-01,net25_underlying,fully_unhedged,1.0,0.06465799658266946
2009-02,net25_underlying,fully_unhedged,1.0,0.0948815231391058
2009-03,net25_underlying,fully_unhedged,1.0,-0.08000382574729059
2009-04,net25_underlying,fully_unhedged,1.0,-0.07055089100213985
2009-05,net25_underlying,fully_unhedged,1.0,0.02789818306604608
2009-06,net25_underlying,fully_unhedged,1.0,-0.003049894690261068
2009-07,net25_underlying,fully_unhedged,1.0,0.044977155208825614
2009-08,net25_underlying,fully_unhedged,1.0,0.028260678349269375
2009-09,net25_underlying,fully_unhedged,1.0,-0.004216523408717254
2009-10,net25_underlying,fully_unhedged,1.0,-0.011063275251591898
2009-11,net25_underlying,fully_unhedged,1.0,0.044085067316069315
2009-12,net25_underlying,fully_unhedged,1.0,0.010300300732538403
2010-01,net25_underlying,fully_unhedged,1.0,-0.03647021610759238
2010-02,net25_underlying,fully_unhedged,1.0,0.023671595375223786
2010-03,net25_underlying,fully_unhedged,1.0,0.026576610324803296
2010-04,net25_underlying,fully_unhedged,1.0,0.013196837687355023
2010-05,net25_underlying,fully_unhedged,1.0,0.02907597163799691
2010-06,net25_underlying,fully_unhedged,1.0,0.0052494630561235045
2010-07,net25_underlying,fully_unhedged,1.0,-0.014484664130698044
2010-08,net25_underlying,fully_unhedged,1.0,0.01620768456175581
2010-09,net25_underlying,fully_unhedged,1.0,-0.01689847052467708
2010-10,net25_underlying,fully_unhedged,1.0,0.026313592860449875
2010-11,net25_underlying,fully_unhedged,1.0,0.02112349062423724
2010-12,net25_underlying,fully_unhedged,1.0,0.01325828962785125
2011-01,net25_underlying,fully_unhedged,1.0,-0.003073799767106755
2011-02,net25_underlying,fully_unhedged,1.0,0.03260384592961141
2011-03,net25_underlying,fully_unhedged,1.0,-0.020232883447481975
2011-04,net25_underlying,fully_unhedged,1.0,0.015560321980838454
2011-05,net25_underlying,fully_unhedged,1.0,-0.012915032516676583
2011-06,net25_underlying,fully_unhedged,1.0,-0.02656968069672172
2011-07,net25_underlying,fully_unhedged,1.0,-0.0012539632269380485
2011-08,net25_underlying,fully_unhedged,1.0,0.016638697781137468
2011-09,net25_underlying,fully_unhedged,1.0,0.06648277243605616
2011-10,net25_underlying,fully_unhedged,1.0,-0.03279741040271811
2011-11,net25_underlying,fully_unhedged,1.0,0.026551088988911786
2011-12,net25_underlying,fully_unhedged,1.0,0.005452313615399218
2012-01,net25_underlying,fully_unhedged,1.0,0.013620990742780004
2012-02,net25_underlying,fully_unhedged,1.0,0.012183784020327604
2012-03,net25_underlying,fully_unhedged,1.0,0.026754314803094204
2012-04,net25_underlying,fully_unhedged,1.0,-0.010802514159460874
2012-05,net25_underlying,fully_unhedged,1.0,0.02190859958748903
2012-06,net25_underlying,fully_unhedged,1.0,-0.002425345835382564
2012-07,net25_underlying,fully_unhedged,1.0,-0.010418669106896483
2012-08,net25_underlying,fully_unhedged,1.0,0.015696236771303163
2012-09,net25_underlying,fully_unhedged,1.0,-0.023074975086910587
2012-10,net25_underlying,fully_unhedged,1.0,-0.03557260699777387
2012-11,net25_underlying,fully_unhedged,1.0,0.0002240978578593733
2012-12,net25_underlying,fully_unhedged,1.0,-0.018755455825964162
2013-01,net25_underlying,fully_unhedged,1.0,0.061360952230822274
2013-02,net25_underlying,fully_unhedged,1.0,-0.008689862977856677
2013-03,net25_underlying,fully_unhedged,1.0,0.016940532920994178
2013-04,net25_underlying,fully_unhedged,1.0,0.027201091310236514
2013-05,net25_underlying,fully_unhedged,1.0,0.005958425549178248
2013-06,net25_underlying,fully_unhedged,1.0,-0.026571500864887465
2013-07,net25_underlying,fully_unhedged,1.0,0.02093921426933898
2013-08,net25_underlying,fully_unhedged,1.0,-0.015351223602862674
2013-09,net25_underlying,fully_unhedged,1.0,-0.023749770894264
2013-10,net25_underlying,fully_unhedged,1.0,0.010664030118907597
2013-11,net25_underlying,fully_unhedged,1.0,0.010095281223338803
2013-12,net25_underlying,fully_unhedged,1.0,0.0023825854903491983
2014-01,net25_underlying,fully_unhedged,1.0,0.00790409992524288
2014-02,net25_underlying,fully_unhedged,1.0,0.009304159871607931
2014-03,net25_underlying,fully_unhedged,1.0,-0.016525621566327642
2014-04,net25_underlying,fully_unhedged,1.0,-0.02463593683746268
2014-05,net25_underlying,fully_unhedged,1.0,0.0024671083209912847
2014-06,net25_underlying,fully_unhedged,1.0,0.009856496480730392
2014-07,net25_underlying,fully_unhedged,1.0,0.016965821766089295
2014-08,net25_underlying,fully_unhedged,1.0,0.008758008802841832
2014-09,net25_underlying,fully_unhedged,1.0,0.0021505936212031784
2014-10,net25_underlying,fully_unhedged,1.0,0.011746721466458832
2014-11,net25_underlying,fully_unhedged,1.0,0.0617788750928272
2014-12,net25_underlying,fully_unhedged,1.0,0.0004248443476626562
2015-01,net25_underlying,fully_unhedged,1.0,0.031210224348347193
2015-02,net25_underlying,fully_unhedged,1.0,-0.006118353820510625
2015-03,net25_underlying,fully_unhedged,1.0,-0.003365078436150304
2015-04,net25_underlying,fully_unhedged,1.0,-0.03804908720668865
2015-05,net25_underlying,fully_unhedged,1.0,0.030394893152287272
2015-06,net25_underlying,fully_unhedged,1.0,-0.01794297469647399
2015-07,net25_underlying,fully_unhedged,1.0,0.04542105910439287
2015-08,net25_underlying,fully_unhedged,1.0,-0.01138930647406533
2015-09,net25_underlying,fully_unhedged,1.0,0.004587442758014371
2015-10,net25_underlying,fully_unhedged,1.0,-0.02593287445458914
2015-11,net25_underlying,fully_unhedged,1.0,0.0033488507666832312
2015-12,net25_underlying,fully_unhedged,1.0,0.010516259415770834
2016-01,net25_underlying,fully_unhedged,1.0,0.025637442152215195
2016-02,net25_underlying,fully_unhedged,1.0,0.04634214058461961
2016-03,net25_underlying,fully_unhedged,1.0,-0.06046185385184055
2016-04,net25_underlying,fully_unhedged,1.0,-0.004779403500293711
2016-05,net25_underlying,fully_unhedged,1.0,0.04205070629746066
2016-06,net25_underlying,fully_unhedged,1.0,0.004625892745571569
2016-07,net25_underlying,fully_unhedged,1.0,-0.023127618130752814
2016-08,net25_underlying,fully_unhedged,1.0,-0.002978551039083399
2016-09,net25_underlying,fully_unhedged,1.0,-0.0008222957793071473
2016-10,net25_underlying,fully_unhedged,1.0,0.019498600576030478
2016-11,net25_underlying,fully_unhedged,1.0,0.010153912135802745
2016-12,net25_underlying,fully_unhedged,1.0,0.04404267062848599
2017-01,net25_underlying,fully_unhedged,1.0,-0.008283427696672563
2017-02,net25_underlying,fully_unhedged,1.0,-0.011947644566685178
2017-03,net25_underlying,fully_unhedged,1.0,-0.0015459863134398288
2017-04,net25_underlying,fully_unhedged,1.0,0.028032395259417475
2017-05,net25_underlying,fully_unhedged,1.0,0.01443986040204348
2017-06,net25_underlying,fully_unhedged,1.0,0.018273933713959467
2017-07,net25_underlying,fully_unhedged,1.0,-0.004077863338957433
2017-08,net25_underlying,fully_unhedged,1.0,0.013949255491672696
2017-09,net25_underlying,fully_unhedged,1.0,0.02115222270103745
2017-10,net25_underlying,fully_unhedged,1.0,-0.002974339866872011
2017-11,net25_underlying,fully_unhedged,1.0,-0.031209326089898237
2017-12,net25_underlying,fully_unhedged,1.0,0.002705822127749613
2018-01,net25_underlying,fully_unhedged,1.0,0.05776760695035077
2018-02,net25_underlying,fully_unhedged,1.0,-0.028941889790069064
2018-03,net25_underlying,fully_unhedged,1.0,-0.02138440958665233
2018-04,net25_underlying,fully_unhedged,1.0,0.008120904715937849
2018-05,net25_underlying,fully_unhedged,1.0,0.01596828795808225
2018-06,net25_underlying,fully_unhedged,1.0,0.03541240948808433
2018-07,net25_underlying,fully_unhedged,1.0,-0.00028824122731796464
2018-08,net25_underlying,fully_unhedged,1.0,0.027649263481179798
2018-09,net25_underlying,fully_unhedged,1.0,-0.009886272109227656
2018-10,net25_underlying,fully_unhedged,1.0,-0.0038904760194101717
2018-11,net25_underlying,fully_unhedged,1.0,-0.01738529522688781
2018-12,net25_underlying,fully_unhedged,1.0,-0.012018804231966773
2019-01,net25_underlying,fully_unhedged,1.0,0.008879038741060441
2019-02,net25_underlying,fully_unhedged,1.0,0.003265177650630058
2019-03,net25_underlying,fully_unhedged,1.0,0.038661635966283914
2019-04,net25_underlying,fully_unhedged,1.0,0.04319345221534765
2019-05,net25_underlying,fully_unhedged,1.0,-0.015719021483250772
2019-06,net25_underlying,fully_unhedged,1.0,0.008094501052147818
2019-07,net25_underlying,fully_unhedged,1.0,0.03406893270551081
2019-08,net25_underlying,fully_unhedged,1.0,0.05554769121313563
2019-09,net25_underlying,fully_unhedged,1.0,-0.014908044703573209
2019-10,net25_underlying,fully_unhedged,1.0,-0.015136273792809685
2019-11,net25_underlying,fully_unhedged,1.0,0.01936309193791863
2019-12,net25_underlying,fully_unhedged,1.0,0.00890112771336371
2020-01,net25_underlying,fully_unhedged,1.0,0.028993778640286072
2020-02,net25_underlying,fully_unhedged,1.0,0.005974469053359188
2020-03,net25_underlying,fully_unhedged,1.0,-0.023837391478190195
2020-04,net25_underlying,fully_unhedged,1.0,0.044633621460621775
2020-05,net25_underlying,fully_unhedged,1.0,0.03253375807135872
2020-06,net25_underlying,fully_unhedged,1.0,-0.0027205928344496977
2020-07,net25_underlying,fully_unhedged,1.0,0.053344720471046214
2020-08,net25_underlying,fully_unhedged,1.0,0.040399227978758834
2020-09,net25_underlying,fully_unhedged,1.0,-0.04990826358053324
2020-10,net25_underlying,fully_unhedged,1.0,-0.04558067728821491
2020-11,net25_underlying,fully_unhedged,1.0,0.045716074139745544
2020-12,net25_underlying,fully_unhedged,1.0,0.0378229546665676
2021-01,net25_underlying,fully_unhedged,1.0,0.02757942112922418
2021-02,net25_underlying,fully_unhedged,1.0,0.01702470357087349
2021-03,net25_underlying,fully_unhedged,1.0,0.015578041839388934
2021-04,net25_underlying,fully_unhedged,1.0,0.01921607248719881
2021-05,net25_underlying,fully_unhedged,1.0,0.015563471304731014
2021-06,net25_underlying,fully_unhedged,1.0,0.030853751969678767
2021-07,net25_underlying,fully_unhedged,1.0,0.020843012829256047
2021-08,net25_underlying,fully_unhedged,1.0,0.024084229361272858
2021-09,net25_underlying,fully_unhedged,1.0,-0.018984324396460472
2021-10,net25_underlying,fully_unhedged,1.0,0.028997350527184995
2021-11,net25_underlying,fully_unhedged,1.0,0.0018281775799438016
2021-12,net25_underlying,fully_unhedged,1.0,0.02321851595132496
2022-01,net25_underlying,fully_unhedged,1.0,-0.017398387961276573
2022-02,net25_underlying,fully_unhedged,1.0,-0.006501408935977615
2022-03,net25_underlying,fully_unhedged,1.0,0.031898457167405025
2022-04,net25_underlying,fully_unhedged,1.0,0.02405545179652968
2022-05,net25_underlying,fully_unhedged,1.0,-0.024820252655191277
2022-06,net25_underlying,fully_unhedged,1.0,0.015958873179195976
2022-07,net25_underlying,fully_unhedged,1.0,0.02175188722507193
2022-08,net25_underlying,fully_unhedged,1.0,0.014650856590672223
2022-09,net25_underlying,fully_unhedged,1.0,0.04114127209531171
2022-10,net25_underlying,fully_unhedged,1.0,-0.0008031853639703934
2022-11,net25_underlying,fully_unhedged,1.0,-0.04968242941058021
2022-12,net25_underlying,fully_unhedged,1.0,-0.06424526790141027
2023-01,net25_underlying,fully_unhedged,1.0,0.012520813372605355
2023-02,net25_underlying,fully_unhedged,1.0,0.0399138345842982
2023-03,net25_underlying,fully_unhedged,1.0,0.0060203927785911215
2023-04,net25_underlying,fully_unhedged,1.0,0.04068142398051444
2023-05,net25_underlying,fully_unhedged,1.0,-0.007587504436895154
2023-06,net25_underlying,fully_unhedged,1.0,0.01594743886823502
2023-07,net25_underlying,fully_unhedged,1.0,-0.01491523314837473
2023-08,net25_underlying,fully_unhedged,1.0,0.02245903281602324
2023-09,net25_underlying,fully_unhedged,1.0,-0.0038137991395644777
2023-10,net25_underlying,fully_unhedged,1.0,-0.000891535161978485
2023-11,net25_underlying,fully_unhedged,1.0,-0.01904787450644141
2023-12,net25_underlying,fully_unhedged,1.0,0.03245715874452659
2024-01,net25_underlying,fully_unhedged,1.0,0.02713127828128381
2024-02,net25_underlying,fully_unhedged,1.0,0.01999170532474226
2024-03,net25_underlying,fully_unhedged,1.0,0.03659115359017662
2024-04,net25_underlying,fully_unhedged,1.0,-0.0012434371517655585
2024-05,net25_underlying,fully_unhedged,1.0,0.010777530017644033
2024-06,net25_underlying,fully_unhedged,1.0,0.028680174438356687
2024-07,net25_underlying,fully_unhedged,1.0,-0.0026925285170914526
2024-08,net25_underlying,fully_unhedged,1.0,-0.008548827557311234
2024-09,net25_underlying,fully_unhedged,1.0,0.014623698274220498
2024-10,net25_underlying,fully_unhedged,1.0,0.03694468248603466
2024-11,net25_underlying,fully_unhedged,1.0,0.030475149472456442
2024-12,net25_underlying,fully_unhedged,1.0,0.030659467558515896
2025-01,net25_underlying,fully_unhedged,1.0,-0.002097935312629584
2025-02,net25_underlying,fully_unhedged,1.0,-0.00041099817367540314
2025-03,net25_underlying,fully_unhedged,1.0,0.0009145759581297153
2025-04,net25_underlying,fully_unhedged,1.0,-0.03353825319384607
2025-05,net25_underlying,fully_unhedged,1.0,-0.027012394455273703
2025-06,net25_underlying,fully_unhedged,1.0,0.024005545195558753
2025-07,net25_underlying,fully_unhedged,1.0,0.03206427573501269
2025-08,net25_underlying,fully_unhedged,1.0,0.01834596847944936
2025-09,net25_underlying,fully_unhedged,1.0,0.07446144285332501
2025-10,net25_underlying,fully_unhedged,1.0,0.06428302828765875
2025-11,net25_underlying,fully_unhedged,1.0,0.0239023921493009
2025-12,net25_underlying,fully_unhedged,1.0,0.0029294409825653123
2026-01,net25_underlying,fully_unhedged,1.0,0.07040830130042619
2026-02,net25_underlying,fully_unhedged,1.0,0.06242847800070206
2026-03,net25_underlying,fully_unhedged,1.0,-0.024599089481427416
2026-04,net25_underlying,fully_unhedged,1.0,0.051940207975996966
2026-05,net25_underlying,fully_unhedged,1.0,0.08831132606303282
2026-06,net25_underlying,fully_unhedged,1.0,0.005337424254214573
2026-07,net25_underlying,fully_unhedged,1.0,-0.12645846751636391
2008-06,net25_underlying,legacy_dynamic_90_50_10,0.5,0.006243905105193569
2008-07,net25_underlying,legacy_dynamic_90_50_10,0.5,-0.03701431823973221
2008-08,net25_underlying,legacy_dynamic_90_50_10,0.5,0.0331176734132215
2008-09,net25_underlying,legacy_dynamic_90_50_10,0.5,0.0008647498118891147
2008-10,net25_underlying,legacy_dynamic_90_50_10,0.5,-0.000302079483863512
2008-11,net25_underlying,legacy_dynamic_90_50_10,0.5,0.12264017682061532
2008-12,net25_underlying,legacy_dynamic_90_50_10,0.5,-0.03527945802469987
2009-01,net25_underlying,legacy_dynamic_90_50_10,0.5,0.012511314323627582
2009-02,net25_underlying,legacy_dynamic_90_50_10,0.1,-0.0037673246462612883
2009-03,net25_underlying,legacy_dynamic_90_50_10,0.1,0.01230984869017862
2009-04,net25_underlying,legacy_dynamic_90_50_10,0.1,0.0035949190058131054
2009-05,net25_underlying,legacy_dynamic_90_50_10,0.5,0.03415028478363829
2009-06,net25_underlying,legacy_dynamic_90_50_10,0.5,-0.007948145505012834
2009-07,net25_underlying,legacy_dynamic_90_50_10,0.5,0.06155191011672026
2009-08,net25_underlying,legacy_dynamic_90_50_10,0.5,0.018002779312844237
2009-09,net25_underlying,legacy_dynamic_90_50_10,0.5,0.033508411401010976
2009-10,net25_underlying,legacy_dynamic_90_50_10,0.5,-0.021657546425178
2009-11,net25_underlying,legacy_dynamic_90_50_10,0.5,0.05528519837475001
2009-12,net25_underlying,legacy_dynamic_90_50_10,0.5,0.014469292592725702
2010-01,net25_underlying,legacy_dynamic_90_50_10,0.5,-0.039423522199100045
2010-02,net25_underlying,legacy_dynamic_90_50_10,0.5,0.022261304341865042
2010-03,net25_underlying,legacy_dynamic_90_50_10,0.5,0.04356145588229995
2010-04,net25_underlying,legacy_dynamic_90_50_10,0.5,0.020650142986398362
2010-05,net25_underlying,legacy_dynamic_90_50_10,0.5,-0.017627260753975797
2010-06,net25_underlying,legacy_dynamic_90_50_10,0.5,0.0033591339415229024
2010-07,net25_underlying,legacy_dynamic_90_50_10,0.5,0.0017450035035249285
2010-08,net25_underlying,legacy_dynamic_90_50_10,0.5,0.009642488066560104
2010-09,net25_underlying,legacy_dynamic_90_50_10,0.5,0.010073725252128112
2010-10,net25_underlying,legacy_dynamic_90_50_10,0.5,0.028488720893861237
2010-11,net25_underlying,legacy_dynamic_90_50_10,0.5,0.0076899764869505696
2010-12,net25_underlying,legacy_dynamic_90_50_10,0.5,0.029395277527474124
2011-01,net25_underlying,legacy_dynamic_90_50_10,0.5,0.0012532698824991224
2011-02,net25_underlying,legacy_dynamic_90_50_10,0.5,0.028160492588129554
2011-03,net25_underlying,legacy_dynamic_90_50_10,0.5,-0.007798600475231088
2011-04,net25_underlying,legacy_dynamic_90_50_10,0.5,0.030003123815594626
2011-05,net25_underlying,legacy_dynamic_90_50_10,0.5,-0.015030071946710091
2011-06,net25_underlying,legacy_dynamic_90_50_10,0.5,-0.02406295411475281
2011-07,net25_underlying,legacy_dynamic_90_50_10,0.5,0.004708405340118676
2011-08,net25_underlying,legacy_dynamic_90_50_10,0.5,0.011630860551987834
2011-09,net25_underlying,legacy_dynamic_90_50_10,0.5,0.01610348941968598
2011-10,net25_underlying,legacy_dynamic_90_50_10,0.5,-0.0008201508734601032
2011-11,net25_underlying,legacy_dynamic_90_50_10,0.5,0.010211593654697693
2011-12,net25_underlying,legacy_dynamic_90_50_10,0.5,-0.001117837443804841
2012-01,net25_underlying,legacy_dynamic_90_50_10,0.5,0.026992501345378752
2012-02,net25_underlying,legacy_dynamic_90_50_10,0.5,0.012678794457405102
2012-03,net25_underlying,legacy_dynamic_90_50_10,0.5,0.0207092652048493
2012-04,net25_underlying,legacy_dynamic_90_50_10,0.5,-0.006859742958147837
2012-05,net25_underlying,legacy_dynamic_90_50_10,0.5,0.00023963013058721574
2012-06,net25_underlying,legacy_dynamic_90_50_10,0.5,0.007015026536067968
2012-07,net25_underlying,legacy_dynamic_90_50_10,0.5,0.0017166921264092586
2012-08,net25_underlying,legacy_dynamic_90_50_10,0.5,0.013814675951009481
2012-09,net25_underlying,legacy_dynamic_90_50_10,0.5,-0.008017330426668993
2012-10,net25_underlying,legacy_dynamic_90_50_10,0.5,-0.03141525447742773
2012-11,net25_underlying,legacy_dynamic_90_50_10,0.5,0.0040139098189002865
2012-12,net25_underlying,legacy_dynamic_90_50_10,0.9,-0.014596438297879918
2013-01,net25_underlying,legacy_dynamic_90_50_10,0.9,0.05673570589439582
2013-02,net25_underlying,legacy_dynamic_90_50_10,0.9,-0.008552676413409739
2013-03,net25_underlying,legacy_dynamic_90_50_10,0.9,0.01637142168951084
2013-04,net25_underlying,legacy_dynamic_90_50_10,0.9,0.026202544748204392
2013-05,net25_underlying,legacy_dynamic_90_50_10,0.9,0.003558611183029174
2013-06,net25_underlying,legacy_dynamic_90_50_10,0.5,-0.02409868920892933
2013-07,net25_underlying,legacy_dynamic_90_50_10,0.5,0.02066636856631544
2013-08,net25_underlying,legacy_dynamic_90_50_10,0.5,-0.010568343630423686
2013-09,net25_underlying,legacy_dynamic_90_50_10,0.9,-0.020256999837218518
2013-10,net25_underlying,legacy_dynamic_90_50_10,0.9,0.012106207992338226
2013-11,net25_underlying,legacy_dynamic_90_50_10,0.9,0.009914241157396622
2013-12,net25_underlying,legacy_dynamic_90_50_10,0.9,0.0029340172754100885
2014-01,net25_underlying,legacy_dynamic_90_50_10,0.9,0.005569475505880542
2014-02,net25_underlying,legacy_dynamic_90_50_10,0.9,0.010305256825693767
2014-03,net25_underlying,legacy_dynamic_90_50_10,0.9,-0.015951739860437877
2014-04,net25_underlying,legacy_dynamic_90_50_10,0.9,-0.02179222957338588
2014-05,net25_underlying,legacy_dynamic_90_50_10,0.9,0.0038312413861850856
2014-06,net25_underlying,legacy_dynamic_90_50_10,0.9,0.010609641465323373
2014-07,net25_underlying,legacy_dynamic_90_50_10,0.9,0.014858777575823216
2014-08,net25_underlying,legacy_dynamic_90_50_10,0.9,0.010628036707988339
2014-09,net25_underlying,legacy_dynamic_90_50_10,0.9,-0.0016815267811587783
2014-10,net25_underlying,legacy_dynamic_90_50_10,0.9,0.011756320058849438
2014-11,net25_underlying,legacy_dynamic_90_50_10,0.9,0.05740270310273541
2014-12,net25_underlying,legacy_dynamic_90_50_10,0.5,0.0021602323535721783
2015-01,net25_underlying,legacy_dynamic_90_50_10,0.5,0.029567871042544
2015-02,net25_underlying,legacy_dynamic_90_50_10,0.5,-0.0069626367351051125
2015-03,net25_underlying,legacy_dynamic_90_50_10,0.5,-0.006259258978844152
2015-04,net25_underlying,legacy_dynamic_90_50_10,0.5,-0.023714619494823123
2015-05,net25_underlying,legacy_dynamic_90_50_10,0.9,0.027023967513016955
2015-06,net25_underlying,legacy_dynamic_90_50_10,0.5,-0.020640746719819195
2015-07,net25_underlying,legacy_dynamic_90_50_10,0.5,0.021664551511015834
2015-08,net25_underlying,legacy_dynamic_90_50_10,0.5,-0.015650278443833515
2015-09,net25_underlying,legacy_dynamic_90_50_10,0.1,0.002380265049770997
2015-10,net25_underlying,legacy_dynamic_90_50_10,0.1,0.007891900813026946
2015-11,net25_underlying,legacy_dynamic_90_50_10,0.5,-0.0031543157048142343
2015-12,net25_underlying,legacy_dynamic_90_50_10,0.5,0.0016571401318206673
2016-01,net25_underlying,legacy_dynamic_90_50_10,0.5,0.012795998526430442
2016-02,net25_underlying,legacy_dynamic_90_50_10,0.1,0.019406500272841683
2016-03,net25_underlying,legacy_dynamic_90_50_10,0.1,0.013904761849500855
2016-04,net25_underlying,legacy_dynamic_90_50_10,0.5,-0.0017954755236828054
2016-05,net25_underlying,legacy_dynamic_90_50_10,0.5,0.01847660959255018
2016-06,net25_underlying,legacy_dynamic_90_50_10,0.5,0.020547190906477636
2016-07,net25_underlying,legacy_dynamic_90_50_10,0.5,-0.004953430624617507
2016-08,net25_underlying,legacy_dynamic_90_50_10,0.5,-0.004987011254376849
2016-09,net25_underlying,legacy_dynamic_90_50_10,0.5,0.0049915985572674265
2016-10,net25_underlying,legacy_dynamic_90_50_10,0.5,-0.0005410584755004104
2016-11,net25_underlying,legacy_dynamic_90_50_10,0.5,0.0010026047977471728
2016-12,net25_underlying,legacy_dynamic_90_50_10,0.5,0.027831397004864644
2017-01,net25_underlying,legacy_dynamic_90_50_10,0.5,0.007018020547007769
2017-02,net25_underlying,legacy_dynamic_90_50_10,0.5,0.003418524575753361
2017-03,net25_underlying,legacy_dynamic_90_50_10,0.5,0.006015992707511936
2017-04,net25_underlying,legacy_dynamic_90_50_10,0.5,0.01960456692775784
2017-05,net25_underlying,legacy_dynamic_90_50_10,0.5,0.02197323122306994
2017-06,net25_underlying,legacy_dynamic_90_50_10,0.5,0.0062267214373893836
2017-07,net25_underlying,legacy_dynamic_90_50_10,0.5,0.008122694562757434
2017-08,net25_underlying,legacy_dynamic_90_50_10,0.5,0.011778814225479148
2017-09,net25_underlying,legacy_dynamic_90_50_10,0.5,0.011171895966576674
2017-10,net25_underlying,legacy_dynamic_90_50_10,0.5,0.007005231246387545
2017-11,net25_underlying,legacy_dynamic_90_50_10,0.5,-0.01202916248234612
2017-12,net25_underlying,legacy_dynamic_90_50_10,0.9,0.0037530753231659712
2018-01,net25_underlying,legacy_dynamic_90_50_10,0.9,0.05746680299595224
2018-02,net25_underlying,legacy_dynamic_90_50_10,0.9,-0.029558138250513746
2018-03,net25_underlying,legacy_dynamic_90_50_10,0.9,-0.019781948244611137
2018-04,net25_underlying,legacy_dynamic_90_50_10,0.9,0.007418632346178934
2018-05,net25_underlying,legacy_dynamic_90_50_10,0.9,0.014980495235652466
2018-06,net25_underlying,legacy_dynamic_90_50_10,0.9,0.03166176433136799
2018-07,net25_underlying,legacy_dynamic_90_50_10,0.5,0.0034600433885330177
2018-08,net25_underlying,legacy_dynamic_90_50_10,0.5,0.02615217250779945
2018-09,net25_underlying,legacy_dynamic_90_50_10,0.5,-0.007011512487135528
2018-10,net25_underlying,legacy_dynamic_90_50_10,0.5,-0.016450168866269287
2018-11,net25_underlying,legacy_dynamic_90_50_10,0.5,-0.008289484691500955
2018-12,net25_underlying,legacy_dynamic_90_50_10,0.5,-0.011700199248952487
2019-01,net25_underlying,legacy_dynamic_90_50_10,0.5,0.012199537498716571
2019-02,net25_underlying,legacy_dynamic_90_50_10,0.5,0.000521077021144129
2019-03,net25_underlying,legacy_dynamic_90_50_10,0.5,0.028793127590000307
2019-04,net25_underlying,legacy_dynamic_90_50_10,0.5,0.03128412885562928
2019-05,net25_underlying,legacy_dynamic_90_50_10,0.5,-0.026121894837182386
2019-06,net25_underlying,legacy_dynamic_90_50_10,0.5,0.02239242766025141
2019-07,net25_underlying,legacy_dynamic_90_50_10,0.5,0.020684428996240106
2019-08,net25_underlying,legacy_dynamic_90_50_10,0.5,0.04643202180375941
2019-09,net25_underlying,legacy_dynamic_90_50_10,0.5,-0.011141986280931155
2019-10,net25_underlying,legacy_dynamic_90_50_10,0.5,-0.0006218476884098422
2019-11,net25_underlying,legacy_dynamic_90_50_10,0.5,0.013599427071253015
2019-12,net25_underlying,legacy_dynamic_90_50_10,0.5,0.017913940539308355
2020-01,net25_underlying,legacy_dynamic_90_50_10,0.5,0.015658075932671135
2020-02,net25_underlying,legacy_dynamic_90_50_10,0.5,-0.004070269735672656
2020-03,net25_underlying,legacy_dynamic_90_50_10,0.5,-0.0259836139137031
2020-04,net25_underlying,legacy_dynamic_90_50_10,0.5,0.046226922573243984
2020-05,net25_underlying,legacy_dynamic_90_50_10,0.5,0.025187103290000762
2020-06,net25_underlying,legacy_dynamic_90_50_10,0.1,0.02130615242256165
2020-07,net25_underlying,legacy_dynamic_90_50_10,0.5,0.05725414375951465
2020-08,net25_underlying,legacy_dynamic_90_50_10,0.5,0.04150358262920287
2020-09,net25_underlying,legacy_dynamic_90_50_10,0.5,-0.04041371026674762
2020-10,net25_underlying,legacy_dynamic_90_50_10,0.5,-0.031106203728119557
2020-11,net25_underlying,legacy_dynamic_90_50_10,0.5,0.05764260666818917
2020-12,net25_underlying,legacy_dynamic_90_50_10,0.9,0.03953383233370548
2021-01,net25_underlying,legacy_dynamic_90_50_10,0.9,0.02518944426405856
2021-02,net25_underlying,legacy_dynamic_90_50_10,0.9,0.01640311231869661
2021-03,net25_underlying,legacy_dynamic_90_50_10,0.9,0.01485096052240744
2021-04,net25_underlying,legacy_dynamic_90_50_10,0.5,0.028688624187182304
2021-05,net25_underlying,legacy_dynamic_90_50_10,0.9,0.015531363910993332
2021-06,net25_underlying,legacy_dynamic_90_50_10,0.9,0.02878948963433362
2021-07,net25_underlying,legacy_dynamic_90_50_10,0.5,0.015247727520530222
2021-08,net25_underlying,legacy_dynamic_90_50_10,0.5,0.01688368222884113
2021-09,net25_underlying,legacy_dynamic_90_50_10,0.5,-0.029472212196171285
2021-10,net25_underlying,legacy_dynamic_90_50_10,0.5,0.03620332705111685
2021-11,net25_underlying,legacy_dynamic_90_50_10,0.5,-0.0080029861545067
2021-12,net25_underlying,legacy_dynamic_90_50_10,0.5,0.02358397441678428
2022-01,net25_underlying,legacy_dynamic_90_50_10,0.5,-0.024647606944485086
2022-02,net25_underlying,legacy_dynamic_90_50_10,0.5,-0.0023037281030333576
2022-03,net25_underlying,legacy_dynamic_90_50_10,0.5,0.024714662115668765
2022-04,net25_underlying,legacy_dynamic_90_50_10,0.5,0.0007980958696156906
2022-05,net25_underlying,legacy_dynamic_90_50_10,0.1,-0.003227479434797948
2022-06,net25_underlying,legacy_dynamic_90_50_10,0.5,-0.0021754897800008617
2022-07,net25_underlying,legacy_dynamic_90_50_10,0.1,0.011463550571315092
2022-08,net25_underlying,legacy_dynamic_90_50_10,0.1,-0.012548902785725399
2022-09,net25_underlying,legacy_dynamic_90_50_10,0.1,-0.016456136466654957
2022-10,net25_underlying,legacy_dynamic_90_50_10,0.1,0.004586227365645421
2022-11,net25_underlying,legacy_dynamic_90_50_10,0.1,0.012448857314855958
2022-12,net25_underlying,legacy_dynamic_90_50_10,0.1,-0.020734977338566198
2023-01,net25_underlying,legacy_dynamic_90_50_10,0.5,0.02434383752221743
2023-02,net25_underlying,legacy_dynamic_90_50_10,0.5,0.005660224838151701
2023-03,net25_underlying,legacy_dynamic_90_50_10,0.5,0.01449764731818531
2023-04,net25_underlying,legacy_dynamic_90_50_10,0.5,0.02485525458717397
2023-05,net25_underlying,legacy_dynamic_90_50_10,0.5,-0.001794769775356727
2023-06,net25_underlying,legacy_dynamic_90_50_10,0.5,0.01543682132629896
2023-07,net25_underlying,legacy_dynamic_90_50_10,0.5,0.0024826754566011355
2023-08,net25_underlying,legacy_dynamic_90_50_10,0.5,0.004431862809496669
2023-09,net25_underlying,legacy_dynamic_90_50_10,0.5,-0.012390956548494939
2023-10,net25_underlying,legacy_dynamic_90_50_10,0.5,-0.0009730496976720925
2023-11,net25_underlying,legacy_dynamic_90_50_10,0.5,0.0036835878801348455
2023-12,net25_underlying,legacy_dynamic_90_50_10,0.5,0.036707092134346045
2024-01,net25_underlying,legacy_dynamic_90_50_10,0.5,0.008247387630339807
2024-02,net25_underlying,legacy_dynamic_90_50_10,0.5,0.01740611312161863
2024-03,net25_underlying,legacy_dynamic_90_50_10,0.5,0.03199496847299241
2024-04,net25_underlying,legacy_dynamic_90_50_10,0.5,-0.015715157589071327
2024-05,net25_underlying,legacy_dynamic_90_50_10,0.5,0.014392633164812966
2024-06,net25_underlying,legacy_dynamic_90_50_10,0.5,0.02693996713252044
2024-07,net25_underlying,legacy_dynamic_90_50_10,0.5,0.0018167586328347736
2024-08,net25_underlying,legacy_dynamic_90_50_10,0.5,0.004483286242763233
2024-09,net25_underlying,legacy_dynamic_90_50_10,0.5,0.02139260647285085
2024-10,net25_underlying,legacy_dynamic_90_50_10,0.5,0.013160480686725432
2024-11,net25_underlying,legacy_dynamic_90_50_10,0.5,0.02502800812323597
2024-12,net25_underlying,legacy_dynamic_90_50_10,0.5,0.004639962191332798
2025-01,net25_underlying,legacy_dynamic_90_50_10,0.1,0.013931086802745232
2025-02,net25_underlying,legacy_dynamic_90_50_10,0.5,-0.0032376783668430016
2025-03,net25_underlying,legacy_dynamic_90_50_10,0.5,-0.006599279132804692
2025-04,net25_underlying,legacy_dynamic_90_50_10,0.1,-0.004085206833880177
2025-05,net25_underlying,legacy_dynamic_90_50_10,0.5,-0.008076775068040502
2025-06,net25_underlying,legacy_dynamic_90_50_10,0.5,0.03232441671777753
2025-07,net25_underlying,legacy_dynamic_90_50_10,0.5,0.016114302588361648
2025-08,net25_underlying,legacy_dynamic_90_50_10,0.5,0.01932485321573578
2025-09,net25_underlying,legacy_dynamic_90_50_10,0.5,0.06898248267927776
2025-10,net25_underlying,legacy_dynamic_90_50_10,0.5,0.056484127535202926
2025-11,net25_underlying,legacy_dynamic_90_50_10,0.5,0.0108075940862553
2025-12,net25_underlying,legacy_dynamic_90_50_10,0.5,0.011121470460921306
2026-01,net25_underlying,legacy_dynamic_90_50_10,0.5,0.0738358405732816
2026-02,net25_underlying,legacy_dynamic_90_50_10,0.5,0.06110818013283603
2026-03,net25_underlying,legacy_dynamic_90_50_10,0.5,-0.04763569162667316
2026-04,net25_underlying,legacy_dynamic_90_50_10,0.5,0.062402426750910685
2026-05,net25_underlying,legacy_dynamic_90_50_10,0.5,0.07645565000621365
2026-06,net25_underlying,legacy_dynamic_90_50_10,0.5,-0.008220851956003063
2026-07,net25_underlying,legacy_dynamic_90_50_10,0.1,-0.05561526336101492
