rank,combination,mean_decision_distance,min_pair_distance,max_pair_distance,historical_2023_set
1,ADM | DM | FAA | LAA | QSF,0.8945418809335072,0.6722152864474961,0.9782608695652174,False
2,BAA_Aggressive | DM | FAA | LAA | QSF,0.8904170459364851,0.7760632796845709,0.9782608695652174,False
3,DM | FAA | LAA | QSF | RAA,0.8901643849843598,0.6101254480286739,0.9833333333333334,False
4,ADM | DM | FAA | QSF | RAA,0.8892930218749522,0.6722152864474961,0.9833333333333334,False
5,ADM | BAA_Aggressive | DM | LAA | QSF,0.8869506513554939,0.6722152864474961,0.9782608695652174,False
6,ADM | BAA_Aggressive | FAA | LAA | QSF,0.8850960945544083,0.7760632796845709,0.971830985915493,False
7,BAA_Balanced | DM | FAA | LAA | QSF,0.8843995328211278,0.716141963885919,0.9782608695652174,False
8,ADM | BAA_Balanced | DM | LAA | QSF,0.8843577539483924,0.6722152864474961,0.9782608695652174,False
9,ADM | FAA | LAA | QSF | RAA,0.883705048521087,0.6101254480286739,0.971830985915493,False
10,BAA_Aggressive | DM | FAA | QSF | RAA,0.8836617439347083,0.7760632796845709,0.9833333333333334,False
11,BAA_Aggressive | DM | FAA | LAA | RAA,0.8829817838921873,0.6101254480286739,0.9833333333333334,False
12,ADM | DM | FAA | LAA | RAA,0.8823361260560414,0.6101254480286739,0.9833333333333334,False
13,ADM | DAA | DM | LAA | QSF,0.8817563864095354,0.6722152864474961,0.9782608695652174,False
14,ADM | BAA_Aggressive | DM | FAA | LAA,0.8814698694156717,0.6722152864474961,0.9782608695652174,False
15,ADM | DM | GTAA | LAA | QSF,0.88134875120628,0.6722152864474961,0.9782608695652174,False
16,DM | FAA | GTAA | LAA | QSF,0.8812577164077373,0.6973058880504235,0.9782608695652174,False
17,DM | FAA | LAA | RAA | VAA,0.8791734824977793,0.6101254480286739,0.9833333333333334,False
18,DM | FAA | GTAA | QSF | RAA,0.8784320144256503,0.6973058880504235,0.9833333333333334,False
19,ADM | BAA_Balanced | FAA | LAA | QSF,0.8782776448220553,0.716141963885919,0.971830985915493,False
20,BAA_Aggressive | DM | GTAA | LAA | QSF,0.8779140244824836,0.7568485291943027,0.9782608695652174,False
21,ADM | FAA | GTAA | LAA | QSF,0.8769832235488995,0.6973058880504235,0.971830985915493,False
22,BAA_Balanced | DM | FAA | QSF | RAA,0.876659257792985,0.716141963885919,0.9833333333333334,False
23,ADM | BAA_Aggressive | DM | QSF | RAA,0.8761503609007631,0.6722152864474961,0.9833333333333334,False
24,ADM | DM | GPM | LAA | QSF,0.8753569194047028,0.6722152864474961,0.9782608695652174,False
25,DM | FAA | GPM | LAA | QSF,0.8747299464511482,0.738450008477058,0.9782608695652174,False
26,ADM | DM | GTAA | QSF | RAA,0.8744780607712388,0.6722152864474961,0.9833333333333334,False
27,ADM | DM | FAA | GPM | LAA,0.8744713200443641,0.6722152864474961,0.9782608695652174,False
28,DAA | DM | FAA | LAA | QSF,0.8740119499980874,0.6386287149357383,0.9782608695652174,False
29,ADM | BAA_Aggressive | FAA | QSF | RAA,0.8735042566779173,0.7760632796845709,0.9685534591194968,False
30,ADM | DAA | DM | QSF | RAA,0.873197090921718,0.6722152864474961,0.9833333333333334,False
31,DM | FAA | GTAA | LAA | RAA,0.8728205200296836,0.6101254480286739,0.9833333333333334,False
32,ADM | BAA_Balanced | DM | QSF | RAA,0.8725724904672957,0.6722152864474961,0.9833333333333334,False
33,ADM | DM | LAA | QSF | RAA,0.8722035351209427,0.6101254480286739,0.9833333333333334,False
34,BAA_Balanced | DM | GTAA | LAA | QSF,0.8717729037841752,0.6956911375661375,0.9782608695652174,False
35,DM | FAA | LAA | QSF | VAA,0.8716186019538352,0.7039891840648093,0.9782608695652174,False
36,ADM | BAA_Aggressive | DM | FAA | RAA,0.871527792808507,0.6722152864474961,0.9833333333333334,False
37,ADM | BAA_Aggressive | FAA | LAA | RAA,0.8713924403064144,0.6101254480286739,0.971830985915493,False
38,DM | FAA | KDA | LAA | QSF,0.8712496015520823,0.6910555849523415,0.9782608695652174,False
39,DM | FAA | KDA | LAA | RAA,0.8712353291224277,0.6101254480286739,0.9833333333333334,False
40,BAA_Aggressive | DAA | DM | LAA | QSF,0.8711143620429953,0.7026323957812348,0.9782608695652174,False
41,BAA_Balanced | DM | FAA | LAA | RAA,0.8709555652276906,0.6101254480286739,0.9833333333333334,False
42,DAA | DM | GTAA | LAA | QSF,0.870585342056126,0.710178099565871,0.9782608695652174,False
43,DM | GTAA | LAA | QSF | RAA,0.8704389985494909,0.6101254480286739,0.9833333333333334,False
44,ADM | BAA_Aggressive | GTAA | LAA | QSF,0.8704240842877777,0.7568485291943027,0.971830985915493,False
45,ADM | FAA | GPM | LAA | QSF,0.8701035252608701,0.738450008477058,0.971830985915493,False
46,BAA_Aggressive | DM | GTAA | QSF | RAA,0.8695368911042205,0.7568485291943027,0.9833333333333334,False
47,ADM | BAA_Balanced | DM | FAA | LAA,0.8695023753077576,0.6722152864474961,0.9782608695652174,False
48,DAA | DM | FAA | QSF | RAA,0.8694976429632242,0.6386287149357383,0.9833333333333334,False
49,DM | FAA | GPM | QSF | RAA,0.8694640293817345,0.738450008477058,0.9833333333333334,False
50,ADM | DM | KDA | LAA | QSF,0.8694326633042622,0.6722152864474961,0.9782608695652174,False
51,ADM | FAA | GTAA | QSF | RAA,0.869320985692098,0.6973058880504235,0.9685534591194968,False
52,ADM | BAA_Aggressive | DM | LAA | RAA,0.869219934023833,0.6101254480286739,0.9833333333333334,False
53,ADM | BAA_Aggressive | DM | GTAA | LAA,0.868972207881361,0.6722152864474961,0.9782608695652174,False
54,ADM | FAA | LAA | RAA | VAA,0.8688293844743701,0.6101254480286739,0.971830985915493,False
55,ADM | DAA | FAA | LAA | QSF,0.8688034460126579,0.6386287149357383,0.971830985915493,False
56,DM | GTAA | LAA | RAA | VAA,0.8687778198989606,0.6101254480286739,0.9833333333333334,False
57,DM | FAA | GPM | LAA | RAA,0.8684415248767261,0.6101254480286739,0.9833333333333334,False
58,BAA_Aggressive | DM | LAA | QSF | RAA,0.8682181671009636,0.6101254480286739,0.9833333333333334,False
59,ADM | DM | LAA | QSF | VAA,0.8679577863445838,0.6722152864474961,0.9782608695652174,False
60,DM | FAA | QSF | RAA | VAA,0.8678884878303557,0.7039891840648093,0.9833333333333334,False
61,DM | GTAA | LAA | QSF | VAA,0.8677498361429675,0.733739837398374,0.9782608695652174,False
62,DM | FAA | KDA | QSF | RAA,0.8675864667627818,0.6910555849523415,0.9833333333333334,False
63,ADM | FAA | LAA | QSF | VAA,0.8675428961341218,0.7039891840648093,0.971830985915493,False
64,BAA_Aggressive | DM | KDA | LAA | QSF,0.8674515463499455,0.7460545933273917,0.9782608695652174,False
65,ADM | FAA | KDA | LAA | QSF,0.867133428255676,0.6910555849523415,0.971830985915493,False
66,ADM | DM | FAA | LAA | PAA,0.8667986311085658,0.6722152864474961,0.9782608695652174,False
67,ADM | BAA_Aggressive | DAA | DM | LAA,0.8661518066690294,0.6722152864474961,0.9782608695652174,False
68,ADM | DM | GPM | QSF | RAA,0.8660460138823352,0.6722152864474961,0.9833333333333334,False
69,ADM | DM | FAA | GPM | RAA,0.8660186283695628,0.6722152864474961,0.9833333333333334,False
70,ADM | BAA_Balanced | FAA | QSF | RAA,0.8657008339191983,0.716141963885919,0.9685534591194968,False
71,BAA_Balanced | DM | LAA | QSF | RAA,0.8655665451372798,0.6101254480286739,0.9833333333333334,False
72,DAA | DM | LAA | QSF | RAA,0.865468176798043,0.6101254480286739,0.9833333333333334,False
73,ADM | DM | LAA | RAA | VAA,0.865217211601165,0.6101254480286739,0.9833333333333334,False
74,ADM | BAA_Aggressive | DM | LAA | PAA,0.8650690739759599,0.6722152864474961,0.9782608695652174,False
75,BAA_Aggressive | DM | FAA | GTAA | LAA,0.8646821730877553,0.6973058880504235,0.9782608695652174,False
76,DAA | DM | GTAA | QSF | RAA,0.8644492036447765,0.710178099565871,0.9833333333333334,False
77,AAA | DM | FAA | LAA | QSF,0.8641876349135036,0.6618125940389378,0.9782608695652174,False
78,DAA | DM | FAA | LAA | RAA,0.8641755578924867,0.6101254480286739,0.9833333333333334,False
79,DM | LAA | QSF | RAA | VAA,0.8641628187795225,0.6101254480286739,0.9833333333333334,False
80,ADM | BAA_Aggressive | DM | KDA | LAA,0.8639527855840804,0.6722152864474961,0.9782608695652174,False
81,BAA_Aggressive | DM | GTAA | LAA | RAA,0.8639518656502349,0.6101254480286739,0.9833333333333334,False
82,BAA_Aggressive | DM | LAA | RAA | VAA,0.8637795805861334,0.6101254480286739,0.9833333333333334,False
83,BAA_Balanced | DM | LAA | QSF | VAA,0.8635765191638317,0.7168017319161111,0.9782608695652174,False
84,ADM | DM | FAA | GTAA | LAA,0.8634858739554268,0.6722152864474961,0.9782608695652174,False
85,ADM | BAA_Balanced | GTAA | LAA | QSF,0.8634820269724732,0.6956911375661375,0.971830985915493,False
86,AAA | ADM | DM | LAA | QSF,0.8632487983266841,0.6722152864474961,0.9782608695652174,False
87,ADM | DAA | GTAA | LAA | QSF,0.8632078492580673,0.710178099565871,0.971830985915493,False
88,ADM | DM | FAA | LAA | VAA,0.8627240513317949,0.6722152864474961,0.9782608695652174,False
89,ADM | BAA_Aggressive | DAA | LAA | QSF,0.8626904107216978,0.7026323957812348,0.971830985915493,False
90,ADM | DM | GTAA | LAA | RAA,0.8626160995408633,0.6101254480286739,0.9833333333333334,False
91,BAA_Balanced | DM | GTAA | QSF | RAA,0.8624107973795461,0.6956911375661375,0.9833333333333334,False
92,DM | GTAA | QSF | RAA | VAA,0.8623978906430017,0.733739837398374,0.9833333333333334,False
93,ADM | FAA | GTAA | LAA | RAA,0.8622776349671497,0.6101254480286739,0.971830985915493,False
94,AAA | DM | FAA | LAA | RAA,0.8620901031719166,0.6101254480286739,0.9833333333333334,False
95,BAA_Aggressive | DM | KDA | LAA | RAA,0.8619123114660961,0.6101254480286739,0.9833333333333334,False
96,ADM | GTAA | LAA | QSF | RAA,0.8618106732735891,0.6101254480286739,0.971830985915493,False
97,AAA | BAA_Aggressive | DM | LAA | QSF,0.8617781724015761,0.7306975293160801,0.9782608695652174,False
98,BAA_Aggressive | DM | LAA | QSF | VAA,0.8617496624963842,0.6982793498867158,0.9782608695652174,False
99,ADM | DM | KDA | QSF | RAA,0.8617245400620076,0.6722152864474961,0.9833333333333334,False
100,ADM | BAA_Aggressive | DM | LAA | VAA,0.8616851377255319,0.6722152864474961,0.9782608695652174,False
101,ADM | DAA | DM | LAA | RAA,0.8616245390165718,0.6101254480286739,0.9833333333333334,False
102,BAA_Aggressive | DM | FAA | KDA | LAA,0.8615707238368376,0.6910555849523415,0.9782608695652174,False
103,ADM | GTAA | LAA | QSF | VAA,0.8615051415106251,0.733739837398374,0.971830985915493,False
104,DM | KDA | LAA | QSF | RAA,0.8615027787606149,0.6101254480286739,0.9833333333333334,False
105,DM | GPM | GTAA | LAA | QSF,0.861260208362031,0.7232987948265727,0.9782608695652174,False
106,BAA_Aggressive | DM | FAA | LAA | VAA,0.8611469533397204,0.6982793498867158,0.9782608695652174,False
107,BAA_Aggressive | DM | FAA | LAA | PAA,0.8611011068309257,0.7284918706559762,0.9782608695652174,False
108,BAA_Aggressive | DAA | DM | QSF | RAA,0.8610486236119561,0.7026323957812348,0.9833333333333334,False
109,ADM | DM | GPM | GTAA | LAA,0.8610069418749378,0.6722152864474961,0.9782608695652174,False
110,AAA | ADM | FAA | LAA | QSF,0.8608915067356355,0.6618125940389378,0.971830985915493,False
111,ADM | FAA | KDA | LAA | RAA,0.8608507636223255,0.6101254480286739,0.971830985915493,False
112,AAA | DM | FAA | QSF | RAA,0.8606635039321903,0.6618125940389378,0.9833333333333334,False
113,DM | FAA | LAA | PAA | RAA,0.860643145635098,0.6101254480286739,0.9833333333333334,False
114,ADM | BAA_Balanced | DM | LAA | RAA,0.8606183310675923,0.6101254480286739,0.9833333333333334,False
115,ADM | DAA | DM | FAA | LAA,0.8602193687729335,0.6386287149357383,0.9782608695652174,False
116,ADM | DM | QSF | RAA | VAA,0.86018268376815,0.6722152864474961,0.9833333333333334,False
117,ADM | BAA_Aggressive | KDA | LAA | QSF,0.8601199257176713,0.7460545933273917,0.971830985915493,False
118,ADM | FAA | GPM | QSF | RAA,0.8600010723167422,0.738450008477058,0.9685534591194968,False
119,ADM | BAA_Aggressive | DM | GPM | LAA,0.8599760163804978,0.6119069769138721,0.9782608695652174,False
120,BAA_Balanced | DM | LAA | RAA | VAA,0.8595977317044415,0.6101254480286739,0.9833333333333334,False
121,ADM | DAA | FAA | QSF | RAA,0.8594526031030801,0.6386287149357383,0.9685534591194968,False
122,ADM | DM | KDA | LAA | RAA,0.8591229355872448,0.6101254480286739,0.9833333333333334,False
123,ADM | FAA | QSF | RAA | VAA,0.8589762461359278,0.7039891840648093,0.9685534591194968,False
124,ADM | DM | FAA | KDA | LAA,0.8589208149350291,0.6722152864474961,0.9782608695652174,False
125,ADM | DM | GTAA | LAA | VAA,0.8588606454406179,0.6722152864474961,0.9782608695652174,False
126,ADM | DM | GPM | LAA | RAA,0.8587730425429179,0.6101254480286739,0.9833333333333334,False
127,ADM | DM | FAA | PAA | RAA,0.8587420120910083,0.6722152864474961,0.9833333333333334,False
128,ADM | FAA | KDA | QSF | RAA,0.8586337575916613,0.6910555849523415,0.9685534591194968,False
129,ADM | BAA_Balanced | DM | FAA | RAA,0.858575325674227,0.6722152864474961,0.9833333333333334,False
130,ADM | BAA_Balanced | FAA | LAA | RAA,0.8585652850249221,0.6101254480286739,0.971830985915493,False
131,ADM | BAA_Aggressive | LAA | QSF | RAA,0.8585433833018227,0.6101254480286739,0.971830985915493,False
132,BAA_Aggressive | DM | KDA | QSF | RAA,0.8582369801644691,0.7460545933273917,0.9833333333333334,False
133,ADM | DM | GPM | LAA | VAA,0.8581621326156992,0.6722152864474961,0.9782608695652174,False
134,BAA_Aggressive | DM | GTAA | LAA | VAA,0.857973655721769,0.6982793498867158,0.9782608695652174,False
135,ADM | BAA_Balanced | DM | LAA | VAA,0.8575620134004225,0.6722152864474961,0.9782608695652174,False
136,ADM | FAA | GPM | LAA | RAA,0.8575467114827522,0.6101254480286739,0.971830985915493,False
137,ADM | DM | FAA | GTAA | RAA,0.8574733973679518,0.6722152864474961,0.9833333333333334,False
138,ADM | BAA_Aggressive | DM | GTAA | RAA,0.8574082998977101,0.6722152864474961,0.9833333333333334,False
139,DM | FAA | LAA | PAA | QSF,0.8572502754047366,0.6207275577645948,0.9782608695652174,False
140,ADM | BAA_Aggressive | GTAA | QSF | RAA,0.8572104150348003,0.7568485291943027,0.94245658087466,False
141,BAA_Aggressive | DM | FAA | GTAA | RAA,0.8571632535570586,0.6973058880504235,0.9833333333333334,False
142,ADM | DM | LAA | PAA | QSF,0.8570192425547081,0.6207275577645948,0.9782608695652174,False
143,ADM | BAA_Balanced | DM | GTAA | LAA,0.8568811061904956,0.6722152864474961,0.9782608695652174,False
144,ADM | DAA | DM | GTAA | LAA,0.8567981207506629,0.6722152864474961,0.9782608695652174,False
145,DM | EAA | FAA | LAA | RAA,0.856420233922828,0.6101254480286739,0.9833333333333334,False
146,ADM | GTAA | LAA | RAA | VAA,0.8562647330629224,0.6101254480286739,0.971830985915493,False
147,ADM | DM | EAA | FAA | LAA,0.8561718486303611,0.6722152864474961,0.9782608695652174,False
148,ADM | DAA | LAA | QSF | RAA,0.8559058403955492,0.6101254480286739,0.971830985915493,False
149,ADM | DM | FAA | RAA | VAA,0.8558071626029273,0.6722152864474961,0.9833333333333334,False
150,ADM | BAA_Aggressive | DM | FAA | QSF,0.8557608484595581,0.6722152864474961,0.94245658087466,False
151,AAA | ADM | BAA_Aggressive | DM | LAA,0.8557577951445918,0.6722152864474961,0.9782608695652174,False
152,AAA | DM | LAA | QSF | RAA,0.8557572709622235,0.6101254480286739,0.9833333333333334,False
153,BAA_Aggressive | DAA | DM | LAA | RAA,0.8557530074831998,0.6101254480286739,0.9833333333333334,False
154,ADM | LAA | QSF | RAA | VAA,0.8557332805427451,0.6101254480286739,0.971830985915493,False
155,AAA | ADM | DM | QSF | RAA,0.8556796788924169,0.6722152864474961,0.9833333333333334,False
156,ADM | BAA_Balanced | LAA | QSF | VAA,0.8554844293912545,0.7168017319161111,0.971830985915493,False
157,ADM | BAA_Aggressive | FAA | GTAA | LAA,0.8552776731064176,0.6973058880504235,0.971830985915493,False
158,AAA | ADM | BAA_Aggressive | LAA | QSF,0.8552665968878399,0.7306975293160801,0.971830985915493,False
159,BAA_Aggressive | DM | FAA | GPM | LAA,0.8551500434318802,0.6119069769138721,0.9782608695652174,False
160,DM | KDA | LAA | RAA | VAA,0.8551385664410928,0.6101254480286739,0.9833333333333334,False
161,ADM | BAA_Balanced | LAA | QSF | RAA,0.855090824721143,0.6101254480286739,0.971830985915493,False
162,BAA_Balanced | DM | KDA | LAA | QSF,0.8547997394424327,0.6197903396071828,0.9782608695652174,False
163,DM | FAA | GTAA | LAA | VAA,0.8547650316752726,0.6973058880504235,0.9782608695652174,False
164,ADM | GPM | GTAA | LAA | QSF,0.854464798359124,0.7232987948265727,0.971830985915493,False
165,ADM | BAA_Aggressive | LAA | QSF | VAA,0.8544585093408028,0.6982793498867158,0.971830985915493,False
166,DM | GPM | GTAA | QSF | RAA,0.8543724599161312,0.7232987948265727,0.9833333333333334,False
167,DAA | DM | GTAA | LAA | RAA,0.8542220531625745,0.6101254480286739,0.9833333333333334,False
168,BAA_Aggressive | DAA | DM | FAA | LAA,0.8542083702625185,0.6386287149357383,0.9782608695652174,False
169,AAA | BAA_Aggressive | DM | LAA | RAA,0.8541556782057942,0.6101254480286739,0.9833333333333334,False
170,DM | EAA | FAA | LAA | QSF,0.8539366730010343,0.66262737884406,0.9782608695652174,False
171,ADM | DM | EAA | LAA | QSF,0.8537978507737127,0.66262737884406,0.9782608695652174,False
172,BAA_Balanced | DM | FAA | LAA | VAA,0.8535992133063551,0.7039891840648093,0.9782608695652174,False
173,DM | FAA | GPM | LAA | VAA,0.8535305806953417,0.7039891840648093,0.9782608695652174,False
174,DM | GTAA | KDA | LAA | QSF,0.8534940034566978,0.6193150680482424,0.9782608695652174,False
175,BAA_Balanced | DM | QSF | RAA | VAA,0.85331000061781,0.7168017319161111,0.9833333333333334,False
176,BAA_Aggressive | DM | FAA | KDA | RAA,0.8532143714989276,0.6910555849523415,0.9833333333333334,False
177,DM | EAA | FAA | QSF | RAA,0.8531738371437998,0.66262737884406,0.9833333333333334,False
178,ADM | KDA | LAA | QSF | RAA,0.8530327730471445,0.6101254480286739,0.971830985915493,False
179,ADM | BAA_Aggressive | DAA | DM | RAA,0.8528992936326023,0.6722152864474961,0.9833333333333334,False
180,ADM | FAA | LAA | PAA | QSF,0.8527717341482337,0.6207275577645948,0.971830985915493,False
181,BAA_Aggressive | DM | FAA | RAA | VAA,0.8527236216676309,0.6982793498867158,0.9833333333333334,False
182,DM | GPM | LAA | RAA | VAA,0.8527148658321468,0.6101254480286739,0.9833333333333334,False
183,AAA | BAA_Aggressive | DM | QSF | RAA,0.8527026100240869,0.7306975293160801,0.9833333333333334,False
184,ADM | DAA | FAA | LAA | RAA,0.8526986617033613,0.6101254480286739,0.971830985915493,False
185,DM | FAA | GPM | GTAA | LAA,0.8526235395467865,0.6973058880504235,0.9782608695652174,False
186,AAA | ADM | FAA | QSF | RAA,0.852530839879608,0.6618125940389378,0.9685534591194968,False
187,AAA | ADM | FAA | LAA | RAA,0.8525255827903526,0.6101254480286739,0.971830985915493,False
188,ADM | DAA | DM | FAA | RAA,0.8525182871326823,0.6386287149357383,0.9833333333333334,False
189,AAA | DM | GTAA | LAA | QSF,0.8525168395236958,0.6509201041906078,0.9782608695652174,False
190,AAA | BAA_Aggressive | DM | FAA | LAA,0.8524976317363482,0.6618125940389378,0.9782608695652174,False
191,BAA_Aggressive | DM | QSF | RAA | VAA,0.8524681169767285,0.6982793498867158,0.9833333333333334,False
192,DM | FAA | PAA | QSF | RAA,0.8523804309925671,0.6207275577645948,0.9833333333333334,False
193,ADM | BAA_Aggressive | FAA | KDA | LAA,0.8523245434179314,0.6910555849523415,0.971830985915493,False
194,ADM | BAA_Aggressive | DM | EAA | LAA,0.8523230765020597,0.6722152864474961,0.9782608695652174,False
195,ADM | DAA | GTAA | QSF | RAA,0.8522351749720034,0.710178099565871,0.94245658087466,False
196,ADM | DM | EAA | FAA | RAA,0.8522222381677391,0.6722152864474961,0.9833333333333334,False
197,ADM | DM | FAA | KDA | RAA,0.852070905540341,0.6722152864474961,0.9833333333333334,False
198,ADM | BAA_Aggressive | FAA | LAA | VAA,0.851941240397507,0.6982793498867158,0.971830985915493,False
199,BAA_Balanced | DM | GTAA | LAA | RAA,0.851802039402787,0.6101254480286739,0.9833333333333334,False
200,ADM | BAA_Aggressive | DM | KDA | RAA,0.8515514447932164,0.6722152864474961,0.9833333333333334,False
201,BAA_Aggressive | DM | FAA | PAA | RAA,0.8515380448701464,0.7284918706559762,0.9833333333333334,False
202,ADM | BAA_Aggressive | FAA | LAA | PAA,0.8514925584519226,0.7284918706559762,0.971830985915493,False
203,BAA_Aggressive | DAA | DM | GTAA | LAA,0.8514772305134735,0.7026323957812348,0.9782608695652174,False
204,ADM | BAA_Aggressive | DM | PAA | RAA,0.8514610235622266,0.6722152864474961,0.9833333333333334,False
205,BAA_Aggressive | DM | GPM | LAA | QSF,0.8514046169360938,0.6119069769138721,0.9782608695652174,False
206,AAA | DM | LAA | RAA | VAA,0.8513377491882874,0.6101254480286739,0.9833333333333334,False
207,ADM | GTAA | QSF | RAA | VAA,0.8513166601359448,0.733739837398374,0.94245658087466,False
208,ADM | DM | GPM | GTAA | RAA,0.8509324188236503,0.6722152864474961,0.9833333333333334,False
209,AAA | ADM | DM | LAA | RAA,0.8508558112977344,0.6101254480286739,0.9833333333333334,False
210,AAA | BAA_Balanced | DM | LAA | QSF,0.8504217243305817,0.6173868639610561,0.9782608695652174,False
211,ADM | DM | GTAA | RAA | VAA,0.8503219253352642,0.6722152864474961,0.9833333333333334,False
212,BAA_Balanced | DM | GTAA | LAA | VAA,0.8503023081054526,0.6956911375661375,0.9782608695652174,False
213,DM | FAA | GTAA | RAA | VAA,0.8502713000228729,0.6973058880504235,0.9833333333333334,False
214,ADM | DM | LAA | PAA | VAA,0.8502445643440915,0.6722152864474961,0.9782608695652174,False
215,ADM | BAA_Aggressive | LAA | RAA | VAA,0.850220035226856,0.6101254480286739,0.971830985915493,False
216,ADM | DM | GTAA | LAA | PAA,0.8501978860151056,0.6722152864474961,0.9782608695652174,False
217,ADM | BAA_Aggressive | GTAA | LAA | RAA,0.8501935332518329,0.6101254480286739,0.971830985915493,False
218,ADM | DM | LAA | PAA | RAA,0.8501166574977066,0.6101254480286739,0.9833333333333334,False
219,ADM | FAA | LAA | PAA | RAA,0.849896212174899,0.6101254480286739,0.971830985915493,False
220,ADM | EAA | FAA | LAA | QSF,0.8497967739448056,0.66262737884406,0.971830985915493,False
221,BAA_Balanced | DAA | DM | LAA | QSF,0.8495856140359225,0.48759873106542545,0.9782608695652174,False
222,DM | GPM | LAA | QSF | VAA,0.849538107272522,0.7091522244848897,0.9782608695652174,False
223,DM | GPM | GTAA | LAA | VAA,0.8493905664422747,0.7091522244848897,0.9782608695652174,False
224,AAA | ADM | DM | FAA | LAA,0.8493372318053314,0.6618125940389378,0.9782608695652174,False
225,ADM | BAA_Balanced | GTAA | QSF | RAA,0.8492833846931299,0.6956911375661375,0.94245658087466,False
226,ADM | BAA_Aggressive | DM | RAA | VAA,0.8492168176004885,0.6722152864474961,0.9833333333333334,False
227,BAA_Balanced | DM | FAA | GTAA | LAA,0.8491664556886341,0.6956911375661375,0.9782608695652174,False
228,ADM | DM | FAA | GPM | QSF,0.8491048435507382,0.6722152864474961,0.94245658087466,False
229,DM | GPM | LAA | QSF | RAA,0.8490827255060187,0.6101254480286739,0.9833333333333334,False
230,ADM | DM | EAA | QSF | RAA,0.8489900264635244,0.66262737884406,0.9833333333333334,False
231,ADM | BAA_Balanced | DM | FAA | QSF,0.8488170868744176,0.6722152864474961,0.94245658087466,False
232,DM | GPM | GTAA | LAA | RAA,0.8484448899996581,0.6101254480286739,0.9833333333333334,False
233,ADM | DAA | DM | GPM | LAA,0.8483937242420814,0.5711544972082562,0.9782608695652174,False
234,ADM | BAA_Aggressive | KDA | LAA | RAA,0.8483122986301259,0.6101254480286739,0.971830985915493,False
235,BAA_Aggressive | DM | EAA | FAA | LAA,0.8482628987343179,0.6751456348063919,0.9782608695652174,False
236,DM | GTAA | KDA | QSF | RAA,0.8482090372909111,0.6193150680482424,0.9833333333333334,False
237,ADM | BAA_Aggressive | DM | GTAA | QSF,0.8481682523367121,0.6722152864474961,0.94245658087466,False
238,AAA | ADM | LAA | QSF | RAA,0.8481073103672914,0.6101254480286739,0.971830985915493,False
239,ADM | DM | PAA | QSF | RAA,0.8481044096895844,0.6207275577645948,0.9833333333333334,False
240,BAA_Aggressive | DM | GTAA | RAA | VAA,0.8479284926731934,0.6982793498867158,0.9833333333333334,False
241,ADM | BAA_Aggressive | DAA | QSF | RAA,0.8477881364159442,0.7026323957812348,0.94245658087466,False
242,ADM | DAA | DM | GTAA | RAA,0.8474752077339254,0.6722152864474961,0.9833333333333334,False
243,AAA | DM | GTAA | QSF | RAA,0.8473708771658964,0.6509201041906078,0.9833333333333334,False
244,ADM | GTAA | KDA | LAA | QSF,0.8472088413476625,0.6193150680482424,0.971830985915493,False
245,ADM | DM | GPM | RAA | VAA,0.8471831974230188,0.6722152864474961,0.9833333333333334,False
246,AAA | ADM | GTAA | LAA | QSF,0.8470517225331987,0.6509201041906078,0.971830985915493,False
247,DM | GTAA | KDA | LAA | RAA,0.8469528342390923,0.6101254480286739,0.9833333333333334,False
248,BAA_Aggressive | DM | LAA | PAA | QSF,0.8466906924209429,0.6207275577645948,0.9782608695652174,False
249,ADM | BAA_Balanced | KDA | LAA | QSF,0.8466671821931625,0.6197903396071828,0.971830985915493,False
250,ADM | FAA | GTAA | LAA | VAA,0.8466057772562982,0.6973058880504235,0.971830985915493,False
251,ADM | BAA_Aggressive | GTAA | LAA | VAA,0.8465989539669266,0.6982793498867158,0.971830985915493,False
252,DM | FAA | GPM | RAA | VAA,0.8465966339556156,0.7039891840648093,0.9833333333333334,False
253,DM | FAA | GPM | GTAA | RAA,0.846594004948453,0.6973058880504235,0.9833333333333334,False
254,DM | FAA | LAA | PAA | VAA,0.8464710182273174,0.6956308595562981,0.9782608695652174,False
255,ADM | BAA_Aggressive | KDA | QSF | RAA,0.8460688236574805,0.7460545933273917,0.94245658087466,False
256,ADM | EAA | FAA | LAA | RAA,0.8460119426629031,0.6101254480286739,0.971830985915493,False
257,ADM | DM | EAA | LAA | RAA,0.8459859564081436,0.6101254480286739,0.9833333333333334,False
258,ADM | BAA_Aggressive | DM | GPM | RAA,0.8459718933095207,0.6119069769138721,0.9833333333333334,False
259,BAA_Aggressive | FAA | LAA | QSF | RAA,0.8457146315522927,0.6101254480286739,0.9713964695689841,False
260,DM | KDA | LAA | QSF | VAA,0.8456876587367003,0.6443260614016753,0.9782608695652174,False
261,FAA | GTAA | LAA | QSF | RAA,0.8454244921445252,0.6101254480286739,0.9713964695689841,False
262,ADM | BAA_Aggressive | FAA | GPM | LAA,0.8453936151191023,0.6119069769138721,0.971830985915493,False
263,ADM | BAA_Balanced | DM | KDA | LAA,0.8453509976840106,0.6197903396071828,0.9782608695652174,False
264,ADM | BAA_Balanced | LAA | RAA | VAA,0.8452372497281683,0.6101254480286739,0.971830985915493,False
265,BAA_Aggressive | DM | FAA | GPM | RAA,0.8451909088138571,0.6119069769138721,0.9833333333333334,False
266,BAA_Aggressive | DM | GTAA | LAA | PAA,0.8451904700106911,0.6808625540157344,0.9782608695652174,False
267,ADM | BAA_Balanced | DM | GPM | LAA,0.8450724733078381,0.5226251714677641,0.9782608695652174,False
268,ADM | BAA_Aggressive | DAA | DM | QSF,0.8450584417991512,0.6722152864474961,0.94245658087466,False
269,ADM | FAA | GPM | LAA | VAA,0.8450193979449272,0.7039891840648093,0.971830985915493,False
270,BAA_Aggressive | DAA | DM | FAA | RAA,0.8450008456790454,0.6386287149357383,0.9833333333333334,False
271,DM | LAA | PAA | RAA | VAA,0.8446716072547099,0.6101254480286739,0.9833333333333334,False
272,DAA | DM | GPM | LAA | QSF,0.8446677295020178,0.5711544972082562,0.9782608695652174,False
273,BAA_Balanced | DM | KDA | QSF | RAA,0.8446002002305905,0.6197903396071828,0.9833333333333334,False
274,BAA_Aggressive | DM | LAA | PAA | RAA,0.8445586001971094,0.6101254480286739,0.9833333333333334,False
275,BAA_Aggressive | DM | GTAA | KDA | LAA,0.8445105939343694,0.6193150680482424,0.9782608695652174,False
276,ADM | BAA_Balanced | DM | GTAA | RAA,0.8443322251804787,0.6722152864474961,0.9833333333333334,False
277,AAA | BAA_Aggressive | DM | FAA | RAA,0.8442802832064255,0.6618125940389378,0.9833333333333334,False
278,ADM | EAA | FAA | QSF | RAA,0.8441974022128568,0.66262737884406,0.9685534591194968,False
279,BAA_Balanced | DM | FAA | RAA | VAA,0.8441909086078997,0.7039891840648093,0.9833333333333334,False
280,ADM | BAA_Balanced | DM | RAA | VAA,0.8441087202490131,0.6722152864474961,0.9833333333333334,False
281,AAA | ADM | BAA_Aggressive | FAA | LAA,0.8440714964359802,0.6618125940389378,0.971830985915493,False
282,AAA | DM | LAA | QSF | VAA,0.8439701007958273,0.6685271574653294,0.9782608695652174,False
283,ADM | FAA | GPM | GTAA | LAA,0.8439135697572475,0.6973058880504235,0.971830985915493,False
284,AAA | DM | GTAA | LAA | RAA,0.8438924109941581,0.6101254480286739,0.9833333333333334,False
285,ADM | BAA_Aggressive | DAA | FAA | LAA,0.8438698591545887,0.6386287149357383,0.971830985915493,False
286,ADM | BAA_Balanced | FAA | LAA | VAA,0.843592563747146,0.7039891840648093,0.971830985915493,False
287,ADM | BAA_Aggressive | GPM | LAA | QSF,0.8435627484099479,0.6119069769138721,0.971830985915493,False
288,AAA | ADM | BAA_Aggressive | DM | RAA,0.8434954581617149,0.6722152864474961,0.9833333333333334,False
289,DAA | DM | LAA | QSF | VAA,0.843420193444383,0.5416010540018475,0.9782608695652174,False
290,BAA_Balanced | DM | KDA | LAA | RAA,0.8432517990094439,0.6101254480286739,0.9833333333333334,False
291,AAA | ADM | BAA_Balanced | LAA | QSF,0.8431092121998498,0.6173868639610561,0.971830985915493,False
292,FAA | LAA | QSF | RAA | VAA,0.8430989498214754,0.6101254480286739,0.9713964695689841,False
293,ADM | FAA | PAA | QSF | RAA,0.8430653538613496,0.6207275577645948,0.9685534591194968,False
294,DAA | DM | LAA | RAA | VAA,0.8430489814728294,0.5416010540018475,0.9833333333333334,False
295,ADM | GPM | LAA | QSF | VAA,0.8429414843087395,0.7091522244848897,0.971830985915493,False
296,ADM | BAA_Aggressive | FAA | GTAA | RAA,0.8429222177010065,0.6973058880504235,0.9685534591194968,False
297,ADM | BAA_Aggressive | DM | EAA | RAA,0.8428220346432616,0.6722152864474961,0.9833333333333334,False
298,BAA_Aggressive | DM | KDA | LAA | VAA,0.8428081439202393,0.6443260614016753,0.9782608695652174,False
299,BAA_Aggressive | DM | EAA | FAA | RAA,0.842806845328474,0.6751456348063919,0.9833333333333334,False
300,ADM | KDA | LAA | RAA | VAA,0.842783799167486,0.6101254480286739,0.971830985915493,False
301,ADM | GPM | GTAA | QSF | RAA,0.8427405140385098,0.7232987948265727,0.94245658087466,False
302,ADM | DM | FAA | GTAA | QSF,0.842708387352759,0.6722152864474961,0.94245658087466,False
303,DM | FAA | GTAA | LAA | PAA,0.8426724894905373,0.6808625540157344,0.9782608695652174,False
304,AAA | ADM | DM | FAA | RAA,0.8426263262186303,0.6618125940389378,0.9833333333333334,False
305,BAA_Aggressive | DM | LAA | PAA | VAA,0.8424637512152738,0.6956308595562981,0.9782608695652174,False
306,BAA_Balanced | DM | GPM | LAA | QSF,0.842451054855991,0.5226251714677641,0.9782608695652174,False
307,BAA_Aggressive | DM | GPM | GTAA | LAA,0.8423757735356796,0.6119069769138721,0.9782608695652174,False
308,ADM | DM | EAA | GTAA | LAA,0.8423177741173117,0.6722152864474961,0.9782608695652174,False
309,ADM | DM | KDA | LAA | VAA,0.8422415238696083,0.6443260614016753,0.9782608695652174,False
310,DM | GPM | QSF | RAA | VAA,0.8417459466852296,0.7091522244848897,0.9833333333333334,False
311,ADM | DM | GPM | KDA | LAA,0.8415394404642982,0.568024067826069,0.9782608695652174,False
312,AAA | BAA_Aggressive | DM | GTAA | LAA,0.8415223045394571,0.6509201041906078,0.9782608695652174,False
313,DAA | DM | KDA | LAA | QSF,0.8414036571106707,0.512192095569785,0.9782608695652174,False
314,AAA | ADM | BAA_Aggressive | LAA | RAA,0.841375710488362,0.6101254480286739,0.971830985915493,False
315,AAA | ADM | BAA_Aggressive | QSF | RAA,0.8413544986356364,0.7306975293160801,0.94245658087466,False
316,DAA | DM | FAA | GTAA | LAA,0.841297254964618,0.6386287149357383,0.9782608695652174,False
317,BAA_Aggressive | DM | EAA | LAA | QSF,0.8412578750215447,0.66262737884406,0.9782608695652174,False
318,ADM | DM | GTAA | KDA | LAA,0.8411705767593354,0.6193150680482424,0.9782608695652174,False
319,ADM | BAA_Balanced | DM | GTAA | QSF,0.8411008831686202,0.6722152864474961,0.94245658087466,False
320,ADM | BAA_Aggressive | DAA | LAA | RAA,0.8410606639582061,0.6101254480286739,0.971830985915493,False
321,DM | GPM | GTAA | RAA | VAA,0.8408347883260623,0.7091522244848897,0.9833333333333334,False
322,BAA_Balanced | DM | FAA | GTAA | RAA,0.8406625631315714,0.6956911375661375,0.9833333333333334,False
323,BAA_Aggressive | DAA | DM | GTAA | RAA,0.8406478745535143,0.7026323957812348,0.9833333333333334,False
324,DM | GTAA | LAA | PAA | QSF,0.8406441703915858,0.6207275577645948,0.9782608695652174,False
325,ADM | DAA | DM | GTAA | QSF,0.8406362902342304,0.6722152864474961,0.94245658087466,False
326,BAA_Aggressive | DM | GPM | QSF | RAA,0.8405872684705045,0.6119069769138721,0.9833333333333334,False
327,ADM | DAA | GTAA | LAA | RAA,0.8405761681608197,0.6101254480286739,0.971830985915493,False
328,ADM | DM | GPM | GTAA | QSF,0.8405455307927763,0.6722152864474961,0.94245658087466,False
329,ADM | DM | GTAA | PAA | RAA,0.8405194356210618,0.6722152864474961,0.9833333333333334,False
330,AAA | DAA | DM | LAA | QSF,0.8404135440671932,0.543667640607394,0.9782608695652174,False
331,ADM | BAA_Balanced | QSF | RAA | VAA,0.8403813749705187,0.7168017319161111,0.94245658087466,False
332,AAA | BAA_Balanced | DM | QSF | RAA,0.8403611889267266,0.6173868639610561,0.9833333333333334,False
333,ADM | BAA_Balanced | DAA | LAA | QSF,0.8403607260976289,0.48759873106542545,0.971830985915493,False
334,ADM | BAA_Aggressive | QSF | RAA | VAA,0.8403404279464329,0.6982793498867158,0.94245658087466,False
335,DM | EAA | LAA | RAA | VAA,0.8402701180619438,0.6101254480286739,0.9833333333333334,False
336,ADM | GPM | LAA | QSF | RAA,0.8401024718986768,0.6101254480286739,0.971830985915493,False
337,DM | EAA | GTAA | LAA | QSF,0.8400772385682937,0.66262737884406,0.9782608695652174,False
338,DM | FAA | KDA | LAA | VAA,0.8400538831506257,0.6443260614016753,0.9782608695652174,False
339,DM | FAA | PAA | RAA | VAA,0.8399331441448352,0.6956308595562981,0.9833333333333334,False
340,ADM | GPM | LAA | RAA | VAA,0.8398498506646683,0.6101254480286739,0.971830985915493,False
341,ADM | BAA_Balanced | DM | EAA | LAA,0.8398394887930731,0.6100633829970151,0.9782608695652174,False
342,AAA | ADM | LAA | RAA | VAA,0.8398030270332187,0.6101254480286739,0.971830985915493,False
343,ADM | DM | PAA | RAA | VAA,0.8396617018086554,0.6722152864474961,0.9833333333333334,False
344,ADM | KDA | LAA | QSF | VAA,0.8396012836667894,0.6443260614016753,0.971830985915493,False
345,BAA_Aggressive | DM | GPM | LAA | RAA,0.8395912329074768,0.6101254480286739,0.9833333333333334,False
346,BAA_Balanced | DM | FAA | KDA | LAA,0.839544320228512,0.6197903396071828,0.9782608695652174,False
347,BAA_Aggressive | FAA | GTAA | LAA | QSF,0.839543447876288,0.6973058880504235,0.9713964695689841,False
348,DM | KDA | QSF | RAA | VAA,0.839498280429521,0.6443260614016753,0.9833333333333334,False
349,ADM | DM | EAA | LAA | VAA,0.8394392043853912,0.6616909988587124,0.9782608695652174,False
350,BAA_Balanced | DM | GTAA | RAA | VAA,0.839272172030511,0.6956911375661375,0.9833333333333334,False
351,DM | GTAA | LAA | PAA | VAA,0.8391946370502167,0.6808625540157344,0.9782608695652174,False
352,ADM | DAA | DM | FAA | QSF,0.8391524728450364,0.6386287149357383,0.94245658087466,False
353,ADM | BAA_Aggressive | FAA | KDA | RAA,0.839131655205307,0.6910555849523415,0.9685534591194968,False
354,AAA | BAA_Aggressive | DM | LAA | VAA,0.8390794605174555,0.6685271574653294,0.9782608695652174,False
355,ADM | BAA_Aggressive | LAA | PAA | QSF,0.8389967038285718,0.6207275577645948,0.971830985915493,False
356,ADM | BAA_Aggressive | EAA | FAA | LAA,0.8389929925555893,0.6751456348063919,0.971830985915493,False
357,ADM | BAA_Aggressive | DAA | GTAA | LAA,0.8389697305929147,0.7026323957812348,0.971830985915493,False
358,ADM | BAA_Balanced | FAA | GTAA | LAA,0.8389610190903006,0.6956911375661375,0.971830985915493,False
359,BAA_Balanced | FAA | LAA | QSF | RAA,0.8388374572633571,0.6101254480286739,0.9713964695689841,False
360,ADM | GPM | GTAA | LAA | VAA,0.8387103948792312,0.7091522244848897,0.971830985915493,False
361,AAA | ADM | LAA | QSF | VAA,0.8387037708444547,0.6685271574653294,0.971830985915493,False
362,ADM | BAA_Aggressive | FAA | RAA | VAA,0.8386813728507032,0.6982793498867158,0.9685534591194968,False
363,ADM | BAA_Balanced | DAA | DM | LAA,0.8386730776693995,0.48759873106542545,0.9782608695652174,False
364,BAA_Aggressive | BAA_Balanced | DM | LAA | QSF,0.8386136880928298,0.3512630769993555,0.9782608695652174,False
365,FAA | KDA | LAA | QSF | RAA,0.8385545649644435,0.6101254480286739,0.9713964695689841,False
366,BAA_Balanced | DAA | DM | QSF | RAA,0.8385349025785173,0.48759873106542545,0.9833333333333334,False
367,ADM | DAA | DM | LAA | VAA,0.8385102639691902,0.5416010540018475,0.9782608695652174,False
368,AAA | ADM | BAA_Balanced | DM | LAA,0.8384513660810405,0.6173868639610561,0.9782608695652174,False
369,BAA_Aggressive | DM | EAA | LAA | RAA,0.8382164734891434,0.6101254480286739,0.9833333333333334,False
370,ADM | BAA_Balanced | GTAA | LAA | VAA,0.8381266697336143,0.6956911375661375,0.971830985915493,False
371,ADM | FAA | LAA | PAA | VAA,0.8381077154106779,0.6956308595562981,0.971830985915493,False
372,AAA | ADM | DM | LAA | VAA,0.8380023494376163,0.6685271574653294,0.9782608695652174,False
373,AAA | DM | QSF | RAA | VAA,0.8379197262966352,0.6685271574653294,0.9833333333333334,False
374,DM | EAA | GTAA | QSF | RAA,0.8376925713345731,0.66262737884406,0.9833333333333334,False
375,AAA | ADM | DM | GTAA | LAA,0.8376717963352144,0.6509201041906078,0.9782608695652174,False
376,BAA_Aggressive | DM | FAA | GTAA | QSF,0.8376277507086979,0.6973058880504235,0.9345679012345679,False
377,DM | GTAA | LAA | PAA | RAA,0.8375101438339965,0.6101254480286739,0.9833333333333334,False
378,ADM | FAA | GTAA | RAA | VAA,0.837275509729184,0.6973058880504235,0.9685534591194968,False
379,ADM | BAA_Balanced | GTAA | LAA | RAA,0.8372427703873893,0.6101254480286739,0.971830985915493,False
380,ADM | BAA_Aggressive | FAA | PAA | RAA,0.8370929606164289,0.7284918706559762,0.9685534591194968,False
381,ADM | GTAA | KDA | QSF | RAA,0.8370873393071612,0.6193150680482424,0.94245658087466,False
382,AAA | ADM | GTAA | QSF | RAA,0.8370692243006849,0.6509201041906078,0.94245658087466,False
383,DM | FAA | GTAA | PAA | RAA,0.8370390275494477,0.6808625540157344,0.9833333333333334,False
384,ADM | DAA | GPM | LAA | QSF,0.8369383083725191,0.5711544972082562,0.971830985915493,False
385,BAA_Balanced | DM | FAA | GPM | LAA,0.8368218846509649,0.5226251714677641,0.9782608695652174,False
386,AAA | BAA_Balanced | DM | LAA | RAA,0.8367905245856605,0.6101254480286739,0.9833333333333334,False
387,BAA_Aggressive | DM | GPM | LAA | VAA,0.8367575671520375,0.6119069769138721,0.9782608695652174,False
388,ADM | DM | EAA | GTAA | RAA,0.8367463322782032,0.6722152864474961,0.9833333333333334,False
389,ADM | BAA_Balanced | DM | LAA | PAA,0.8367304973810917,0.5048597299877837,0.9782608695652174,False
390,ADM | DAA | DM | GPM | RAA,0.8366305961380176,0.5711544972082562,0.9833333333333334,False
391,DAA | DM | QSF | RAA | VAA,0.8363796428916409,0.5416010540018475,0.9833333333333334,False
392,DM | GPM | KDA | LAA | QSF,0.8363496511161337,0.568024067826069,0.9782608695652174,False
393,BAA_Aggressive | DM | PAA | QSF | RAA,0.8362694166125975,0.6207275577645948,0.9833333333333334,False
394,ADM | DAA | LAA | QSF | VAA,0.8362414876854487,0.5416010540018475,0.971830985915493,False
395,DAA | DM | GPM | QSF | RAA,0.8360913760033419,0.5711544972082562,0.9833333333333334,False
396,DM | EAA | GTAA | LAA | RAA,0.8360339027021364,0.6101254480286739,0.9833333333333334,False
397,DAA | DM | FAA | GTAA | RAA,0.8360193304008348,0.6386287149357383,0.9833333333333334,False
398,FAA | GTAA | LAA | RAA | VAA,0.8358739729670557,0.6101254480286739,0.9713964695689841,False
399,ADM | DM | GPM | LAA | PAA,0.835768118274699,0.4815852393398689,0.9782608695652174,False
400,DM | EAA | FAA | LAA | VAA,0.8355734476459098,0.6616909988587124,0.9782608695652174,False
401,ADM | GPM | GTAA | LAA | RAA,0.8353810877930549,0.6101254480286739,0.971830985915493,False
402,AAA | ADM | DM | GPM | LAA,0.835350504814303,0.572727551709692,0.9782608695652174,False
403,DM | FAA | GTAA | KDA | LAA,0.8352310856325588,0.6193150680482424,0.9782608695652174,False
404,BAA_Aggressive | DM | EAA | GTAA | LAA,0.8350989324944941,0.6751456348063919,0.9782608695652174,False
405,DM | FAA | GPM | KDA | LAA,0.8350640111825094,0.568024067826069,0.9782608695652174,False
406,BAA_Aggressive | DM | EAA | QSF | RAA,0.8349436077681343,0.66262737884406,0.9833333333333334,False
407,AAA | DM | FAA | LAA | VAA,0.8349366070576328,0.6618125940389378,0.9782608695652174,False
408,BAA_Balanced | DM | EAA | LAA | QSF,0.8347242683051149,0.6100633829970151,0.9782608695652174,False
409,DM | FAA | KDA | RAA | VAA,0.8347227186910124,0.6443260614016753,0.9833333333333334,False
410,DM | EAA | FAA | GTAA | LAA,0.8347001669700361,0.6761751739272123,0.9782608695652174,False
411,ADM | BAA_Aggressive | DM | GPM | QSF,0.8345830709448909,0.6119069769138721,0.94245658087466,False
412,BAA_Aggressive | DM | GTAA | KDA | RAA,0.8345324102199732,0.6193150680482424,0.9833333333333334,False
413,DAA | DM | KDA | QSF | RAA,0.8344300858921077,0.512192095569785,0.9833333333333334,False
414,ADM | GTAA | KDA | LAA | RAA,0.8343992799263609,0.6101254480286739,0.971830985915493,False
415,ADM | DM | EAA | GPM | LAA,0.8343796065414286,0.5418138608965833,0.9782608695652174,False
416,ADM | DM | KDA | LAA | PAA,0.8343414333811776,0.5616983147823471,0.9782608695652174,False
417,ADM | DAA | KDA | LAA | QSF,0.8341844838750434,0.512192095569785,0.971830985915493,False
418,DM | GTAA | PAA | QSF | RAA,0.8341524946029301,0.6207275577645948,0.9833333333333334,False
419,ADM | FAA | GTAA | LAA | PAA,0.8341103996347734,0.6808625540157344,0.971830985915493,False
420,AAA | ADM | DAA | LAA | QSF,0.8340144159501042,0.543667640607394,0.971830985915493,False
421,BAA_Aggressive | DM | GTAA | PAA | RAA,0.8340055766734256,0.6808625540157344,0.9833333333333334,False
422,ADM | GTAA | LAA | PAA | QSF,0.8339966403224537,0.6207275577645948,0.971830985915493,False
423,ADM | BAA_Aggressive | EAA | LAA | QSF,0.8339025286294479,0.66262737884406,0.971830985915493,False
424,ADM | BAA_Aggressive | DM | KDA | QSF,0.8338884732838192,0.6722152864474961,0.94245658087466,False
425,ADM | BAA_Balanced | GPM | LAA | QSF,0.8338082497128493,0.5226251714677641,0.971830985915493,False
426,DM | EAA | LAA | QSF | RAA,0.8338018373351336,0.6101254480286739,0.9833333333333334,False
427,ADM | EAA | GTAA | LAA | QSF,0.833768350699436,0.66262737884406,0.971830985915493,False
428,AAA | DAA | DM | QSF | RAA,0.8335789766566174,0.543667640607394,0.9833333333333334,False
429,DAA | DM | KDA | LAA | RAA,0.8334632921655183,0.512192095569785,0.9833333333333334,False
430,ADM | BAA_Aggressive | GTAA | LAA | PAA,0.833412932819059,0.6808625540157344,0.971830985915493,False
431,BAA_Aggressive | FAA | LAA | RAA | VAA,0.8333867045105231,0.6101254480286739,0.9713964695689841,False
432,ADM | FAA | GPM | RAA | VAA,0.8332489153304866,0.7039891840648093,0.9685534591194968,False
433,DM | EAA | FAA | GTAA | RAA,0.8331737135838818,0.6761751739272123,0.9833333333333334,False
434,DM | EAA | FAA | RAA | VAA,0.8331425821183627,0.6616909988587124,0.9833333333333334,False
435,ADM | BAA_Aggressive | GTAA | KDA | LAA,0.8330954247028342,0.6193150680482424,0.971830985915493,False
436,ADM | DAA | DM | KDA | LAA,0.833059491640465,0.512192095569785,0.9782608695652174,False
437,ADM | FAA | GPM | GTAA | RAA,0.8330474992841994,0.6973058880504235,0.9685534591194968,False
438,ADM | DM | EAA | RAA | VAA,0.83296335040489,0.6616909988587124,0.9833333333333334,False
439,ADM | DM | KDA | RAA | VAA,0.832865370957041,0.6443260614016753,0.9833333333333334,False
440,AAA | FAA | LAA | QSF | RAA,0.8327510006235895,0.6101254480286739,0.9713964695689841,False
441,ADM | DM | GTAA | KDA | RAA,0.8326988359881607,0.6193150680482424,0.9833333333333334,False
442,AAA | DM | GPM | LAA | QSF,0.8326823319572577,0.572727551709692,0.9782608695652174,False
443,DAA | DM | GTAA | LAA | VAA,0.832664364485028,0.5416010540018475,0.9782608695652174,False
444,AAA | DM | GTAA | LAA | VAA,0.8325955355038754,0.6509201041906078,0.9782608695652174,False
445,ADM | BAA_Aggressive | BAA_Balanced | DM | LAA,0.8325465564306475,0.3512630769993555,0.9782608695652174,False
446,DAA | DM | FAA | GPM | LAA,0.8323569203010246,0.5711544972082562,0.9782608695652174,False
447,BAA_Balanced | DM | EAA | FAA | LAA,0.8323546953170758,0.6100633829970151,0.9782608695652174,False
448,AAA | ADM | GTAA | LAA | RAA,0.8321589017999649,0.6101254480286739,0.971830985915493,False
449,ADM | DM | FAA | PAA | QSF,0.8321469354674003,0.6207275577645948,0.94245658087466,False
450,ADM | FAA | KDA | LAA | VAA,0.8320529482940829,0.6443260614016753,0.971830985915493,False
451,ADM | DAA | DM | LAA | PAA,0.8320274175155516,0.47314574773044266,0.9782608695652174,False
452,ADM | DAA | FAA | GTAA | LAA,0.8320052023799274,0.6386287149357383,0.971830985915493,False
453,ADM | BAA_Balanced | DM | KDA | RAA,0.8319646838667805,0.6197903396071828,0.9833333333333334,False
454,DM | GPM | KDA | LAA | RAA,0.83195725670216,0.568024067826069,0.9833333333333334,False
455,ADM | LAA | PAA | RAA | VAA,0.8319544720210063,0.6101254480286739,0.971830985915493,False
456,BAA_Aggressive | DM | KDA | RAA | VAA,0.8319255480644502,0.6443260614016753,0.9833333333333334,False
457,DAA | FAA | LAA | QSF | RAA,0.8318662576535798,0.6101254480286739,0.9713964695689841,False
458,DM | LAA | PAA | QSF | VAA,0.8318135568903016,0.6207275577645948,0.9782608695652174,False
459,AAA | BAA_Balanced | DM | FAA | LAA,0.8317665869645413,0.6173868639610561,0.9782608695652174,False
460,ADM | BAA_Aggressive | GTAA | RAA | VAA,0.8317172550436366,0.6982793498867158,0.928538090936465,False
461,AAA | BAA_Aggressive | DM | GTAA | RAA,0.8316831246330478,0.6509201041906078,0.9833333333333334,False
462,ADM | BAA_Balanced | KDA | QSF | RAA,0.8316311071066058,0.6197903396071828,0.94245658087466,False
463,DM | GTAA | KDA | LAA | VAA,0.8316280088912913,0.6193150680482424,0.9782608695652174,False
464,ADM | BAA_Aggressive | KDA | LAA | VAA,0.8315917617278284,0.6443260614016753,0.971830985915493,False
465,BAA_Aggressive | FAA | KDA | LAA | QSF,0.8311472623525443,0.6910555849523415,0.9713964695689841,False
466,DM | EAA | GTAA | LAA | VAA,0.8310437370492197,0.6616909988587124,0.9782608695652174,False
467,DM | GTAA | PAA | RAA | VAA,0.8310349315912482,0.6808625540157344,0.9833333333333334,False
468,AAA | ADM | BAA_Aggressive | FAA | RAA,0.8310176120313431,0.6618125940389378,0.9685534591194968,False
469,AAA | ADM | BAA_Aggressive | GTAA | LAA,0.8309271804264599,0.6509201041906078,0.971830985915493,False
470,ADM | BAA_Aggressive | LAA | PAA | VAA,0.8308850010627662,0.6956308595562981,0.971830985915493,False
471,AAA | DM | FAA | GTAA | LAA,0.8308542035474371,0.6509201041906078,0.9782608695652174,False
472,FAA | GTAA | LAA | QSF | VAA,0.8308189261273956,0.6973058880504235,0.9713964695689841,False
473,DM | FAA | GTAA | KDA | RAA,0.8308043333143382,0.6193150680482424,0.9833333333333334,False
474,BAA_Aggressive | DM | GPM | GTAA | RAA,0.8307948075411703,0.6119069769138721,0.9833333333333334,False
475,BAA_Aggressive | DM | KDA | LAA | PAA,0.830787627146243,0.5616983147823471,0.9782608695652174,False
476,BAA_Balanced | DM | GPM | QSF | RAA,0.8306487333640357,0.5226251714677641,0.9833333333333334,False
477,ADM | DM | GPM | KDA | RAA,0.8306274846057973,0.568024067826069,0.9833333333333334,False
478,DM | LAA | PAA | QSF | RAA,0.8306193583501947,0.6101254480286739,0.9833333333333334,False
479,ADM | BAA_Aggressive | FAA | GPM | RAA,0.8305979446263649,0.6119069769138721,0.9685534591194968,False
480,ADM | BAA_Aggressive | LAA | PAA | RAA,0.8305962194010424,0.6101254480286739,0.971830985915493,False
481,GTAA | LAA | QSF | RAA | VAA,0.8305289384903368,0.6101254480286739,0.9455331473025538,False
482,DAA | DM | GPM | LAA | RAA,0.830453215412098,0.5711544972082562,0.9833333333333334,False
483,ADM | BAA_Aggressive | GPM | GTAA | LAA,0.8304503564102725,0.6119069769138721,0.971830985915493,False
484,BAA_Aggressive | DAA | DM | LAA | VAA,0.8304159766075975,0.5416010540018475,0.9782608695652174,False
485,ADM | BAA_Aggressive | DM | PAA | QSF,0.8303909093928136,0.6207275577645948,0.94245658087466,False
486,AAA | DAA | DM | LAA | RAA,0.8303899198101083,0.543667640607394,0.9833333333333334,False
487,BAA_Aggressive | FAA | GTAA | QSF | RAA,0.8303747670762647,0.6973058880504235,0.9685534591194968,False
488,BAA_Aggressive | DM | PAA | RAA | VAA,0.8303744457366158,0.6956308595562981,0.9833333333333334,False
489,ADM | GPM | QSF | RAA | VAA,0.8303127878467327,0.7091522244848897,0.94245658087466,False
490,ADM | DAA | DM | EAA | LAA,0.8302177915422749,0.5291632268870916,0.9782608695652174,False
491,BAA_Balanced | DM | FAA | KDA | RAA,0.830202994864236,0.6197903396071828,0.9833333333333334,False
492,ADM | BAA_Balanced | DM | GPM | RAA,0.830083377210495,0.5226251714677641,0.9833333333333334,False
493,ADM | BAA_Aggressive | DAA | FAA | RAA,0.8298257986964014,0.6386287149357383,0.9685534591194968,False
494,AAA | DM | FAA | RAA | VAA,0.8297444464060069,0.6618125940389378,0.9833333333333334,False
495,ADM | GPM | KDA | LAA | QSF,0.8297125606756582,0.568024067826069,0.971830985915493,False
496,ADM | BAA_Aggressive | FAA | GTAA | QSF,0.8296551070563417,0.6973058880504235,0.94245658087466,False
497,BAA_Aggressive | FAA | KDA | LAA | RAA,0.8296350905523617,0.6101254480286739,0.9713964695689841,False
498,BAA_Aggressive | FAA | GTAA | LAA | RAA,0.8296083521277062,0.6101254480286739,0.9713964695689841,False
499,ADM | DAA | LAA | RAA | VAA,0.8296018835101991,0.5416010540018475,0.971830985915493,False
500,AAA | ADM | DAA | DM | LAA,0.8295477621058682,0.543667640607394,0.9782608695652174,False
501,ADM | BAA_Balanced | FAA | KDA | LAA,0.82949720319261,0.6197903396071828,0.971830985915493,False
502,BAA_Aggressive | DM | EAA | LAA | VAA,0.8294469656381706,0.6616909988587124,0.9782608695652174,False
503,ADM | BAA_Balanced | DM | EAA | RAA,0.829353473907909,0.6100633829970151,0.9833333333333334,False
504,ADM | BAA_Balanced | FAA | RAA | VAA,0.8293477231739763,0.7039891840648093,0.9685534591194968,False
505,AAA | ADM | DM | GTAA | RAA,0.8293390593720271,0.6509201041906078,0.9833333333333334,False
506,BAA_Balanced | DM | FAA | LAA | PAA,0.8293379145278017,0.5048597299877837,0.9782608695652174,False
507,ADM | BAA_Aggressive | BAA_Balanced | LAA | QSF,0.8292763527578891,0.3512630769993555,0.971830985915493,False
508,BAA_Aggressive | DAA | DM | KDA | LAA,0.8291922111727553,0.512192095569785,0.9782608695652174,False
509,BAA_Balanced | FAA | GTAA | LAA | QSF,0.8291767748527279,0.6956911375661375,0.9713964695689841,False
510,BAA_Aggressive | DAA | DM | GTAA | QSF,0.8290384642206513,0.7026323957812348,0.9345679012345679,False
511,ADM | DM | FAA | KDA | QSF,0.8288829715767487,0.6722152864474961,0.94245658087466,False
512,ADM | BAA_Balanced | KDA | LAA | RAA,0.8288508495564777,0.6101254480286739,0.971830985915493,False
513,AAA | ADM | DM | RAA | VAA,0.8287652003330364,0.6685271574653294,0.9833333333333334,False
514,DM | FAA | KDA | LAA | PAA,0.8287240099029722,0.5616983147823471,0.9782608695652174,False
515,ADM | BAA_Aggressive | EAA | FAA | RAA,0.828700403275031,0.6751456348063919,0.9685534591194968,False
516,AAA | ADM | BAA_Aggressive | LAA | VAA,0.828683123443583,0.6685271574653294,0.971830985915493,False
517,ADM | GTAA | LAA | PAA | VAA,0.8286623454209481,0.6808625540157344,0.971830985915493,False
518,DAA | DM | GPM | GTAA | LAA,0.8286590639168641,0.5711544972082562,0.9782608695652174,False
519,BAA_Balanced | DM | KDA | LAA | VAA,0.8286261100947184,0.6197903396071828,0.9782608695652174,False
520,DM | GPM | KDA | QSF | RAA,0.8286244698630206,0.568024067826069,0.9833333333333334,False
521,ADM | KDA | QSF | RAA | VAA,0.8285753694848959,0.6443260614016753,0.94245658087466,False
522,BAA_Aggressive | BAA_Balanced | DM | FAA | LAA,0.8283893353083199,0.3512630769993555,0.9782608695652174,False
523,AAA | BAA_Aggressive | DM | RAA | VAA,0.8283358684696538,0.6685271574653294,0.9833333333333334,False
524,DM | EAA | LAA | QSF | VAA,0.8283213770061032,0.6616909988587124,0.9782608695652174,False
525,ADM | DAA | DM | RAA | VAA,0.8282829388110601,0.5416010540018475,0.9833333333333334,False
526,BAA_Balanced | DAA | DM | LAA | RAA,0.8282155539269874,0.48759873106542545,0.9833333333333334,False
527,AAA | ADM | BAA_Balanced | QSF | RAA,0.8282121409212803,0.6173868639610561,0.94245658087466,False
528,DM | FAA | GPM | KDA | RAA,0.8281970437769626,0.568024067826069,0.9833333333333334,False
529,BAA_Aggressive | DM | EAA | GTAA | RAA,0.8280210477121639,0.6751456348063919,0.9833333333333334,False
530,AAA | DM | FAA | GPM | LAA,0.8279969738715135,0.572727551709692,0.9782608695652174,False
531,AAA | ADM | BAA_Aggressive | DM | QSF,0.8279157459642501,0.6722152864474961,0.94245658087466,False
532,ADM | BAA_Aggressive | GPM | QSF | RAA,0.8279088640696441,0.6119069769138721,0.94245658087466,False
533,ADM | EAA | LAA | RAA | VAA,0.8278916250285144,0.6101254480286739,0.971830985915493,False
534,AAA | ADM | QSF | RAA | VAA,0.8278168604705483,0.6685271574653294,0.94245658087466,False
535,AAA | ADM | FAA | LAA | VAA,0.8277557173196282,0.6618125940389378,0.971830985915493,False
536,DM | FAA | GPM | LAA | PAA,0.8277067835951188,0.4815852393398689,0.9782608695652174,False
537,ADM | DAA | DM | GPM | QSF,0.8276429038346909,0.5711544972082562,0.94245658087466,False
538,ADM | EAA | FAA | LAA | VAA,0.8275487870295445,0.6616909988587124,0.971830985915493,False
539,BAA_Balanced | DM | EAA | QSF | RAA,0.8274250280253387,0.6100633829970151,0.9833333333333334,False
540,BAA_Aggressive | FAA | LAA | QSF | VAA,0.8273297233371071,0.6982793498867158,0.9713964695689841,False
541,BAA_Balanced | DM | FAA | GTAA | QSF,0.82713576583235,0.6956911375661375,0.9345679012345679,False
542,ADM | FAA | GTAA | KDA | LAA,0.8270313637368915,0.6193150680482424,0.971830985915493,False
543,DM | EAA | GTAA | RAA | VAA,0.8269910401451863,0.6616909988587124,0.9833333333333334,False
544,AAA | ADM | GPM | LAA | QSF,0.8268652866353203,0.572727551709692,0.971830985915493,False
545,BAA_Aggressive | DAA | DM | FAA | QSF,0.8268645385582314,0.6386287149357383,0.9345679012345679,False
546,DAA | DM | FAA | LAA | VAA,0.8267612485909392,0.5416010540018475,0.9782608695652174,False
547,ADM | FAA | PAA | RAA | VAA,0.8267333054534813,0.6956308595562981,0.9685534591194968,False
548,ADM | BAA_Balanced | EAA | LAA | QSF,0.8265679852960224,0.6100633829970151,0.971830985915493,False
549,AAA | DM | FAA | GTAA | RAA,0.8265664550372038,0.6509201041906078,0.9833333333333334,False
550,ADM | EAA | GTAA | QSF | RAA,0.826547147591001,0.66262737884406,0.94245658087466,False
551,ADM | DM | EAA | FAA | QSF,0.8265364708526987,0.66262737884406,0.94245658087466,False
552,ADM | FAA | GPM | KDA | LAA,0.8265123609554019,0.568024067826069,0.971830985915493,False
553,ADM | EAA | FAA | GTAA | LAA,0.8264767193145465,0.6761751739272123,0.971830985915493,False
554,ADM | DM | EAA | GPM | RAA,0.8263679496149938,0.5418138608965833,0.9833333333333334,False
555,BAA_Balanced | DM | GPM | LAA | VAA,0.8262737781539269,0.5226251714677641,0.9782608695652174,False
556,ADM | BAA_Balanced | FAA | GPM | LAA,0.826264519721191,0.5226251714677641,0.971830985915493,False
557,DM | EAA | FAA | GPM | LAA,0.8262260612391413,0.5418138608965833,0.9782608695652174,False
558,AAA | DM | GPM | LAA | RAA,0.8262066782313516,0.572727551709692,0.9833333333333334,False
559,AAA | BAA_Balanced | DM | LAA | VAA,0.8261927855284533,0.6173868639610561,0.9782608695652174,False
560,AAA | BAA_Aggressive | DAA | DM | LAA,0.8261909726673672,0.543667640607394,0.9782608695652174,False
561,ADM | DM | GTAA | QSF | VAA,0.8260917351860243,0.6722152864474961,0.94245658087466,False
562,BAA_Balanced | DM | EAA | FAA | RAA,0.8259136688848658,0.6100633829970151,0.9833333333333334,False
563,DM | FAA | GPM | GTAA | QSF,0.8259116616302162,0.6973058880504235,0.9345679012345679,False
564,BAA_Balanced | DM | FAA | GPM | RAA,0.8258777770065757,0.5226251714677641,0.9833333333333334,False
565,AAA | DM | GTAA | RAA | VAA,0.8257815434757634,0.6509201041906078,0.9833333333333334,False
566,BAA_Balanced | DM | EAA | LAA | RAA,0.8256741612235743,0.6100633829970151,0.9833333333333334,False
567,ADM | BAA_Balanced | FAA | GTAA | RAA,0.8256205906585234,0.6956911375661375,0.9685534591194968,False
568,ADM | DM | EAA | KDA | LAA,0.825536845284786,0.5477661727078487,0.9782608695652174,False
569,ADM | BAA_Aggressive | GPM | LAA | RAA,0.8254809721776348,0.6101254480286739,0.971830985915493,False
570,AAA | BAA_Aggressive | FAA | LAA | QSF,0.8254158318617122,0.6618125940389378,0.9713964695689841,False
571,ADM | BAA_Aggressive | DM | FAA | PAA,0.8254151389193167,0.6722152864474961,0.9244038559107052,False
572,ADM | LAA | PAA | QSF | VAA,0.8253648138602939,0.6207275577645948,0.971830985915493,False
573,BAA_Aggressive | BAA_Balanced | DM | QSF | RAA,0.8253219816685112,0.3512630769993555,0.9833333333333334,False
574,ADM | GPM | GTAA | RAA | VAA,0.8253180808883043,0.7091522244848897,0.928538090936465,False
575,ADM | EAA | LAA | QSF | RAA,0.8253081058618408,0.6101254480286739,0.971830985915493,False
576,BAA_Aggressive | DM | FAA | KDA | QSF,0.8252559447021675,0.6910555849523415,0.9345679012345679,False
577,AAA | ADM | BAA_Balanced | DM | RAA,0.8252040560717976,0.6173868639610561,0.9833333333333334,False
578,AAA | DM | GPM | QSF | RAA,0.8250961545121317,0.572727551709692,0.9833333333333334,False
579,ADM | DM | FAA | QSF | VAA,0.8250500756657366,0.6722152864474961,0.94245658087466,False
580,DM | EAA | QSF | RAA | VAA,0.82503229763099,0.6616909988587124,0.9833333333333334,False
581,ADM | BAA_Aggressive | GPM | LAA | VAA,0.825030937065755,0.6119069769138721,0.971830985915493,False
582,BAA_Balanced | FAA | LAA | RAA | VAA,0.8249793033035797,0.6101254480286739,0.9713964695689841,False
583,BAA_Balanced | FAA | LAA | QSF | VAA,0.824931027679303,0.7039891840648093,0.9713964695689841,False
584,ADM | BAA_Balanced | DM | QSF | VAA,0.8248853013151566,0.6722152864474961,0.94245658087466,False
585,AAA | ADM | DM | LAA | PAA,0.8248725308906497,0.5336021302606438,0.9782608695652174,False
586,DAA | DM | GTAA | RAA | VAA,0.8248601964033659,0.5416010540018475,0.9833333333333334,False
587,ADM | BAA_Balanced | DM | GPM | QSF,0.8247032603950046,0.5226251714677641,0.94245658087466,False
588,FAA | GTAA | QSF | RAA | VAA,0.8246754332056694,0.6973058880504235,0.9685534591194968,False
589,DM | GTAA | KDA | RAA | VAA,0.824675013055192,0.6193150680482424,0.9833333333333334,False
590,DAA | DM | FAA | GPM | RAA,0.8246387806499149,0.5711544972082562,0.9833333333333334,False
591,DM | KDA | LAA | PAA | RAA,0.82463355931321,0.5616983147823471,0.9833333333333334,False
592,BAA_Balanced | DM | GPM | LAA | RAA,0.8246289652782348,0.5226251714677641,0.9833333333333334,False
593,ADM | GTAA | LAA | PAA | RAA,0.8245942215611682,0.6101254480286739,0.971830985915493,False
594,ADM | BAA_Aggressive | EAA | LAA | RAA,0.8245927348933506,0.6101254480286739,0.971830985915493,False
595,AAA | ADM | DM | GPM | RAA,0.8245775527637891,0.572727551709692,0.9833333333333334,False
596,BAA_Aggressive | GTAA | LAA | QSF | RAA,0.8245103645780205,0.6101254480286739,0.9004281650931979,False
597,ADM | BAA_Balanced | DAA | QSF | RAA,0.8244734787655092,0.48759873106542545,0.94245658087466,False
598,ADM | BAA_Balanced | DAA | DM | RAA,0.8244355916066064,0.48759873106542545,0.9833333333333334,False
599,DM | PAA | QSF | RAA | VAA,0.824417468960253,0.6207275577645948,0.9833333333333334,False
600,ADM | DAA | QSF | RAA | VAA,0.8243644012579923,0.5416010540018475,0.94245658087466,False
601,BAA_Aggressive | DM | GPM | KDA | LAA,0.8243618818945198,0.568024067826069,0.9782608695652174,False
602,BAA_Balanced | DM | LAA | PAA | QSF,0.8243020968186316,0.5048597299877837,0.9782608695652174,False
603,FAA | KDA | LAA | RAA | VAA,0.824301012117982,0.6101254480286739,0.9713964695689841,False
604,BAA_Aggressive | DM | GPM | RAA | VAA,0.8242721890161355,0.6119069769138721,0.9833333333333334,False
605,BAA_Aggressive | DAA | FAA | LAA | QSF,0.8241563726973025,0.6386287149357383,0.9713964695689841,False
606,DAA | DM | EAA | LAA | QSF,0.8239979947661003,0.5291632268870916,0.9782608695652174,False
607,ADM | BAA_Aggressive | DM | QSF | VAA,0.8239846931174926,0.6722152864474961,0.94245658087466,False
608,BAA_Balanced | DM | GPM | GTAA | LAA,0.8239240071718129,0.5226251714677641,0.9782608695652174,False
609,ADM | DM | KDA | PAA | RAA,0.8238255501799205,0.5616983147823471,0.9833333333333334,False
610,ADM | BAA_Aggressive | PAA | QSF | RAA,0.823738892145512,0.6207275577645948,0.94245658087466,False
611,ADM | BAA_Aggressive | EAA | GTAA | LAA,0.8236600375031365,0.6751456348063919,0.971830985915493,False
612,ADM | DM | GPM | PAA | RAA,0.823649452793329,0.4815852393398689,0.9833333333333334,False
613,ADM | FAA | GTAA | PAA | RAA,0.8236404018189691,0.6808625540157344,0.9685534591194968,False
614,ADM | DAA | GPM | QSF | RAA,0.8235254189991288,0.5711544972082562,0.94245658087466,False
615,BAA_Aggressive | DM | FAA | GPM | QSF,0.8235066311618645,0.6119069769138721,0.9345679012345679,False
616,AAA | ADM | FAA | GTAA | LAA,0.823474526770308,0.6509201041906078,0.971830985915493,False
617,ADM | EAA | GTAA | LAA | RAA,0.8234566226295825,0.6101254480286739,0.971830985915493,False
618,BAA_Balanced | DAA | DM | FAA | LAA,0.8233050255546328,0.48759873106542545,0.9782608695652174,False
619,ADM | BAA_Aggressive | DAA | GTAA | RAA,0.8233038387582411,0.7026323957812348,0.928538090936465,False
620,AAA | ADM | GTAA | LAA | VAA,0.8232456569532417,0.6509201041906078,0.971830985915493,False
621,AAA | ADM | BAA_Balanced | LAA | RAA,0.8232096202512326,0.6101254480286739,0.971830985915493,False
622,FAA | GPM | LAA | QSF | RAA,0.8231803526146008,0.6101254480286739,0.9713964695689841,False
623,ADM | DAA | DM | EAA | RAA,0.8229577446503902,0.5291632268870916,0.9833333333333334,False
624,ADM | DAA | DM | KDA | RAA,0.8228991458165142,0.512192095569785,0.9833333333333334,False
625,ADM | BAA_Aggressive | EAA | QSF | RAA,0.8227517255013233,0.66262737884406,0.94245658087466,False
626,ADM | DAA | FAA | GPM | LAA,0.8227129393848938,0.5711544972082562,0.971830985915493,False
627,ADM | GTAA | PAA | QSF | RAA,0.8226684286590835,0.6207275577645948,0.94245658087466,False
628,ADM | BAA_Aggressive | DM | EAA | QSF,0.8226612297824163,0.66262737884406,0.94245658087466,False
629,ADM | BAA_Balanced | DAA | DM | QSF,0.8226034453222948,0.48759873106542545,0.94245658087466,False
630,AAA | BAA_Balanced | DM | FAA | RAA,0.8225642654082523,0.6173868639610561,0.9833333333333334,False
631,BAA_Aggressive | DAA | DM | GPM | LAA,0.8225552582600795,0.5711544972082562,0.9782608695652174,False
632,AAA | ADM | BAA_Balanced | FAA | LAA,0.8225395150471773,0.6173868639610561,0.971830985915493,False
633,ADM | DAA | KDA | QSF | RAA,0.8223743767817661,0.512192095569785,0.94245658087466,False
634,BAA_Balanced | DM | GTAA | KDA | LAA,0.8223605827430926,0.6193150680482424,0.9782608695652174,False
635,AAA | ADM | DAA | QSF | RAA,0.8223433126648141,0.543667640607394,0.94245658087466,False
636,ADM | BAA_Balanced | EAA | FAA | LAA,0.8222838525213512,0.6100633829970151,0.971830985915493,False
637,ADM | BAA_Balanced | GTAA | RAA | VAA,0.8222599977839582,0.6956911375661375,0.928538090936465,False
638,DM | EAA | FAA | GPM | RAA,0.8222593927656604,0.5418138608965833,0.9833333333333334,False
639,DM | FAA | KDA | PAA | RAA,0.8222531151546691,0.5616983147823471,0.9833333333333334,False
640,DM | EAA | KDA | LAA | RAA,0.8222328419827525,0.5477661727078487,0.9833333333333334,False
641,ADM | EAA | LAA | QSF | VAA,0.8222112761763698,0.6616909988587124,0.971830985915493,False
642,ADM | BAA_Balanced | DM | PAA | RAA,0.8221374739409925,0.5048597299877837,0.9833333333333334,False
643,BAA_Aggressive | GTAA | LAA | QSF | VAA,0.8219820769868361,0.6982793498867158,0.9455331473025538,False
644,ADM | DAA | FAA | GTAA | RAA,0.8218907419414296,0.6386287149357383,0.9685534591194968,False
645,ADM | FAA | KDA | RAA | VAA,0.8218852479597553,0.6443260614016753,0.9685534591194968,False
646,AAA | BAA_Aggressive | DM | LAA | PAA,0.8218292156849236,0.5336021302606438,0.9782608695652174,False
647,AAA | BAA_Aggressive | FAA | LAA | RAA,0.8218204007495972,0.6101254480286739,0.9713964695689841,False
648,ADM | LAA | PAA | QSF | RAA,0.8217869846766277,0.6101254480286739,0.971830985915493,False
649,AAA | ADM | DM | FAA | QSF,0.8215216515669705,0.6618125940389378,0.94245658087466,False
650,BAA_Aggressive | GTAA | LAA | RAA | VAA,0.8215121613723012,0.6101254480286739,0.9455331473025538,False
651,BAA_Aggressive | DM | EAA | RAA | VAA,0.8214646687144475,0.6616909988587124,0.9833333333333334,False
652,ADM | GTAA | KDA | LAA | VAA,0.8214580852221195,0.6193150680482424,0.971830985915493,False
653,ADM | DAA | GTAA | LAA | VAA,0.821402110126833,0.5416010540018475,0.971830985915493,False
654,BAA_Balanced | DM | EAA | LAA | VAA,0.8213831320037329,0.6100633829970151,0.9782608695652174,False
655,AAA | DM | FAA | GPM | RAA,0.8212690102739538,0.572727551709692,0.9833333333333334,False
656,BAA_Aggressive | FAA | KDA | QSF | RAA,0.8211411487453077,0.6910555849523415,0.9685534591194968,False
657,DAA | FAA | GTAA | LAA | QSF,0.8211163818541383,0.6386287149357383,0.9713964695689841,False
658,ADM | EAA | GTAA | LAA | VAA,0.8208500876202253,0.6616909988587124,0.971830985915493,False
659,ADM | DM | GPM | QSF | VAA,0.8208042324701472,0.6722152864474961,0.94245658087466,False
660,AAA | BAA_Balanced | DM | GTAA | LAA,0.8206676521846987,0.6173868639610561,0.9782608695652174,False
661,ADM | DAA | DM | PAA | RAA,0.8206603620687318,0.47314574773044266,0.9833333333333334,False
662,DAA | DM | FAA | RAA | VAA,0.8205789118857634,0.5416010540018475,0.9833333333333334,False
663,ADM | DM | GTAA | PAA | QSF,0.8204512557854047,0.6207275577645948,0.94245658087466,False
664,BAA_Balanced | DAA | DM | GTAA | LAA,0.8204502782226365,0.48759873106542545,0.9782608695652174,False
665,AAA | FAA | LAA | RAA | VAA,0.8204421383227141,0.6101254480286739,0.9713964695689841,False
666,ADM | FAA | KDA | LAA | PAA,0.8203202396096396,0.5616983147823471,0.971830985915493,False
667,ADM | BAA_Balanced | DM | KDA | QSF,0.8203104179065228,0.6197903396071828,0.94245658087466,False
668,ADM | EAA | FAA | RAA | VAA,0.8202813856272831,0.6616909988587124,0.9685534591194968,False
669,AAA | ADM | FAA | GPM | LAA,0.8202653687629443,0.572727551709692,0.971830985915493,False
670,BAA_Aggressive | DM | FAA | PAA | QSF,0.8201724754133703,0.6207275577645948,0.9345679012345679,False
671,ADM | EAA | FAA | GTAA | RAA,0.8201137300536775,0.6761751739272123,0.9685534591194968,False
672,ADM | DAA | KDA | LAA | RAA,0.8199757267261951,0.512192095569785,0.971830985915493,False
673,DAA | DM | EAA | QSF | RAA,0.8199247224796034,0.5291632268870916,0.9833333333333334,False
674,DM | EAA | FAA | KDA | LAA,0.8198272111838731,0.5477661727078487,0.9782608695652174,False
675,BAA_Aggressive | DAA | DM | LAA | PAA,0.8198127038683933,0.47314574773044266,0.9782608695652174,False
676,DM | GPM | KDA | LAA | VAA,0.8197769755273857,0.568024067826069,0.9782608695652174,False
677,BAA_Aggressive | DM | EAA | KDA | LAA,0.8197716134314483,0.5477661727078487,0.9782608695652174,False
678,DAA | GTAA | LAA | QSF | RAA,0.8197384041913478,0.6101254480286739,0.8961763830349048,False
679,BAA_Aggressive | BAA_Balanced | DM | LAA | RAA,0.8196447580451978,0.3512630769993555,0.9833333333333334,False
680,DM | FAA | GPM | PAA | RAA,0.8196331065667029,0.4815852393398689,0.9833333333333334,False
681,AAA | ADM | DAA | DM | RAA,0.8195264200899048,0.543667640607394,0.9833333333333334,False
682,FAA | GPM | GTAA | LAA | QSF,0.8194907944130885,0.6973058880504235,0.9713964695689841,False
683,DAA | DM | FAA | KDA | LAA,0.8194665989007828,0.512192095569785,0.9782608695652174,False
684,AAA | DM | KDA | LAA | QSF,0.8194602729481228,0.414185283893347,0.9782608695652174,False
685,BAA_Balanced | GTAA | LAA | QSF | VAA,0.8194597737460807,0.6956911375661375,0.9455331473025538,False
686,DM | KDA | LAA | PAA | QSF,0.8193446619224002,0.5616983147823471,0.9782608695652174,False
687,DAA | DM | GPM | GTAA | RAA,0.819319092889268,0.5711544972082562,0.9833333333333334,False
688,AAA | DM | KDA | LAA | RAA,0.8192587683669844,0.414185283893347,0.9833333333333334,False
689,BAA_Aggressive | DAA | GTAA | LAA | QSF,0.8192508842159377,0.7026323957812348,0.9004281650931979,False
690,ADM | BAA_Aggressive | KDA | LAA | PAA,0.8191684095170425,0.5616983147823471,0.971830985915493,False
691,ADM | DM | EAA | KDA | RAA,0.8191279706384641,0.5477661727078487,0.9833333333333334,False
692,BAA_Balanced | DM | EAA | GTAA | LAA,0.8190671214943006,0.6100633829970151,0.9782608695652174,False
693,ADM | GPM | KDA | LAA | RAA,0.8190517740579886,0.568024067826069,0.971830985915493,False
694,BAA_Balanced | FAA | GTAA | QSF | RAA,0.8190231210263386,0.6956911375661375,0.9685534591194968,False
695,ADM | BAA_Aggressive | DM | FAA | GPM,0.8189423125571977,0.6119069769138721,0.9345096613216025,False
696,ADM | BAA_Balanced | FAA | LAA | PAA,0.8189284295318029,0.5048597299877837,0.971830985915493,False
697,BAA_Aggressive | DM | GTAA | QSF | VAA,0.8189278096907856,0.6982793498867158,0.9345679012345679,False
698,FAA | GPM | LAA | RAA | VAA,0.8189231524137897,0.6101254480286739,0.9713964695689841,False
699,DAA | DM | FAA | GTAA | QSF,0.8188849576137768,0.6386287149357383,0.9345679012345679,False
700,ADM | FAA | GPM | LAA | PAA,0.8187927654079147,0.4815852393398689,0.971830985915493,False
701,BAA_Balanced | DM | FAA | PAA | RAA,0.8187898795406564,0.5048597299877837,0.9833333333333334,False
702,BAA_Aggressive | DM | KDA | PAA | RAA,0.8187653010017641,0.5616983147823471,0.9833333333333334,False
703,AAA | BAA_Aggressive | DM | GPM | LAA,0.818683437273733,0.572727551709692,0.9782608695652174,False
704,BAA_Aggressive | DAA | DM | RAA | VAA,0.8186822085062456,0.5416010540018475,0.9833333333333334,False
705,ADM | FAA | GPM | GTAA | QSF,0.8186335481696588,0.6973058880504235,0.94245658087466,False
706,DAA | DM | EAA | LAA | RAA,0.8185554631723961,0.5291632268870916,0.9833333333333334,False
707,BAA_Balanced | DM | LAA | PAA | VAA,0.8185449286949547,0.5048597299877837,0.9782608695652174,False
708,DAA | DM | LAA | PAA | QSF,0.8184944406648752,0.47314574773044266,0.9782608695652174,False
709,AAA | BAA_Aggressive | DM | FAA | QSF,0.8184051157215977,0.6618125940389378,0.9345679012345679,False
710,AAA | DM | FAA | LAA | PAA,0.8183770057514435,0.5336021302606438,0.9782608695652174,False
711,ADM | BAA_Balanced | FAA | GTAA | QSF,0.818362185562998,0.6956911375661375,0.94245658087466,False
712,ADM | BAA_Aggressive | GTAA | KDA | RAA,0.8182807051137233,0.6193150680482424,0.928538090936465,False
713,ADM | BAA_Aggressive | EAA | LAA | VAA,0.8182068576859372,0.6616909988587124,0.971830985915493,False
714,ADM | BAA_Aggressive | DAA | LAA | VAA,0.8181072637261633,0.5416010540018475,0.971830985915493,False
715,AAA | DM | GPM | LAA | VAA,0.8180543469140955,0.572727551709692,0.9782608695652174,False
716,ADM | BAA_Aggressive | DAA | GTAA | QSF,0.8179628206290742,0.7026323957812348,0.94245658087466,False
717,ADM | BAA_Aggressive | DAA | FAA | QSF,0.8179578837792836,0.6386287149357383,0.94245658087466,False
718,DM | EAA | KDA | LAA | QSF,0.8178532539005106,0.5477661727078487,0.9782608695652174,False
719,ADM | FAA | GTAA | KDA | RAA,0.8177680755439566,0.6193150680482424,0.9685534591194968,False
720,AAA | ADM | FAA | RAA | VAA,0.817727020793288,0.6618125940389378,0.9685534591194968,False
721,AAA | ADM | DAA | LAA | RAA,0.8177223994893235,0.543667640607394,0.971830985915493,False
722,ADM | DAA | FAA | LAA | VAA,0.817667983045373,0.5416010540018475,0.971830985915493,False
723,ADM | EAA | FAA | GPM | LAA,0.8176506852522113,0.5418138608965833,0.971830985915493,False
724,ADM | DM | EAA | GTAA | QSF,0.8175874617511137,0.66262737884406,0.94245658087466,False
725,BAA_Aggressive | DAA | DM | KDA | RAA,0.8175254224055829,0.512192095569785,0.9833333333333334,False
726,BAA_Balanced | GTAA | LAA | QSF | RAA,0.8175095827061337,0.6101254480286739,0.8961763830349048,False
727,DM | EAA | FAA | KDA | RAA,0.8174633249905054,0.5477661727078487,0.9833333333333334,False
728,ADM | BAA_Aggressive | FAA | KDA | QSF,0.817441620612243,0.6910555849523415,0.94245658087466,False
729,ADM | BAA_Aggressive | GTAA | PAA | RAA,0.8173915036070791,0.6808625540157344,0.928538090936465,False
730,BAA_Aggressive | FAA | QSF | RAA | VAA,0.8172566303956913,0.6982793498867158,0.9685534591194968,False
731,BAA_Aggressive | DM | FAA | QSF | VAA,0.8171960418972721,0.6982793498867158,0.9345679012345679,False
732,BAA_Aggressive | KDA | LAA | QSF | RAA,0.8171860741210557,0.6101254480286739,0.9090193586767458,False
733,ADM | BAA_Balanced | GPM | QSF | RAA,0.8171693923461794,0.5226251714677641,0.94245658087466,False
734,ADM | GPM | KDA | QSF | RAA,0.8171508435478307,0.568024067826069,0.94245658087466,False
735,ADM | BAA_Aggressive | BAA_Balanced | FAA | LAA,0.8171374401867475,0.3512630769993555,0.971830985915493,True
736,DM | GPM | GTAA | KDA | LAA,0.8170371646449256,0.568024067826069,0.9782608695652174,False
737,DAA | DM | FAA | LAA | PAA,0.8168486193780782,0.47314574773044266,0.9782608695652174,False
738,ADM | DAA | GPM | GTAA | LAA,0.816846094188104,0.5711544972082562,0.971830985915493,False
739,ADM | BAA_Aggressive | DAA | KDA | LAA,0.8168430308146283,0.512192095569785,0.971830985915493,False
740,BAA_Balanced | DM | KDA | RAA | VAA,0.8167585412125634,0.6197903396071828,0.9833333333333334,False
741,ADM | DAA | EAA | LAA | QSF,0.8167550957706506,0.5291632268870916,0.971830985915493,False
742,BAA_Balanced | LAA | QSF | RAA | VAA,0.8166267702166425,0.6101254480286739,0.9455331473025538,False
743,ADM | BAA_Balanced | KDA | LAA | VAA,0.8166087912853117,0.6197903396071828,0.971830985915493,False
744,BAA_Aggressive | BAA_Balanced | DM | GTAA | LAA,0.8164581744642836,0.3512630769993555,0.9782608695652174,False
745,ADM | DAA | GPM | LAA | RAA,0.8164554020789033,0.5711544972082562,0.971830985915493,False
746,BAA_Balanced | DM | GTAA | QSF | VAA,0.8162801945972425,0.6956911375661375,0.9345679012345679,False
747,AAA | ADM | BAA_Aggressive | GTAA | RAA,0.8162514646453365,0.6509201041906078,0.928538090936465,False
748,BAA_Balanced | DM | LAA | PAA | RAA,0.8161612990456588,0.5048597299877837,0.9833333333333334,False
749,ADM | BAA_Aggressive | BAA_Balanced | DM | RAA,0.8160680754009411,0.3512630769993555,0.9833333333333334,False
750,AAA | DM | GPM | GTAA | LAA,0.8160549300395067,0.572727551709692,0.9782608695652174,False
751,ADM | DM | GTAA | KDA | QSF,0.8160377988125196,0.6193150680482424,0.94245658087466,False
752,BAA_Aggressive | BAA_Balanced | DM | FAA | RAA,0.8159558427315675,0.3512630769993555,0.9833333333333334,False
753,ADM | BAA_Aggressive | KDA | RAA | VAA,0.8158726299973249,0.6443260614016753,0.928538090936465,False
754,ADM | BAA_Balanced | LAA | PAA | QSF,0.8158071716092647,0.5048597299877837,0.971830985915493,False
755,BAA_Aggressive | DAA | DM | EAA | LAA,0.8157916522767138,0.5291632268870916,0.9782608695652174,False
756,DM | FAA | GTAA | QSF | VAA,0.8157456545862702,0.6973058880504235,0.9345679012345679,False
757,ADM | GTAA | PAA | RAA | VAA,0.8156661040872653,0.6808625540157344,0.928538090936465,False
758,BAA_Aggressive | LAA | QSF | RAA | VAA,0.8156595747227733,0.6101254480286739,0.9455331473025538,False
759,BAA_Aggressive | DM | GPM | GTAA | QSF,0.8156374266771284,0.6119069769138721,0.9345679012345679,False
760,AAA | ADM | BAA_Balanced | DM | QSF,0.8156330494234721,0.6173868639610561,0.94245658087466,False
761,AAA | DM | LAA | PAA | RAA,0.815603014001869,0.5336021302606438,0.9833333333333334,False
762,ADM | BAA_Aggressive | DM | FAA | GTAA,0.8155502160585044,0.6722152864474961,0.9244038559107052,False
763,AAA | BAA_Aggressive | FAA | QSF | RAA,0.8155487220624629,0.6618125940389378,0.9685534591194968,False
764,AAA | BAA_Aggressive | DM | KDA | LAA,0.8153624035686213,0.414185283893347,0.9782608695652174,False
765,ADM | BAA_Balanced | FAA | KDA | RAA,0.8153193419536195,0.6197903396071828,0.9685534591194968,False
766,ADM | BAA_Balanced | DM | EAA | QSF,0.8152013745962032,0.6100633829970151,0.94245658087466,False
767,ADM | BAA_Aggressive | FAA | GPM | QSF,0.8151820591780682,0.6119069769138721,0.94245658087466,False
768,AAA | DAA | DM | FAA | LAA,0.8150767677051854,0.543667640607394,0.9782608695652174,False
769,AAA | ADM | BAA_Balanced | LAA | VAA,0.8149955118375848,0.6173868639610561,0.971830985915493,False
770,DAA | DM | EAA | FAA | LAA,0.8149467827820939,0.5291632268870916,0.9782608695652174,False
771,ADM | FAA | GPM | KDA | RAA,0.8148088576751407,0.568024067826069,0.9685534591194968,False
772,AAA | ADM | DM | GTAA | QSF,0.8147612815083184,0.6509201041906078,0.94245658087466,False
773,FAA | GTAA | KDA | LAA | QSF,0.8146787486030016,0.6193150680482424,0.9713964695689841,False
774,BAA_Balanced | DM | FAA | QSF | VAA,0.8146720343866806,0.7039891840648093,0.9345679012345679,False
775,AAA | BAA_Aggressive | DAA | DM | RAA,0.8146631877081818,0.543667640607394,0.9833333333333334,False
776,AAA | ADM | BAA_Aggressive | DAA | LAA,0.8146618374277782,0.543667640607394,0.971830985915493,False
777,DM | EAA | KDA | QSF | RAA,0.8146311538595766,0.5477661727078487,0.9833333333333334,False
778,DM | EAA | GPM | LAA | QSF,0.8146258549468843,0.5418138608965833,0.9782608695652174,False
779,ADM | DM | EAA | LAA | PAA,0.8146208942484929,0.4098810557547072,0.9782608695652174,False
780,AAA | ADM | DM | PAA | RAA,0.8144956514973799,0.5336021302606438,0.9833333333333334,False
781,AAA | BAA_Balanced | DM | RAA | VAA,0.8144642204542855,0.6173868639610561,0.9833333333333334,False
782,AAA | ADM | GPM | QSF | RAA,0.8144425733154801,0.572727551709692,0.94245658087466,False
783,ADM | BAA_Balanced | EAA | QSF | RAA,0.8144322091415317,0.6100633829970151,0.94245658087466,False
784,ADM | BAA_Aggressive | DM | GTAA | PAA,0.8144149274302375,0.6722152864474961,0.9244038559107052,False
785,BAA_Aggressive | BAA_Balanced | DM | LAA | VAA,0.8143656845498073,0.3512630769993555,0.9782608695652174,False
786,AAA | ADM | FAA | GTAA | RAA,0.8143502423853605,0.6509201041906078,0.9685534591194968,False
787,BAA_Balanced | FAA | KDA | LAA | QSF,0.8142699031197799,0.6197903396071828,0.9713964695689841,False
788,AAA | ADM | DM | EAA | LAA,0.8142451919518127,0.5014424797616902,0.9782608695652174,False
789,DAA | FAA | GTAA | QSF | RAA,0.8141886960210286,0.6386287149357383,0.9685534591194968,False
790,AAA | ADM | KDA | LAA | QSF,0.8141534755200575,0.414185283893347,0.971830985915493,False
791,AAA | ADM | GPM | LAA | RAA,0.8141212407057182,0.572727551709692,0.971830985915493,False
792,ADM | EAA | QSF | RAA | VAA,0.8140856609265421,0.6616909988587124,0.94245658087466,False
793,ADM | BAA_Aggressive | GPM | GTAA | RAA,0.8140328545410489,0.6119069769138721,0.928538090936465,False
794,DAA | DM | LAA | PAA | RAA,0.8139612183797389,0.47314574773044266,0.9833333333333334,False
795,ADM | BAA_Aggressive | PAA | RAA | VAA,0.8139591597093938,0.6956308595562981,0.928538090936465,False
796,BAA_Balanced | FAA | QSF | RAA | VAA,0.8138729617115212,0.7039891840648093,0.9685534591194968,False
797,ADM | BAA_Balanced | GPM | LAA | VAA,0.8137462114506485,0.5226251714677641,0.971830985915493,False
798,AAA | FAA | GTAA | LAA | QSF,0.8136435281275372,0.6509201041906078,0.9713964695689841,False
799,AAA | DM | KDA | QSF | RAA,0.8134768777831102,0.414185283893347,0.9833333333333334,False
800,DAA | DM | FAA | KDA | RAA,0.8133512415297861,0.512192095569785,0.9833333333333334,False
801,BAA_Balanced | DM | GTAA | LAA | PAA,0.8133036701246159,0.5048597299877837,0.9782608695652174,False
802,BAA_Aggressive | DAA | FAA | QSF | RAA,0.8132990868445031,0.6386287149357383,0.9685534591194968,False
803,BAA_Balanced | FAA | GTAA | LAA | RAA,0.8132329735550066,0.6101254480286739,0.9713964695689841,False
804,DM | KDA | LAA | PAA | VAA,0.8131920949120393,0.5616983147823471,0.9782608695652174,False
805,AAA | DAA | DM | GTAA | LAA,0.8131778540203344,0.543667640607394,0.9782608695652174,False
806,ADM | PAA | QSF | RAA | VAA,0.8131321900555311,0.6207275577645948,0.94245658087466,False
807,BAA_Balanced | DAA | DM | FAA | RAA,0.8131125279447939,0.48759873106542545,0.9833333333333334,False
808,AAA | ADM | BAA_Aggressive | RAA | VAA,0.8131029955210668,0.6685271574653294,0.928538090936465,False
809,BAA_Aggressive | DM | GTAA | KDA | QSF,0.8131008802111641,0.6193150680482424,0.9345679012345679,False
810,BAA_Balanced | GTAA | LAA | RAA | VAA,0.8129811525824063,0.6101254480286739,0.9455331473025538,False
811,BAA_Balanced | DM | PAA | QSF | RAA,0.8128958479839202,0.5048597299877837,0.9833333333333334,False
812,ADM | KDA | LAA | PAA | QSF,0.8128554514156996,0.5616983147823471,0.971830985915493,False
813,BAA_Aggressive | DAA | FAA | LAA | RAA,0.8128220812211738,0.6101254480286739,0.9713964695689841,False
814,BAA_Balanced | DM | GPM | RAA | VAA,0.8128034269916589,0.5226251714677641,0.9833333333333334,False
815,AAA | BAA_Aggressive | LAA | QSF | RAA,0.8127711024704111,0.6101254480286739,0.9004281650931979,False
816,DM | EAA | GPM | LAA | RAA,0.8127312938843587,0.5418138608965833,0.9833333333333334,False
817,ADM | BAA_Balanced | DAA | LAA | RAA,0.812722273784998,0.48759873106542545,0.971830985915493,False
818,ADM | BAA_Aggressive | GPM | KDA | LAA,0.8125947843315442,0.568024067826069,0.971830985915493,False
819,DM | GPM | LAA | PAA | VAA,0.8125449722409419,0.4815852393398689,0.9782608695652174,False
820,ADM | DM | FAA | GPM | GTAA,0.8125226770940523,0.6722152864474961,0.9345096613216025,False
821,BAA_Balanced | DM | EAA | RAA | VAA,0.8124158620536439,0.6100633829970151,0.9833333333333334,False
822,AAA | DM | LAA | PAA | QSF,0.8123973759229914,0.5336021302606438,0.9782608695652174,False
823,AAA | GTAA | LAA | QSF | RAA,0.8123789597135112,0.6101254480286739,0.8961763830349048,False
824,BAA_Aggressive | DM | EAA | FAA | QSF,0.8123505851802658,0.66262737884406,0.9345679012345679,False
825,AAA | BAA_Aggressive | DM | GTAA | QSF,0.8123348539361712,0.6509201041906078,0.9345679012345679,False
826,AAA | BAA_Aggressive | GTAA | LAA | QSF,0.8122661559325012,0.6509201041906078,0.9004281650931979,False
827,ADM | BAA_Balanced | DAA | FAA | LAA,0.8121655778297073,0.48759873106542545,0.971830985915493,False
828,FAA | GTAA | KDA | LAA | RAA,0.812164642469063,0.6101254480286739,0.9713964695689841,False
829,BAA_Aggressive | FAA | GPM | LAA | QSF,0.812146173843446,0.6119069769138721,0.9713964695689841,False
830,GTAA | KDA | LAA | QSF | RAA,0.8120977213487881,0.6101254480286739,0.9090193586767458,False
831,DM | EAA | GPM | GTAA | LAA,0.8120953783642018,0.5418138608965833,0.9782608695652174,False
832,AAA | DM | FAA | PAA | RAA,0.8120451148111278,0.5336021302606438,0.9833333333333334,False
833,DAA | DM | GPM | LAA | VAA,0.8120400709075783,0.5416010540018475,0.9782608695652174,False
834,DM | KDA | PAA | QSF | RAA,0.812015553326531,0.5616983147823471,0.9833333333333334,False
835,ADM | BAA_Aggressive | FAA | PAA | QSF,0.8119957833633489,0.6207275577645948,0.94245658087466,False
836,ADM | EAA | GTAA | RAA | VAA,0.8119608548414776,0.6616909988587124,0.928538090936465,False
837,BAA_Aggressive | DM | GPM | KDA | RAA,0.811943483092797,0.568024067826069,0.9833333333333334,False
838,BAA_Aggressive | GTAA | KDA | LAA | QSF,0.8119127837177563,0.6193150680482424,0.9090193586767458,False
839,FAA | LAA | PAA | RAA | VAA,0.8118857795737109,0.6101254480286739,0.9713964695689841,False
840,ADM | KDA | LAA | PAA | RAA,0.8118759566028133,0.5616983147823471,0.971830985915493,False
841,BAA_Aggressive | DM | EAA | KDA | RAA,0.8118562958419047,0.5477661727078487,0.9833333333333334,False
842,ADM | BAA_Aggressive | BAA_Balanced | DM | QSF,0.8118347990553266,0.3512630769993555,0.94245658087466,False
843,ADM | DM | GPM | KDA | QSF,0.8118176726265242,0.568024067826069,0.94245658087466,False
844,FAA | GPM | GTAA | QSF | RAA,0.8118114985454282,0.6973058880504235,0.9685534591194968,False
845,ADM | EAA | FAA | KDA | LAA,0.811762083090815,0.5477661727078487,0.971830985915493,False
846,ADM | BAA_Aggressive | EAA | GTAA | RAA,0.8117456168460917,0.6751456348063919,0.928538090936465,False
847,DAA | DM | EAA | FAA | RAA,0.8117317243431634,0.5291632268870916,0.9833333333333334,False
848,FAA | GPM | LAA | QSF | VAA,0.8117193307704978,0.7039891840648093,0.9713964695689841,False
849,BAA_Aggressive | FAA | GTAA | LAA | VAA,0.8117137385886342,0.6973058880504235,0.9713964695689841,False
850,ADM | EAA | KDA | LAA | QSF,0.8117026855940843,0.5477661727078487,0.971830985915493,False
851,KDA | LAA | QSF | RAA | VAA,0.811604948759643,0.6101254480286739,0.9455331473025538,False
852,AAA | ADM | GTAA | RAA | VAA,0.8115951290504151,0.6509201041906078,0.928538090936465,False
853,DAA | DM | GTAA | KDA | LAA,0.8114828825103547,0.512192095569785,0.9782608695652174,False
854,AAA | ADM | BAA_Aggressive | FAA | QSF,0.8114108367502114,0.6618125940389378,0.94245658087466,False
855,BAA_Aggressive | DAA | LAA | QSF | RAA,0.8113982340572369,0.6101254480286739,0.9004281650931979,False
856,BAA_Balanced | DM | GTAA | KDA | RAA,0.8113974260023303,0.6193150680482424,0.9833333333333334,False
857,AAA | DM | EAA | LAA | RAA,0.811379545828966,0.5014424797616902,0.9833333333333334,False
858,BAA_Balanced | DM | GPM | GTAA | RAA,0.8113580681509374,0.5226251714677641,0.9833333333333334,False
859,ADM | BAA_Balanced | EAA | LAA | RAA,0.8112494860107857,0.6100633829970151,0.971830985915493,False
860,ADM | BAA_Balanced | GPM | GTAA | LAA,0.8111976534294099,0.5226251714677641,0.971830985915493,False
861,ADM | BAA_Aggressive | BAA_Balanced | QSF | RAA,0.8111481104588562,0.3512630769993555,0.94245658087466,False
862,AAA | LAA | QSF | RAA | VAA,0.8111457931164947,0.6101254480286739,0.9455331473025538,False
863,ADM | BAA_Aggressive | DM | GPM | GTAA,0.8110784679921526,0.6119069769138721,0.9345096613216025,False
864,AAA | ADM | BAA_Aggressive | LAA | PAA,0.8110300431742612,0.5336021302606438,0.971830985915493,False
865,ADM | DAA | FAA | GTAA | QSF,0.8110247613580677,0.6386287149357383,0.94245658087466,False
866,ADM | BAA_Balanced | EAA | FAA | RAA,0.8110062902144268,0.6100633829970151,0.9685534591194968,False
867,BAA_Balanced | DM | EAA | GTAA | RAA,0.8110042636856042,0.6100633829970151,0.9833333333333334,False
868,ADM | BAA_Aggressive | DAA | DM | GTAA,0.8109455507173052,0.6722152864474961,0.9244038559107052,False
869,ADM | DAA | LAA | PAA | QSF,0.8109128994691513,0.47314574773044266,0.971830985915493,False
870,DM | EAA | GPM | LAA | VAA,0.8108856724044685,0.5418138608965833,0.9782608695652174,False
871,DAA | DM | EAA | GTAA | LAA,0.8108592300543102,0.5291632268870916,0.9782608695652174,False
872,DM | GPM | GTAA | LAA | PAA,0.8108294301397688,0.4815852393398689,0.9782608695652174,False
873,FAA | KDA | LAA | QSF | VAA,0.8108230413299227,0.6443260614016753,0.9713964695689841,False
874,AAA | ADM | FAA | LAA | PAA,0.8107932805766493,0.5336021302606438,0.971830985915493,False
875,FAA | GPM | GTAA | LAA | RAA,0.8107025391343823,0.6101254480286739,0.9713964695689841,False
876,DM | GPM | GTAA | QSF | VAA,0.8106872648737788,0.7091522244848897,0.9345679012345679,False
877,ADM | BAA_Balanced | FAA | GPM | RAA,0.8104838762020874,0.5226251714677641,0.9685534591194968,False
878,DM | GPM | KDA | RAA | VAA,0.8103837646039599,0.568024067826069,0.9833333333333334,False
879,BAA_Aggressive | FAA | LAA | PAA | RAA,0.8103331059254867,0.6101254480286739,0.9713964695689841,False
880,ADM | DAA | FAA | KDA | LAA,0.8103328658785237,0.512192095569785,0.971830985915493,False
881,DAA | DM | PAA | QSF | RAA,0.8103141598234431,0.47314574773044266,0.9833333333333334,False
882,BAA_Aggressive | GTAA | QSF | RAA | VAA,0.8102871526689339,0.6982793498867158,0.9174277016742772,False
883,ADM | BAA_Aggressive | DM | EAA | FAA,0.8102800686117103,0.6722152864474961,0.9244038559107052,False
884,BAA_Aggressive | DM | GPM | LAA | PAA,0.810243126525472,0.4815852393398689,0.9782608695652174,False
885,BAA_Balanced | DM | FAA | GPM | QSF,0.8102022049037224,0.5226251714677641,0.9345679012345679,False
886,ADM | DAA | FAA | GPM | RAA,0.8101582638590695,0.5711544972082562,0.9685534591194968,False
887,ADM | BAA_Balanced | GTAA | KDA | LAA,0.8101444768945616,0.6193150680482424,0.971830985915493,False
888,AAA | ADM | DM | KDA | LAA,0.8100582855948989,0.414185283893347,0.9782608695652174,False
889,DAA | DM | GTAA | LAA | PAA,0.8100143960698837,0.47314574773044266,0.9782608695652174,False
890,AAA | BAA_Aggressive | DM | PAA | RAA,0.8099458933484319,0.5336021302606438,0.9833333333333334,False
891,DM | FAA | GPM | QSF | VAA,0.809922213715381,0.7039891840648093,0.9345679012345679,False
892,AAA | BAA_Balanced | DM | GTAA | RAA,0.8098434992519236,0.6173868639610561,0.9833333333333334,False
893,AAA | BAA_Balanced | FAA | LAA | QSF,0.8098338314654663,0.6173868639610561,0.9713964695689841,False
894,ADM | EAA | KDA | LAA | RAA,0.8098138814726303,0.5477661727078487,0.971830985915493,False
895,DM | EAA | GPM | QSF | RAA,0.8098009726258372,0.5418138608965833,0.9833333333333334,False
896,ADM | BAA_Balanced | GPM | LAA | RAA,0.8097177679313969,0.5226251714677641,0.971830985915493,False
897,ADM | BAA_Aggressive | DAA | GPM | LAA,0.8096958300080805,0.5711544972082562,0.971830985915493,False
898,ADM | GTAA | KDA | RAA | VAA,0.8096685535113057,0.6193150680482424,0.928538090936465,False
899,DAA | DM | FAA | PAA | RAA,0.8095265523842123,0.47314574773044266,0.9833333333333334,False
900,BAA_Aggressive | KDA | LAA | RAA | VAA,0.8094848372463446,0.6101254480286739,0.9455331473025538,False
901,ADM | BAA_Aggressive | FAA | QSF | VAA,0.8094221852840405,0.6982793498867158,0.94245658087466,False
902,AAA | GTAA | LAA | RAA | VAA,0.8093998212486859,0.6101254480286739,0.9455331473025538,False
903,ADM | BAA_Balanced | EAA | LAA | VAA,0.8093420874345038,0.6100633829970151,0.971830985915493,False
904,BAA_Aggressive | DAA | DM | GPM | RAA,0.8092856872127939,0.5711544972082562,0.9833333333333334,False
905,AAA | ADM | BAA_Balanced | GTAA | LAA,0.8092715914547057,0.6173868639610561,0.971830985915493,False
906,ADM | GPM | KDA | LAA | VAA,0.8092551235267736,0.568024067826069,0.971830985915493,False
907,BAA_Aggressive | DM | GTAA | PAA | QSF,0.8091669040046006,0.6207275577645948,0.9345679012345679,False
908,EAA | FAA | LAA | QSF | RAA,0.8091517817586407,0.6101254480286739,0.9713964695689841,False
909,AAA | DAA | DM | FAA | RAA,0.8091004141421761,0.543667640607394,0.9833333333333334,False
910,AAA | DM | EAA | LAA | QSF,0.8090832170586563,0.5014424797616902,0.9782608695652174,False
911,AAA | FAA | LAA | QSF | VAA,0.8090474268465873,0.6618125940389378,0.9713964695689841,False
912,AAA | FAA | GTAA | LAA | RAA,0.8090461626816662,0.6101254480286739,0.9713964695689841,False
913,ADM | FAA | GTAA | QSF | VAA,0.8090182564962773,0.6973058880504235,0.94245658087466,False
914,ADM | FAA | KDA | PAA | RAA,0.8090128089866223,0.5616983147823471,0.9685534591194968,False
915,AAA | BAA_Aggressive | DM | EAA | LAA,0.8089904511276835,0.5014424797616902,0.9782608695652174,False
916,ADM | BAA_Aggressive | GTAA | QSF | VAA,0.8089849642649248,0.6982793498867158,0.94245658087466,False
917,ADM | EAA | FAA | GPM | RAA,0.808847480904016,0.5418138608965833,0.9685534591194968,False
918,AAA | DM | GPM | RAA | VAA,0.8088001397986571,0.572727551709692,0.9833333333333334,False
919,DAA | FAA | GTAA | LAA | RAA,0.8087801560442538,0.6101254480286739,0.9713964695689841,False
920,ADM | BAA_Aggressive | DAA | DM | FAA,0.8087662651351948,0.6386287149357383,0.9244038559107052,False
921,ADM | DAA | GTAA | RAA | VAA,0.8087614061704563,0.5416010540018475,0.928538090936465,False
922,DM | GPM | LAA | PAA | QSF,0.8087011866056526,0.4815852393398689,0.9782608695652174,False
923,AAA | ADM | FAA | GPM | RAA,0.8087008692906702,0.572727551709692,0.9685534591194968,False
924,BAA_Balanced | DAA | DM | GTAA | RAA,0.8086359492363113,0.48759873106542545,0.9833333333333334,False
925,ADM | BAA_Aggressive | DM | FAA | KDA,0.8086214658872317,0.6722152864474961,0.9244038559107052,False
926,FAA | GTAA | KDA | QSF | RAA,0.8086022350154547,0.6193150680482424,0.9685534591194968,False
927,DM | GPM | GTAA | KDA | RAA,0.8085483658628926,0.568024067826069,0.9833333333333334,False
928,AAA | ADM | BAA_Balanced | FAA | RAA,0.8085006576161741,0.6173868639610561,0.9685534591194968,False
929,ADM | BAA_Aggressive | EAA | KDA | LAA,0.8084910380025221,0.5477661727078487,0.971830985915493,False
930,BAA_Aggressive | FAA | LAA | PAA | QSF,0.8084381350656532,0.6207275577645948,0.9713964695689841,False
931,AAA | ADM | GPM | LAA | VAA,0.8083525400320217,0.572727551709692,0.971830985915493,False
932,BAA_Balanced | DM | FAA | KDA | QSF,0.8082532736166155,0.6197903396071828,0.9345679012345679,False
933,AAA | DM | LAA | PAA | VAA,0.8081894994582164,0.5336021302606438,0.9782608695652174,False
934,AAA | ADM | DM | EAA | RAA,0.8079753211134779,0.5014424797616902,0.9833333333333334,False
935,ADM | EAA | GPM | LAA | QSF,0.8079650387465863,0.5418138608965833,0.971830985915493,False
936,AAA | ADM | DM | GPM | QSF,0.8078510000964487,0.572727551709692,0.94245658087466,False
937,ADM | DAA | EAA | QSF | RAA,0.8078452876094394,0.5291632268870916,0.94245658087466,False
938,AAA | ADM | BAA_Aggressive | GPM | LAA,0.8077363848292956,0.572727551709692,0.971830985915493,False
939,EAA | FAA | LAA | RAA | VAA,0.8077307219585116,0.6101254480286739,0.9713964695689841,False
940,DM | GPM | LAA | PAA | RAA,0.8077159348516949,0.4815852393398689,0.9833333333333334,False
941,ADM | BAA_Aggressive | GPM | RAA | VAA,0.8077090230551386,0.6119069769138721,0.928538090936465,False
942,AAA | FAA | GTAA | QSF | RAA,0.8077060183479775,0.6509201041906078,0.9685534591194968,False
943,AAA | DM | GPM | GTAA | RAA,0.8077051350654608,0.572727551709692,0.9833333333333334,False
944,AAA | ADM | KDA | LAA | RAA,0.8076835787352227,0.414185283893347,0.971830985915493,False
945,AAA | DM | EAA | FAA | LAA,0.807657456189899,0.5014424797616902,0.9782608695652174,False
946,ADM | DAA | DM | KDA | QSF,0.80763730436842,0.512192095569785,0.94245658087466,False
947,DM | GTAA | KDA | LAA | PAA,0.8075607964413546,0.5616983147823471,0.9782608695652174,False
948,BAA_Balanced | DAA | DM | LAA | VAA,0.8073570016825166,0.48759873106542545,0.9782608695652174,False
949,ADM | DAA | FAA | LAA | PAA,0.8073525183957223,0.47314574773044266,0.971830985915493,False
950,DM | EAA | FAA | LAA | PAA,0.8073253547497886,0.4098810557547072,0.9782608695652174,False
951,GTAA | KDA | LAA | RAA | VAA,0.8071738923383769,0.6101254480286739,0.9455331473025538,False
952,ADM | BAA_Balanced | DAA | GTAA | LAA,0.807141841685082,0.48759873106542545,0.971830985915493,False
953,ADM | BAA_Aggressive | DAA | LAA | PAA,0.8071011555501697,0.47314574773044266,0.971830985915493,False
954,ADM | BAA_Balanced | DM | PAA | QSF,0.8070760653207187,0.5048597299877837,0.94245658087466,False
955,BAA_Aggressive | DAA | DM | EAA | RAA,0.8070251624416072,0.5291632268870916,0.9833333333333334,False
956,AAA | BAA_Aggressive | LAA | RAA | VAA,0.8070145561412858,0.6101254480286739,0.9455331473025538,False
957,ADM | DM | EAA | PAA | RAA,0.8070053099793018,0.4098810557547072,0.9833333333333334,False
958,BAA_Aggressive | DAA | DM | PAA | RAA,0.8069392054783519,0.47314574773044266,0.9833333333333334,False
959,ADM | BAA_Balanced | EAA | GTAA | LAA,0.8068272898859469,0.6100633829970151,0.971830985915493,False
960,BAA_Balanced | GTAA | QSF | RAA | VAA,0.8067798764018125,0.6956911375661375,0.9174277016742772,False
961,BAA_Aggressive | DAA | GTAA | QSF | RAA,0.8067717669866521,0.7026323957812348,0.8771150588205546,False
962,AAA | ADM | DAA | FAA | LAA,0.8067630798014648,0.543667640607394,0.971830985915493,False
963,BAA_Balanced | FAA | KDA | LAA | RAA,0.8067490257704579,0.6101254480286739,0.9713964695689841,False
964,AAA | ADM | LAA | PAA | QSF,0.806728210534829,0.5336021302606438,0.971830985915493,False
965,DM | FAA | GTAA | PAA | QSF,0.8066753924264276,0.6207275577645948,0.9345679012345679,False
966,ADM | DAA | FAA | RAA | VAA,0.8066491104654828,0.5416010540018475,0.9685534591194968,False
967,BAA_Aggressive | DM | EAA | GPM | LAA,0.8066431891737988,0.5418138608965833,0.9782608695652174,False
968,DAA | DM | GPM | GTAA | QSF,0.8065628420865292,0.5711544972082562,0.9345679012345679,False
969,DM | EAA | GPM | GTAA | RAA,0.8065068785142347,0.5418138608965833,0.9833333333333334,False
970,AAA | BAA_Aggressive | DM | GPM | RAA,0.8064040422799973,0.572727551709692,0.9833333333333334,False
971,BAA_Aggressive | BAA_Balanced | DM | KDA | LAA,0.8063816757272786,0.3512630769993555,0.9782608695652174,False
972,AAA | ADM | DAA | DM | QSF,0.8063478379537429,0.543667640607394,0.94245658087466,False
973,ADM | GPM | GTAA | KDA | LAA,0.8063165256051891,0.568024067826069,0.971830985915493,False
974,ADM | DM | GPM | GTAA | VAA,0.8061809320875758,0.6722152864474961,0.9345096613216025,False
975,ADM | BAA_Balanced | LAA | PAA | VAA,0.8061652419254512,0.5048597299877837,0.971830985915493,False
976,AAA | ADM | GPM | GTAA | LAA,0.8061543361183083,0.572727551709692,0.971830985915493,False
977,ADM | BAA_Balanced | FAA | QSF | VAA,0.806097241156453,0.7039891840648093,0.94245658087466,False
978,GPM | GTAA | LAA | RAA | VAA,0.806081892640452,0.6101254480286739,0.9455331473025538,False
979,DAA | DM | EAA | GTAA | RAA,0.8060223402388933,0.5291632268870916,0.9833333333333334,False
980,AAA | DM | EAA | QSF | RAA,0.8060001208257095,0.5014424797616902,0.9833333333333334,False
981,ADM | FAA | GPM | PAA | RAA,0.8058825525047842,0.4815852393398689,0.9685534591194968,False
982,ADM | DAA | EAA | FAA | LAA,0.8057893240000122,0.5291632268870916,0.971830985915493,False
983,ADM | BAA_Aggressive | DM | GTAA | VAA,0.8057329267905532,0.6722152864474961,0.9244038559107052,False
984,FAA | LAA | PAA | QSF | RAA,0.8057228711961348,0.6101254480286739,0.9713964695689841,False
985,AAA | DAA | DM | GTAA | RAA,0.8055796690808388,0.543667640607394,0.9833333333333334,False
986,ADM | BAA_Balanced | GTAA | QSF | VAA,0.805536412554386,0.6956911375661375,0.94245658087466,False
987,BAA_Balanced | DM | PAA | RAA | VAA,0.8054706501899306,0.5048597299877837,0.9833333333333334,False
988,ADM | DAA | DM | QSF | VAA,0.8054519443893671,0.5416010540018475,0.94245658087466,False
989,AAA | DM | EAA | FAA | RAA,0.8054325738045186,0.5014424797616902,0.9833333333333334,False
990,ADM | DM | FAA | GPM | VAA,0.8054105210094873,0.6722152864474961,0.9345096613216025,False
991,GPM | GTAA | LAA | QSF | VAA,0.8054049677851112,0.7091522244848897,0.9455331473025538,False
992,ADM | BAA_Aggressive | EAA | RAA | VAA,0.8053880248874998,0.6616909988587124,0.928538090936465,False
993,DAA | DM | FAA | GPM | QSF,0.8053556330592251,0.5711544972082562,0.9345679012345679,False
994,AAA | DM | PAA | QSF | RAA,0.8052072711351096,0.5336021302606438,0.9833333333333334,False
995,ADM | DAA | DM | EAA | QSF,0.8051980698508476,0.5291632268870916,0.94245658087466,False
996,AAA | DM | FAA | KDA | LAA,0.8051486658534843,0.414185283893347,0.9782608695652174,False
997,ADM | BAA_Aggressive | GPM | GTAA | QSF,0.8051438658807031,0.6119069769138721,0.94245658087466,False
998,ADM | DM | EAA | GPM | QSF,0.8050603042842728,0.5418138608965833,0.94245658087466,False
999,ADM | DAA | EAA | LAA | RAA,0.8050441719732506,0.5291632268870916,0.971830985915493,False
1000,AAA | ADM | BAA_Aggressive | KDA | LAA,0.8049255990180558,0.414185283893347,0.971830985915493,False
1001,AAA | BAA_Aggressive | DM | KDA | RAA,0.804685790854999,0.414185283893347,0.9833333333333334,False
1002,ADM | EAA | FAA | KDA | RAA,0.8045616610227329,0.5477661727078487,0.9685534591194968,False
1003,AAA | GTAA | LAA | QSF | VAA,0.80453200656051,0.6509201041906078,0.9455331473025538,False
1004,ADM | BAA_Aggressive | EAA | FAA | QSF,0.8045125353305188,0.66262737884406,0.94245658087466,False
1005,DM | EAA | GPM | RAA | VAA,0.8043927604131087,0.5418138608965833,0.9833333333333334,False
1006,BAA_Aggressive | FAA | GPM | LAA | RAA,0.804359852898496,0.6101254480286739,0.9713964695689841,False
1007,BAA_Aggressive | EAA | FAA | LAA | RAA,0.8042374107950877,0.6101254480286739,0.9713964695689841,False
1008,DM | KDA | PAA | RAA | VAA,0.8041949566458575,0.5616983147823471,0.9833333333333334,False
1009,DM | EAA | KDA | LAA | VAA,0.8041167187124445,0.5477661727078487,0.9782608695652174,False
1010,BAA_Aggressive | DM | EAA | GTAA | QSF,0.8040916843519067,0.66262737884406,0.9345679012345679,False
1011,ADM | BAA_Aggressive | BAA_Balanced | LAA | RAA,0.804039030506561,0.3512630769993555,0.971830985915493,False
1012,ADM | BAA_Aggressive | DM | FAA | VAA,0.8039957990773491,0.6722152864474961,0.9244038559107052,False
1013,BAA_Aggressive | GTAA | KDA | LAA | RAA,0.8038737151296228,0.6101254480286739,0.9090193586767458,False
1014,DM | FAA | GTAA | KDA | QSF,0.8038478408513342,0.6193150680482424,0.9345679012345679,False
1015,FAA | KDA | QSF | RAA | VAA,0.8038421156009831,0.6443260614016753,0.9685534591194968,False
1016,DM | EAA | FAA | PAA | RAA,0.8037547589335517,0.4098810557547072,0.9833333333333334,False
1017,AAA | ADM | EAA | LAA | QSF,0.8037526938707682,0.5014424797616902,0.971830985915493,False
1018,DAA | DM | GTAA | KDA | RAA,0.8037456937628719,0.512192095569785,0.9833333333333334,False
1019,DM | EAA | FAA | GTAA | QSF,0.8037193877694296,0.66262737884406,0.9345679012345679,False
1020,BAA_Balanced | KDA | LAA | QSF | RAA,0.8036746060399645,0.6101254480286739,0.9090193586767458,False
1021,ADM | BAA_Aggressive | DM | PAA | VAA,0.8036690114017,0.6722152864474961,0.9244038559107052,False
1022,AAA | ADM | LAA | PAA | RAA,0.8036654564100105,0.5336021302606438,0.971830985915493,False
1023,ADM | EAA | KDA | QSF | RAA,0.8036440496784358,0.5477661727078487,0.94245658087466,False
1024,ADM | DM | PAA | QSF | VAA,0.8036014450510003,0.6207275577645948,0.94245658087466,False
1025,ADM | BAA_Balanced | FAA | PAA | RAA,0.8035438586699432,0.5048597299877837,0.9685534591194968,False
1026,ADM | BAA_Aggressive | DAA | EAA | LAA,0.8034187461587641,0.5291632268870916,0.971830985915493,False
1027,AAA | ADM | KDA | QSF | RAA,0.8033335444803301,0.414185283893347,0.94245658087466,False
1028,AAA | DM | GTAA | LAA | PAA,0.8032985949954028,0.5336021302606438,0.9782608695652174,False
1029,BAA_Balanced | FAA | KDA | QSF | RAA,0.8032788164861773,0.6197903396071828,0.9685534591194968,False
1030,BAA_Aggressive | EAA | FAA | LAA | QSF,0.8032517492438223,0.66262737884406,0.9713964695689841,False
1031,AAA | ADM | BAA_Aggressive | GTAA | QSF,0.8031715861521558,0.6509201041906078,0.94245658087466,False
1032,FAA | GPM | QSF | RAA | VAA,0.8031356227614452,0.7039891840648093,0.9685534591194968,False
1033,ADM | BAA_Aggressive | GTAA | KDA | QSF,0.8031175673086104,0.6193150680482424,0.94245658087466,False
1034,ADM | DM | FAA | GTAA | PAA,0.8030933900008769,0.6722152864474961,0.91337823237752,False
1035,ADM | BAA_Aggressive | BAA_Balanced | GTAA | LAA,0.8030372905300819,0.3512630769993555,0.971830985915493,False
1036,BAA_Balanced | DAA | DM | GTAA | QSF,0.8030352444525878,0.48759873106542545,0.9345679012345679,False
1037,ADM | FAA | GPM | QSF | VAA,0.802842887293948,0.7039891840648093,0.94245658087466,False
1038,ADM | KDA | LAA | PAA | VAA,0.8028181228452022,0.5616983147823471,0.971830985915493,False
1039,AAA | BAA_Balanced | DM | FAA | QSF,0.802697803472564,0.6173868639610561,0.9345679012345679,False
1040,AAA | ADM | DAA | GTAA | LAA,0.8026951773039844,0.543667640607394,0.971830985915493,False
1041,ADM | DAA | GPM | GTAA | RAA,0.8026695872857937,0.5711544972082562,0.928538090936465,False
1042,BAA_Aggressive | BAA_Balanced | DM | GTAA | RAA,0.8024028505110449,0.3512630769993555,0.9833333333333334,False
1043,ADM | BAA_Aggressive | KDA | PAA | RAA,0.8023095474978492,0.5616983147823471,0.928538090936465,False
1044,BAA_Balanced | DM | GPM | GTAA | QSF,0.802209392836035,0.5226251714677641,0.9345679012345679,False
1045,AAA | FAA | QSF | RAA | VAA,0.8022055049256348,0.6618125940389378,0.9685534591194968,False
1046,AAA | BAA_Aggressive | GTAA | LAA | RAA,0.8021438280324352,0.6101254480286739,0.9004281650931979,False
1047,ADM | BAA_Aggressive | DM | EAA | GTAA,0.8020265277030416,0.6722152864474961,0.9244038559107052,False
1048,ADM | DAA | DM | PAA | QSF,0.8019913779606215,0.47314574773044266,0.94245658087466,False
1049,DM | GPM | PAA | RAA | VAA,0.8019450516946469,0.4815852393398689,0.9833333333333334,False
1050,DAA | DM | GPM | RAA | VAA,0.8017956877385897,0.5416010540018475,0.9833333333333334,False
1051,ADM | GPM | LAA | PAA | QSF,0.8017017282050803,0.4815852393398689,0.971830985915493,False
1052,AAA | DM | FAA | GTAA | QSF,0.8016932218861322,0.6509201041906078,0.9345679012345679,False
1053,ADM | GPM | LAA | PAA | VAA,0.801660752280233,0.4815852393398689,0.971830985915493,False
1054,DAA | GTAA | LAA | QSF | VAA,0.8016306378510828,0.5416010540018475,0.9455331473025538,False
1055,DAA | FAA | LAA | RAA | VAA,0.801557721801427,0.5416010540018475,0.9713964695689841,False
1056,ADM | BAA_Aggressive | DAA | RAA | VAA,0.801536959750097,0.5416010540018475,0.928538090936465,False
1057,BAA_Aggressive | KDA | LAA | QSF | VAA,0.8015318289124801,0.6443260614016753,0.9455331473025538,False
1058,BAA_Balanced | DM | EAA | FAA | QSF,0.801466114285797,0.6100633829970151,0.9345679012345679,False
1059,ADM | GPM | GTAA | QSF | VAA,0.8014389496397168,0.7091522244848897,0.94245658087466,False
1060,ADM | DM | GPM | PAA | QSF,0.8014324981540399,0.4815852393398689,0.94245658087466,False
1061,BAA_Aggressive | BAA_Balanced | DM | FAA | QSF,0.8014271110985902,0.3512630769993555,0.9345679012345679,False
1062,DM | EAA | GTAA | KDA | LAA,0.8014106683026663,0.5477661727078487,0.9782608695652174,False
1063,ADM | BAA_Balanced | LAA | PAA | RAA,0.8013979816325959,0.5048597299877837,0.971830985915493,False
1064,BAA_Aggressive | DAA | GTAA | LAA | RAA,0.801389695951858,0.6101254480286739,0.9004281650931979,False
1065,ADM | EAA | GPM | GTAA | LAA,0.8013510135646428,0.5418138608965833,0.971830985915493,False
1066,AAA | BAA_Aggressive | DM | EAA | RAA,0.801214137346127,0.5014424797616902,0.9833333333333334,False
1067,AAA | BAA_Aggressive | LAA | QSF | VAA,0.8011448071193538,0.6685271574653294,0.9455331473025538,False
1068,ADM | BAA_Aggressive | BAA_Balanced | LAA | VAA,0.8011435876547301,0.3512630769993555,0.971830985915493,False
1069,DM | GPM | GTAA | PAA | RAA,0.8011339217348665,0.4815852393398689,0.9833333333333334,False
1070,BAA_Balanced | DM | GTAA | PAA | RAA,0.8011338037609844,0.5048597299877837,0.9833333333333334,False
1071,ADM | BAA_Balanced | FAA | GPM | QSF,0.8010766963029303,0.5226251714677641,0.94245658087466,False
1072,DAA | DM | GTAA | PAA | RAA,0.8010704976995318,0.47314574773044266,0.9833333333333334,False
1073,ADM | DM | FAA | GPM | PAA,0.8010519102600269,0.4815852393398689,0.9345096613216025,False
1074,GPM | GTAA | LAA | QSF | RAA,0.801009369005213,0.6101254480286739,0.8961763830349048,False
1075,BAA_Balanced | DAA | DM | FAA | QSF,0.8009849263731192,0.48759873106542545,0.9345679012345679,False
1076,AAA | ADM | DM | KDA | RAA,0.8008881158244984,0.414185283893347,0.9833333333333334,False
1077,BAA_Aggressive | FAA | GTAA | RAA | VAA,0.8008770281182981,0.6973058880504235,0.9685534591194968,False
1078,AAA | BAA_Aggressive | GTAA | QSF | RAA,0.8007772147567656,0.6509201041906078,0.8771150588205546,False
1079,FAA | GTAA | LAA | PAA | RAA,0.8007736787060787,0.6101254480286739,0.9713964695689841,False
1080,ADM | BAA_Balanced | GTAA | LAA | PAA,0.8007251963159879,0.5048597299877837,0.971830985915493,False
1081,ADM | KDA | PAA | QSF | RAA,0.800689806945116,0.5616983147823471,0.94245658087466,False
1082,AAA | BAA_Balanced | LAA | QSF | RAA,0.8005549932258385,0.6101254480286739,0.8915509180853448,False
1083,BAA_Aggressive | FAA | GPM | QSF | RAA,0.8005372779560963,0.6119069769138721,0.9685534591194968,False
1084,BAA_Aggressive | DM | EAA | LAA | PAA,0.8005082292157066,0.4098810557547072,0.9782608695652174,False
1085,ADM | DAA | GPM | LAA | VAA,0.800425888217943,0.5416010540018475,0.971830985915493,False
1086,AAA | ADM | EAA | FAA | LAA,0.800412373215379,0.5014424797616902,0.971830985915493,False
1087,ADM | EAA | GPM | LAA | VAA,0.8003400946440339,0.5418138608965833,0.971830985915493,False
1088,ADM | BAA_Aggressive | DAA | KDA | RAA,0.8003397061727412,0.512192095569785,0.928538090936465,False
1089,BAA_Aggressive | GTAA | KDA | QSF | RAA,0.8002848387340334,0.6193150680482424,0.8815837063902626,False
1090,AAA | BAA_Balanced | FAA | LAA | RAA,0.8002296948042119,0.6101254480286739,0.9713964695689841,False
1091,GTAA | KDA | LAA | QSF | VAA,0.8002228183382686,0.6193150680482424,0.9455331473025538,False
1092,ADM | DM | KDA | QSF | VAA,0.800212256859402,0.6443260614016753,0.94245658087466,False
1093,ADM | DAA | GTAA | KDA | LAA,0.8001801606754666,0.512192095569785,0.971830985915493,False
1094,ADM | DAA | LAA | PAA | RAA,0.8001112849803189,0.47314574773044266,0.971830985915493,False
1095,AAA | DM | FAA | KDA | RAA,0.8000234845360378,0.414185283893347,0.9833333333333334,False
1096,AAA | BAA_Aggressive | BAA_Balanced | DM | LAA,0.7999925351535169,0.3512630769993555,0.9782608695652174,False
1097,ADM | BAA_Balanced | KDA | RAA | VAA,0.7999046865284422,0.6197903396071828,0.928538090936465,False
1098,DAA | LAA | QSF | RAA | VAA,0.7998868277104569,0.5416010540018475,0.9455331473025538,False
1099,FAA | GTAA | LAA | PAA | QSF,0.7998806421800013,0.6207275577645948,0.9713964695689841,False
1100,ADM | BAA_Aggressive | BAA_Balanced | FAA | RAA,0.7998674117352806,0.3512630769993555,0.9685534591194968,False
1101,BAA_Balanced | FAA | GTAA | LAA | VAA,0.7998168386470661,0.6956911375661375,0.9713964695689841,False
1102,ADM | EAA | GPM | LAA | RAA,0.7998020854803647,0.5418138608965833,0.971830985915493,False
1103,AAA | ADM | EAA | LAA | RAA,0.7997806304373818,0.5014424797616902,0.971830985915493,False
1104,DM | GPM | PAA | QSF | RAA,0.7997692957296704,0.4815852393398689,0.9833333333333334,False
1105,ADM | GPM | GTAA | LAA | PAA,0.7997464231399355,0.4815852393398689,0.971830985915493,False
1106,AAA | DAA | DM | LAA | VAA,0.7997342233726892,0.5416010540018475,0.9782608695652174,False
1107,FAA | GPM | GTAA | LAA | VAA,0.7997318119663929,0.6973058880504235,0.9713964695689841,False
1108,ADM | BAA_Balanced | DM | FAA | GPM,0.7996879053064989,0.5226251714677641,0.9345096613216025,False
1109,ADM | BAA_Balanced | FAA | KDA | QSF,0.7996380129096949,0.6197903396071828,0.94245658087466,False
1110,AAA | ADM | FAA | PAA | RAA,0.7996248537616192,0.5336021302606438,0.9685534591194968,False
1111,ADM | BAA_Balanced | PAA | QSF | RAA,0.799564386899839,0.5048597299877837,0.94245658087466,False
1112,EAA | FAA | GTAA | LAA | QSF,0.7995601419342763,0.66262737884406,0.9713964695689841,False
1113,ADM | FAA | GTAA | PAA | QSF,0.7995451588996454,0.6207275577645948,0.94245658087466,False
1114,EAA | FAA | GTAA | LAA | RAA,0.7995438691517859,0.6101254480286739,0.9713964695689841,False
1115,ADM | DAA | EAA | GTAA | LAA,0.7995327824595994,0.5291632268870916,0.971830985915493,False
1116,DM | GTAA | KDA | PAA | RAA,0.7994680703165654,0.5616983147823471,0.9833333333333334,False
1117,BAA_Aggressive | BAA_Balanced | DM | RAA | VAA,0.799405948455176,0.3512630769993555,0.9833333333333334,False
1118,BAA_Balanced | DM | GPM | KDA | LAA,0.7993994293214486,0.5226251714677641,0.9782608695652174,False
1119,ADM | DAA | FAA | KDA | RAA,0.7993809726328128,0.512192095569785,0.9685534591194968,False
1120,AAA | DM | PAA | RAA | VAA,0.7993313650000219,0.5336021302606438,0.9833333333333334,False
1121,AAA | ADM | BAA_Aggressive | DM | FAA,0.7992490204155429,0.6618125940389378,0.9244038559107052,False
1122,DM | EAA | KDA | RAA | VAA,0.7992265890011978,0.5477661727078487,0.9833333333333334,False
1123,ADM | BAA_Balanced | DM | FAA | GTAA,0.7991082501895999,0.6722152864474961,0.9067380633645694,False
1124,DM | FAA | GPM | KDA | QSF,0.7990917765103266,0.568024067826069,0.9345679012345679,False
1125,AAA | BAA_Balanced | FAA | QSF | RAA,0.7989817486398508,0.6173868639610561,0.9685534591194968,False
1126,BAA_Balanced | FAA | GPM | LAA | QSF,0.7989670594380915,0.5226251714677641,0.9713964695689841,False
1127,ADM | EAA | FAA | LAA | PAA,0.7988978586966338,0.4098810557547072,0.971830985915493,False
1128,ADM | DM | FAA | PAA | VAA,0.7988727215045366,0.6722152864474961,0.91337823237752,False
1129,ADM | BAA_Aggressive | GTAA | PAA | QSF,0.7988212231419501,0.6207275577645948,0.94245658087466,False
1130,DAA | DM | KDA | LAA | VAA,0.7987796458705808,0.512192095569785,0.9782608695652174,False
1131,DAA | GTAA | LAA | RAA | VAA,0.7987595921752451,0.5416010540018475,0.9455331473025538,False
1132,AAA | ADM | LAA | PAA | VAA,0.7986355725099175,0.5336021302606438,0.971830985915493,False
1133,BAA_Aggressive | FAA | KDA | LAA | VAA,0.7986145193958986,0.6443260614016753,0.9713964695689841,False
1134,AAA | ADM | BAA_Aggressive | EAA | LAA,0.7985299208172953,0.5014424797616902,0.971830985915493,False
1135,BAA_Aggressive | BAA_Balanced | FAA | LAA | QSF,0.7985285300176774,0.3512630769993555,0.9713964695689841,False
1136,AAA | ADM | BAA_Balanced | RAA | VAA,0.7984304108887026,0.6173868639610561,0.928538090936465,False
1137,BAA_Balanced | DAA | FAA | LAA | QSF,0.7984020723649781,0.48759873106542545,0.9713964695689841,False
1138,ADM | DAA | GTAA | LAA | PAA,0.7983493062748989,0.47314574773044266,0.971830985915493,False
1139,ADM | EAA | GPM | QSF | RAA,0.7983036205508249,0.5418138608965833,0.94245658087466,False
1140,AAA | ADM | BAA_Aggressive | DAA | RAA,0.7982975165938787,0.543667640607394,0.928538090936465,False
1141,DAA | DM | GTAA | QSF | VAA,0.798260643482261,0.5416010540018475,0.9345679012345679,False
1142,AAA | ADM | DM | QSF | VAA,0.7981953455473295,0.6685271574653294,0.94245658087466,False
1143,ADM | BAA_Aggressive | GPM | LAA | PAA,0.7981136610023999,0.4815852393398689,0.971830985915493,False
1144,AAA | ADM | FAA | KDA | LAA,0.7979273086387869,0.414185283893347,0.971830985915493,False
1145,DAA | FAA | LAA | QSF | VAA,0.7979018706893137,0.5416010540018475,0.9713964695689841,False
1146,ADM | DAA | PAA | QSF | RAA,0.7978960827530049,0.47314574773044266,0.94245658087466,False
1147,ADM | DM | EAA | QSF | VAA,0.7978124029558028,0.6616909988587124,0.94245658087466,False
1148,ADM | DAA | EAA | FAA | RAA,0.7977377296863674,0.5291632268870916,0.9685534591194968,False
1149,BAA_Aggressive | DAA | DM | KDA | QSF,0.7974930881243206,0.512192095569785,0.9345679012345679,False
1150,ADM | BAA_Aggressive | DM | GPM | VAA,0.7974410643753903,0.6119069769138721,0.9345096613216025,False
1151,DM | EAA | GTAA | KDA | RAA,0.7974249507328122,0.5477661727078487,0.9833333333333334,False
1152,AAA | DM | EAA | LAA | VAA,0.7972913724161762,0.5014424797616902,0.9782608695652174,False
1153,ADM | DM | EAA | FAA | GPM,0.7972743256930503,0.5418138608965833,0.9345096613216025,False
1154,BAA_Balanced | DM | EAA | KDA | LAA,0.7972291162220503,0.5477661727078487,0.9782608695652174,False
1155,BAA_Aggressive | FAA | PAA | QSF | RAA,0.7972253118355476,0.6207275577645948,0.9685534591194968,False
1156,BAA_Aggressive | GPM | GTAA | LAA | QSF,0.7971975552149255,0.6119069769138721,0.9004281650931979,False
1157,ADM | DAA | DM | GPM | GTAA,0.7971584786972126,0.5711544972082562,0.9345096613216025,False
1158,ADM | DAA | FAA | GPM | QSF,0.7971435084720759,0.5711544972082562,0.94245658087466,False
1159,ADM | BAA_Balanced | DAA | FAA | RAA,0.797136544345154,0.48759873106542545,0.9685534591194968,False
1160,ADM | BAA_Balanced | DM | GTAA | VAA,0.7971353307044533,0.6722152864474961,0.9067380633645694,False
1161,BAA_Aggressive | DM | EAA | GPM | RAA,0.797125089304142,0.5418138608965833,0.9833333333333334,False
1162,ADM | FAA | GTAA | KDA | QSF,0.7970799752846485,0.6193150680482424,0.94245658087466,False
1163,ADM | GTAA | KDA | LAA | PAA,0.7969880373353931,0.5616983147823471,0.971830985915493,False
1164,ADM | EAA | FAA | GTAA | QSF,0.7969277964429214,0.66262737884406,0.94245658087466,False
1165,AAA | BAA_Aggressive | DAA | DM | QSF,0.796714112738852,0.543667640607394,0.9345679012345679,False
1166,FAA | GPM | KDA | LAA | QSF,0.7966465297759854,0.568024067826069,0.9713964695689841,False
1167,BAA_Aggressive | DM | GPM | PAA | RAA,0.7966180181008802,0.4815852393398689,0.9833333333333334,False
1168,GPM | LAA | QSF | RAA | VAA,0.7966008400465562,0.6101254480286739,0.9455331473025538,False
1169,AAA | BAA_Balanced | GTAA | LAA | QSF,0.7965605479533038,0.6173868639610561,0.8961763830349048,False
1170,ADM | DM | GTAA | PAA | VAA,0.7965067656585912,0.6722152864474961,0.91337823237752,False
1171,AAA | BAA_Balanced | DM | GTAA | QSF,0.7965039341041862,0.6173868639610561,0.9345679012345679,False
1172,ADM | BAA_Aggressive | DM | GTAA | KDA,0.7964717613159189,0.6193150680482424,0.9244038559107052,False
1173,BAA_Aggressive | DM | FAA | GTAA | PAA,0.7964400640761976,0.6808625540157344,0.9244038559107052,False
1174,EAA | FAA | GTAA | QSF | RAA,0.7963839272787954,0.66262737884406,0.9685534591194968,False
1175,BAA_Aggressive | FAA | GTAA | KDA | LAA,0.7963663319631105,0.6193150680482424,0.9713964695689841,False
1176,BAA_Aggressive | FAA | LAA | PAA | VAA,0.796321853333045,0.6956308595562981,0.9713964695689841,False
1177,DAA | DM | LAA | PAA | VAA,0.7962868906488227,0.47314574773044266,0.9782608695652174,False
1178,FAA | GPM | KDA | LAA | RAA,0.7962811984456786,0.568024067826069,0.9713964695689841,False
1179,ADM | BAA_Aggressive | DM | KDA | PAA,0.7961947836454344,0.5616983147823471,0.9244038559107052,False
1180,ADM | DAA | GPM | GTAA | QSF,0.796181728686751,0.5711544972082562,0.94245658087466,False
1181,BAA_Aggressive | EAA | FAA | QSF | RAA,0.7961459345686516,0.66262737884406,0.9685534591194968,False
1182,AAA | GTAA | QSF | RAA | VAA,0.7960682532630712,0.6509201041906078,0.9174277016742772,False
1183,BAA_Balanced | DM | GTAA | KDA | QSF,0.7959746015426605,0.6193150680482424,0.9345679012345679,False
1184,AAA | ADM | DAA | FAA | RAA,0.7959501903637408,0.543667640607394,0.9685534591194968,False
1185,ADM | DAA | DM | FAA | GPM,0.7959459097502178,0.5711544972082562,0.9345096613216025,False
1186,GTAA | LAA | PAA | RAA | VAA,0.7959081528763394,0.6101254480286739,0.9455331473025538,False
1187,AAA | ADM | EAA | QSF | RAA,0.7958330617631072,0.5014424797616902,0.94245658087466,False
1188,AAA | ADM | FAA | GTAA | QSF,0.7957454014379847,0.6509201041906078,0.94245658087466,False
1189,ADM | BAA_Aggressive | EAA | KDA | RAA,0.7957391845382641,0.5477661727078487,0.928538090936465,False
1190,ADM | BAA_Balanced | EAA | RAA | VAA,0.7955382816097003,0.6100633829970151,0.928538090936465,False
1191,BAA_Aggressive | DAA | DM | GPM | QSF,0.7955275020762992,0.5711544972082562,0.9345679012345679,False
1192,ADM | BAA_Balanced | DM | FAA | VAA,0.7955218105742003,0.6722152864474961,0.9067380633645694,False
1193,ADM | BAA_Balanced | GPM | RAA | VAA,0.7954393244136659,0.5226251714677641,0.928538090936465,False
1194,AAA | DM | GTAA | PAA | RAA,0.795344872678601,0.5336021302606438,0.9833333333333334,False
1195,ADM | BAA_Aggressive | GPM | KDA | RAA,0.7953398496551072,0.568024067826069,0.928538090936465,False
1196,ADM | DM | KDA | PAA | QSF,0.795334446395864,0.5616983147823471,0.94245658087466,False
1197,AAA | DM | EAA | GTAA | LAA,0.795325716014269,0.5014424797616902,0.9782608695652174,False
1198,GPM | GTAA | QSF | RAA | VAA,0.7951994283995723,0.7091522244848897,0.9174277016742772,False
1199,ADM | DAA | FAA | PAA | RAA,0.7951939155271421,0.47314574773044266,0.9685534591194968,False
1200,BAA_Aggressive | FAA | GTAA | LAA | PAA,0.7950979346815438,0.6808625540157344,0.9713964695689841,False
1201,ADM | GPM | KDA | RAA | VAA,0.7950253767286334,0.568024067826069,0.928538090936465,False
1202,AAA | BAA_Balanced | DM | GPM | LAA,0.7950163435371804,0.5226251714677641,0.9782608695652174,False
1203,FAA | LAA | PAA | QSF | VAA,0.7950006661256356,0.6207275577645948,0.9713964695689841,False
1204,ADM | BAA_Aggressive | DAA | DM | GPM,0.7949478046184798,0.5711544972082562,0.9345096613216025,False
1205,BAA_Balanced | GTAA | KDA | LAA | QSF,0.7949118169020406,0.6193150680482424,0.9090193586767458,False
1206,AAA | ADM | BAA_Balanced | FAA | QSF,0.794902587884182,0.6173868639610561,0.94245658087466,False
1207,ADM | BAA_Aggressive | EAA | GPM | LAA,0.7948523658510008,0.5418138608965833,0.971830985915493,False
1208,AAA | DM | KDA | LAA | VAA,0.7948359352593106,0.414185283893347,0.9782608695652174,False
1209,AAA | BAA_Aggressive | FAA | LAA | VAA,0.7948277794506524,0.6618125940389378,0.9713964695689841,False
1210,AAA | ADM | PAA | QSF | RAA,0.794701569872233,0.5336021302606438,0.94245658087466,False
1211,BAA_Balanced | DAA | DM | RAA | VAA,0.7946382605547987,0.48759873106542545,0.9833333333333334,False
1212,BAA_Aggressive | DM | KDA | QSF | VAA,0.794501941133643,0.6443260614016753,0.9345679012345679,False
1213,EAA | GTAA | LAA | RAA | VAA,0.7944997658415507,0.6101254480286739,0.9455331473025538,False
1214,ADM | GPM | LAA | PAA | RAA,0.7944480842474266,0.4815852393398689,0.971830985915493,False
1215,BAA_Balanced | KDA | LAA | RAA | VAA,0.7944431422472453,0.6101254480286739,0.9455331473025538,False
1216,BAA_Aggressive | BAA_Balanced | DM | GTAA | QSF,0.7944010156660185,0.3512630769993555,0.9345679012345679,False
1217,ADM | BAA_Balanced | GTAA | KDA | RAA,0.7943447842790847,0.6193150680482424,0.928538090936465,False
1218,DAA | FAA | GPM | LAA | QSF,0.7943109028135779,0.5711544972082562,0.9713964695689841,False
1219,AAA | ADM | BAA_Aggressive | PAA | RAA,0.7943101849630553,0.5336021302606438,0.928538090936465,False
1220,AAA | ADM | GPM | RAA | VAA,0.7942617970418686,0.572727551709692,0.928538090936465,False
1221,ADM | BAA_Balanced | DAA | LAA | VAA,0.7942473521840865,0.48759873106542545,0.971830985915493,False
1222,AAA | DM | FAA | GPM | QSF,0.7942470023192504,0.572727551709692,0.9345679012345679,False
1223,DAA | DM | EAA | LAA | VAA,0.7942064765723427,0.5291632268870916,0.9782608695652174,False
1224,ADM | BAA_Aggressive | EAA | GTAA | QSF,0.7940846456895304,0.66262737884406,0.94245658087466,False
1225,ADM | EAA | KDA | LAA | VAA,0.7940813888458818,0.5477661727078487,0.971830985915493,False
1226,DAA | FAA | KDA | LAA | QSF,0.7940009895174771,0.512192095569785,0.9713964695689841,False
1227,AAA | DAA | LAA | QSF | RAA,0.793963196175713,0.543667640607394,0.8915509180853448,False
1228,ADM | BAA_Balanced | EAA | GTAA | RAA,0.7939278962025361,0.6100633829970151,0.928538090936465,False
1229,ADM | BAA_Balanced | GPM | GTAA | RAA,0.7937951785338201,0.5226251714677641,0.928538090936465,False
1230,ADM | DM | FAA | GTAA | VAA,0.7937207458348498,0.6722152864474961,0.875182117935741,False
1231,DAA | KDA | LAA | QSF | RAA,0.7936949069214656,0.512192095569785,0.9090193586767458,False
1232,AAA | ADM | BAA_Balanced | GTAA | RAA,0.7936109026472162,0.6173868639610561,0.928538090936465,False
1233,DM | FAA | PAA | QSF | VAA,0.7935774320998171,0.6207275577645948,0.9345679012345679,False
1234,AAA | ADM | GTAA | LAA | PAA,0.7935458810079796,0.5336021302606438,0.971830985915493,False
1235,ADM | BAA_Balanced | DM | EAA | FAA,0.7934456167246844,0.6100633829970151,0.9067380633645694,False
1236,BAA_Balanced | DM | FAA | PAA | QSF,0.7934330156330198,0.5048597299877837,0.9345679012345679,False
1237,AAA | BAA_Balanced | LAA | QSF | VAA,0.7934071765059125,0.6173868639610561,0.9455331473025538,False
1238,BAA_Balanced | DAA | GTAA | LAA | QSF,0.7933729763006618,0.48759873106542545,0.8961763830349048,False
1239,AAA | ADM | EAA | FAA | RAA,0.7933509549552842,0.5014424797616902,0.9685534591194968,False
1240,AAA | BAA_Aggressive | FAA | GTAA | LAA,0.7933199860257354,0.6509201041906078,0.9713964695689841,False
1241,AAA | BAA_Balanced | LAA | RAA | VAA,0.7932682199787051,0.6101254480286739,0.9455331473025538,False
1242,AAA | ADM | BAA_Aggressive | DM | GTAA,0.793184118549807,0.6509201041906078,0.9244038559107052,False
1243,BAA_Aggressive | DM | GPM | QSF | VAA,0.7931227312300959,0.6119069769138721,0.9345679012345679,False
1244,ADM | BAA_Aggressive | BAA_Balanced | KDA | LAA,0.7931191113555085,0.3512630769993555,0.971830985915493,False
1245,BAA_Balanced | DM | EAA | GTAA | QSF,0.7930836058744863,0.6100633829970151,0.9345679012345679,False
1246,AAA | BAA_Aggressive | DM | QSF | VAA,0.7929955208507791,0.6685271574653294,0.9345679012345679,False
1247,ADM | GPM | GTAA | KDA | RAA,0.7929911909484416,0.568024067826069,0.928538090936465,False
1248,AAA | ADM | GPM | GTAA | RAA,0.7929680052695479,0.572727551709692,0.928538090936465,False
1249,AAA | DAA | FAA | LAA | QSF,0.7929528199315372,0.543667640607394,0.9713964695689841,False
1250,AAA | FAA | GPM | LAA | QSF,0.7929211540746466,0.572727551709692,0.9713964695689841,False
1251,DM | EAA | LAA | PAA | RAA,0.7928468912855933,0.4098810557547072,0.9833333333333334,False
1252,ADM | BAA_Balanced | EAA | FAA | QSF,0.7928271278190541,0.6100633829970151,0.94245658087466,False
1253,ADM | DM | EAA | FAA | GTAA,0.7928242052693767,0.6722152864474961,0.8787598307092223,False
1254,ADM | BAA_Aggressive | DAA | DM | PAA,0.7927270131898673,0.47314574773044266,0.9244038559107052,False
1255,ADM | BAA_Balanced | DM | FAA | PAA,0.7927256981464093,0.5048597299877837,0.91337823237752,False
1256,BAA_Aggressive | DAA | FAA | GTAA | LAA,0.7926792631939228,0.6386287149357383,0.9713964695689841,False
1257,FAA | GTAA | PAA | QSF | RAA,0.7925974189695852,0.6207275577645948,0.9685534591194968,False
1258,AAA | DM | EAA | RAA | VAA,0.7925402465129168,0.5014424797616902,0.9833333333333334,False
1259,BAA_Balanced | KDA | LAA | QSF | VAA,0.7924988394625203,0.6197903396071828,0.9455331473025538,False
1260,BAA_Balanced | EAA | FAA | LAA | QSF,0.7924925902021409,0.6100633829970151,0.9713964695689841,False
1261,ADM | BAA_Aggressive | DM | GPM | PAA,0.792391810099587,0.4815852393398689,0.9345096613216025,False
1262,BAA_Balanced | DM | KDA | LAA | PAA,0.7923901410509633,0.5048597299877837,0.9782608695652174,False
1263,BAA_Aggressive | DM | FAA | GPM | GTAA,0.7922455988345294,0.6119069769138721,0.9345096613216025,False
1264,DAA | GTAA | QSF | RAA | VAA,0.792176708500094,0.5416010540018475,0.9174277016742772,False
1265,AAA | BAA_Aggressive | DAA | LAA | QSF,0.7920215517066629,0.543667640607394,0.9004281650931979,False
1266,ADM | FAA | GPM | KDA | QSF,0.7919719826122009,0.568024067826069,0.94245658087466,False
1267,ADM | DAA | DM | FAA | GTAA,0.7919620182592428,0.6386287149357383,0.8979531271197937,False
1268,DAA | DM | GPM | KDA | LAA,0.7919259654627866,0.512192095569785,0.9782608695652174,False
1269,DM | FAA | KDA | QSF | VAA,0.7917741493060106,0.6443260614016753,0.9345679012345679,False
1270,EAA | FAA | LAA | QSF | VAA,0.7917549178190042,0.6616909988587124,0.9713964695689841,False
1271,DM | EAA | LAA | PAA | VAA,0.7917400865793066,0.4098810557547072,0.9782608695652174,False
1272,ADM | BAA_Balanced | DM | GPM | GTAA,0.7917004531585022,0.5226251714677641,0.9345096613216025,False
1273,BAA_Aggressive | DAA | KDA | LAA | QSF,0.7916811286023936,0.512192095569785,0.9090193586767458,False
1274,BAA_Balanced | DAA | DM | KDA | LAA,0.7916545726727141,0.48759873106542545,0.9782608695652174,False
1275,GTAA | KDA | QSF | RAA | VAA,0.7916200612328427,0.6193150680482424,0.9174277016742772,False
1276,ADM | BAA_Aggressive | BAA_Balanced | FAA | QSF,0.7916070723059994,0.3512630769993555,0.94245658087466,False
1277,ADM | BAA_Aggressive | DAA | GPM | RAA,0.7915897230860807,0.5711544972082562,0.928538090936465,False
1278,ADM | DM | EAA | KDA | QSF,0.7915461761629754,0.5477661727078487,0.94245658087466,False
1279,BAA_Aggressive | BAA_Balanced | DM | KDA | RAA,0.7914889189668266,0.3512630769993555,0.9833333333333334,False
1280,AAA | DM | EAA | GTAA | RAA,0.7914790022524022,0.5014424797616902,0.9833333333333334,False
1281,AAA | DM | GTAA | QSF | VAA,0.7914431301906446,0.6509201041906078,0.9345679012345679,False
1282,BAA_Aggressive | DM | EAA | PAA | RAA,0.7913862020032938,0.4098810557547072,0.9833333333333334,False
1283,BAA_Aggressive | FAA | GPM | GTAA | LAA,0.7912773524691741,0.6119069769138721,0.9713964695689841,False
1284,ADM | BAA_Balanced | DAA | FAA | QSF,0.7912773349771755,0.48759873106542545,0.94245658087466,False
1285,AAA | DAA | DM | RAA | VAA,0.7912316262918008,0.5416010540018475,0.9833333333333334,False
1286,DM | GTAA | PAA | QSF | VAA,0.7912061163341811,0.6207275577645948,0.9345679012345679,False
1287,BAA_Aggressive | DM | FAA | GTAA | VAA,0.7911878461957361,0.6973058880504235,0.9244038559107052,False
1288,ADM | EAA | GTAA | KDA | LAA,0.791176551396979,0.5477661727078487,0.971830985915493,False
1289,ADM | BAA_Balanced | DAA | GTAA | QSF,0.7911586642440147,0.48759873106542545,0.94245658087466,False
1290,ADM | DM | FAA | GPM | KDA,0.7911458478094203,0.568024067826069,0.9345096613216025,False
1291,BAA_Aggressive | DAA | DM | QSF | VAA,0.7910807212513846,0.5416010540018475,0.9345679012345679,False
1292,BAA_Aggressive | BAA_Balanced | DAA | DM | LAA,0.7910428483004439,0.3512630769993555,0.9782608695652174,False
1293,AAA | BAA_Aggressive | GTAA | LAA | VAA,0.7910078273574916,0.6509201041906078,0.9455331473025538,False
1294,AAA | DAA | DM | GPM | LAA,0.7909307817468919,0.543667640607394,0.9782608695652174,False
1295,ADM | EAA | GPM | GTAA | RAA,0.7909259778399612,0.5418138608965833,0.928538090936465,False
1296,ADM | BAA_Balanced | GPM | GTAA | QSF,0.7909148954226138,0.5226251714677641,0.94245658087466,False
1297,DM | EAA | FAA | GPM | QSF,0.7906562921475764,0.5418138608965833,0.9345679012345679,False
1298,AAA | ADM | BAA_Aggressive | GPM | RAA,0.7906204539608458,0.572727551709692,0.928538090936465,False
1299,FAA | GTAA | LAA | PAA | VAA,0.790541768311693,0.6808625540157344,0.9713964695689841,False
1300,ADM | BAA_Balanced | DAA | GTAA | RAA,0.7904909768240423,0.48759873106542545,0.928538090936465,False
1301,ADM | EAA | FAA | PAA | RAA,0.7904907270056822,0.4098810557547072,0.9685534591194968,False
1302,AAA | FAA | GPM | LAA | RAA,0.7904725634324075,0.572727551709692,0.9713964695689841,False
1303,FAA | GPM | GTAA | RAA | VAA,0.79038448642842,0.6973058880504235,0.9685534591194968,False
1304,BAA_Aggressive | GTAA | LAA | PAA | QSF,0.7903531495130991,0.6207275577645948,0.9004281650931979,False
1305,BAA_Aggressive | BAA_Balanced | DM | EAA | LAA,0.7903113080384896,0.3512630769993555,0.9782608695652174,False
1306,BAA_Aggressive | LAA | PAA | RAA | VAA,0.7903080769204164,0.6101254480286739,0.9455331473025538,False
1307,AAA | ADM | DAA | GTAA | RAA,0.7902604564897743,0.543667640607394,0.928538090936465,False
1308,DAA | DM | KDA | RAA | VAA,0.7901380449817053,0.512192095569785,0.9833333333333334,False
1309,DAA | FAA | KDA | LAA | RAA,0.7900876876559917,0.512192095569785,0.9713964695689841,False
1310,DAA | FAA | QSF | RAA | VAA,0.7900697727148114,0.5416010540018475,0.9685534591194968,False
1311,DM | EAA | GTAA | LAA | PAA,0.7900583049508152,0.4098810557547072,0.9782608695652174,False
1312,FAA | KDA | LAA | PAA | RAA,0.7899633867940867,0.5616983147823471,0.9713964695689841,False
1313,AAA | BAA_Balanced | DAA | DM | LAA,0.7899486930038444,0.48759873106542545,0.9782608695652174,False
1314,ADM | DAA | EAA | GTAA | RAA,0.7898593567694681,0.5291632268870916,0.928538090936465,False
1315,ADM | BAA_Aggressive | DAA | EAA | RAA,0.7898157204489431,0.5291632268870916,0.928538090936465,False
1316,BAA_Aggressive | FAA | GPM | LAA | VAA,0.7896097835324505,0.6119069769138721,0.9713964695689841,False
1317,BAA_Aggressive | DM | PAA | QSF | VAA,0.7895436961457926,0.6207275577645948,0.9345679012345679,False
1318,BAA_Aggressive | DAA | LAA | QSF | VAA,0.7895111255189159,0.5416010540018475,0.9455331473025538,False
1319,AAA | ADM | DAA | LAA | VAA,0.7894503336954637,0.5416010540018475,0.971830985915493,False
1320,BAA_Aggressive | DM | FAA | PAA | VAA,0.789445998455454,0.6956308595562981,0.9244038559107052,False
1321,BAA_Aggressive | BAA_Balanced | DM | LAA | PAA,0.7894137422449111,0.3512630769993555,0.9782608695652174,False
1322,AAA | ADM | BAA_Aggressive | KDA | RAA,0.7894124504297192,0.414185283893347,0.928538090936465,False
1323,ADM | BAA_Aggressive | DAA | PAA | RAA,0.7893911212854136,0.47314574773044266,0.928538090936465,False
1324,ADM | BAA_Aggressive | DM | GPM | KDA,0.7892472754306377,0.568024067826069,0.9345096613216025,False
1325,ADM | DM | GPM | GTAA | PAA,0.789084982135832,0.4815852393398689,0.9345096613216025,False
1326,ADM | EAA | GPM | RAA | VAA,0.7890106467779597,0.5418138608965833,0.928538090936465,False
1327,BAA_Balanced | DAA | LAA | QSF | RAA,0.7890098248765857,0.48759873106542545,0.884015491074939,False
1328,BAA_Aggressive | KDA | QSF | RAA | VAA,0.7889994717873646,0.6443260614016753,0.9174277016742772,False
1329,ADM | KDA | PAA | RAA | VAA,0.788984448704306,0.5616983147823471,0.928538090936465,False
1330,AAA | DM | GTAA | KDA | LAA,0.7889207620152102,0.414185283893347,0.9782608695652174,False
1331,AAA | DAA | GTAA | LAA | QSF,0.7888795575143661,0.543667640607394,0.8961763830349048,False
1332,AAA | DM | FAA | QSF | VAA,0.7888791363329374,0.6618125940389378,0.9345679012345679,False
1333,ADM | BAA_Aggressive | EAA | LAA | PAA,0.7888652858266836,0.4098810557547072,0.971830985915493,False
1334,AAA | BAA_Aggressive | QSF | RAA | VAA,0.7887514538022256,0.6685271574653294,0.9174277016742772,False
1335,BAA_Balanced | DAA | DM | GPM | LAA,0.7887158645874484,0.48759873106542545,0.9782608695652174,False
1336,BAA_Aggressive | GTAA | KDA | LAA | VAA,0.7887097645971608,0.6193150680482424,0.9455331473025538,False
1337,AAA | DAA | DM | GTAA | QSF,0.7886325284452649,0.543667640607394,0.9345679012345679,False
1338,DAA | DM | EAA | RAA | VAA,0.7884651746155332,0.5291632268870916,0.9833333333333334,False
1339,DAA | GPM | GTAA | LAA | QSF,0.7884386976970975,0.5711544972082562,0.8961763830349048,False
1340,ADM | DAA | GTAA | QSF | VAA,0.7884302454530474,0.5416010540018475,0.94245658087466,False
1341,BAA_Aggressive | DM | GPM | KDA | QSF,0.788363178280356,0.568024067826069,0.9345679012345679,False
1342,ADM | BAA_Aggressive | DM | EAA | VAA,0.7883553636135978,0.6616909988587124,0.9244038559107052,False
1343,BAA_Balanced | DM | EAA | KDA | RAA,0.7883288256061406,0.5477661727078487,0.9833333333333334,False
1344,ADM | BAA_Balanced | PAA | RAA | VAA,0.7882544275457126,0.5048597299877837,0.928538090936465,False
1345,DM | GTAA | KDA | QSF | VAA,0.7882533404581409,0.6193150680482424,0.9345679012345679,False
1346,FAA | GPM | KDA | QSF | RAA,0.788129801101112,0.568024067826069,0.9685534591194968,False
1347,AAA | ADM | DM | PAA | QSF,0.7880878070252559,0.5336021302606438,0.94245658087466,False
1348,AAA | ADM | EAA | LAA | VAA,0.7880760876681516,0.5014424797616902,0.971830985915493,False
1349,DM | EAA | GTAA | QSF | VAA,0.7880715341966872,0.6616909988587124,0.9345679012345679,False
1350,ADM | DM | EAA | GPM | GTAA,0.7880540681492659,0.5418138608965833,0.9345096613216025,False
1351,AAA | BAA_Balanced | DM | KDA | LAA,0.7879970650046587,0.414185283893347,0.9782608695652174,False
1352,BAA_Balanced | FAA | GTAA | RAA | VAA,0.787995155150364,0.6956911375661375,0.9685534591194968,False
1353,AAA | ADM | FAA | KDA | RAA,0.7879655914466259,0.414185283893347,0.9685534591194968,False
1354,AAA | ADM | FAA | GPM | QSF,0.7879472535396628,0.572727551709692,0.94245658087466,False
1355,ADM | GPM | PAA | QSF | RAA,0.7879333014543838,0.4815852393398689,0.94245658087466,False
1356,BAA_Aggressive | EAA | GTAA | LAA | QSF,0.7879134342716784,0.66262737884406,0.9004281650931979,False
1357,EAA | FAA | KDA | LAA | RAA,0.7878091010411963,0.5477661727078487,0.9713964695689841,False
1358,BAA_Balanced | DM | EAA | GPM | LAA,0.7877989367918109,0.5226251714677641,0.9782608695652174,False
1359,DAA | DM | FAA | KDA | QSF,0.787793944794329,0.512192095569785,0.9345679012345679,False
1360,BAA_Aggressive | DM | GTAA | PAA | VAA,0.7877701508827345,0.6808625540157344,0.9244038559107052,False
1361,AAA | BAA_Balanced | DM | EAA | LAA,0.7877433127548039,0.5014424797616902,0.9782608695652174,False
1362,DM | EAA | FAA | QSF | VAA,0.7876961793819126,0.6616909988587124,0.9345679012345679,False
1363,ADM | DAA | KDA | LAA | VAA,0.787675711074817,0.512192095569785,0.971830985915493,False
1364,EAA | FAA | QSF | RAA | VAA,0.7876742910221306,0.6616909988587124,0.9685534591194968,False
1365,BAA_Balanced | DM | GPM | QSF | VAA,0.7876626747547586,0.5226251714677641,0.9345679012345679,False
1366,BAA_Aggressive | DAA | LAA | RAA | VAA,0.7876420141768341,0.5416010540018475,0.9455331473025538,False
1367,ADM | DAA | GTAA | KDA | RAA,0.7876064360532694,0.512192095569785,0.928538090936465,False
1368,BAA_Aggressive | GTAA | LAA | PAA | VAA,0.787566591616541,0.6808625540157344,0.9455331473025538,False
1369,AAA | ADM | BAA_Aggressive | BAA_Balanced | LAA,0.787550015900285,0.3512630769993555,0.971830985915493,False
1370,DM | FAA | GPM | GTAA | VAA,0.7875424839582129,0.6973058880504235,0.9345096613216025,False
1371,BAA_Balanced | EAA | FAA | LAA | RAA,0.787469546204267,0.6100633829970151,0.9713964695689841,False
1372,DAA | DM | FAA | QSF | VAA,0.7874524621767074,0.5416010540018475,0.9345679012345679,False
1373,AAA | DM | GPM | GTAA | QSF,0.7872100238987082,0.572727551709692,0.9345679012345679,False
1374,AAA | DM | KDA | RAA | VAA,0.7871845104239851,0.414185283893347,0.9833333333333334,False
1375,DM | FAA | GPM | PAA | QSF,0.787120696640051,0.4815852393398689,0.9345679012345679,False
1376,AAA | DAA | FAA | LAA | RAA,0.7869562587581193,0.543667640607394,0.9713964695689841,False
1377,BAA_Aggressive | FAA | KDA | RAA | VAA,0.7869403761183492,0.6443260614016753,0.9685534591194968,False
1378,AAA | ADM | BAA_Aggressive | DM | PAA,0.7869370188129154,0.5336021302606438,0.9244038559107052,False
1379,ADM | BAA_Balanced | GPM | KDA | LAA,0.7868313951414773,0.5226251714677641,0.971830985915493,False
1380,FAA | PAA | QSF | RAA | VAA,0.7868130307738268,0.6207275577645948,0.9685534591194968,False
1381,ADM | BAA_Aggressive | DM | KDA | VAA,0.7867501140686683,0.6443260614016753,0.9244038559107052,False
1382,ADM | FAA | PAA | QSF | VAA,0.7866459856121591,0.6207275577645948,0.94245658087466,False
1383,AAA | ADM | BAA_Aggressive | DAA | QSF,0.7866168338282447,0.543667640607394,0.94245658087466,False
1384,EAA | GTAA | LAA | QSF | RAA,0.7865911018056297,0.6101254480286739,0.8961763830349048,False
1385,ADM | BAA_Aggressive | DAA | KDA | QSF,0.786575764095175,0.512192095569785,0.94245658087466,False
1386,BAA_Balanced | DAA | FAA | QSF | RAA,0.7865598134858126,0.48759873106542545,0.9685534591194968,False
1387,AAA | ADM | BAA_Balanced | GTAA | QSF,0.7865397297031749,0.6173868639610561,0.94245658087466,False
1388,ADM | BAA_Aggressive | DM | EAA | GPM,0.7864950105369148,0.5418138608965833,0.9345096613216025,False
1389,AAA | FAA | KDA | LAA | RAA,0.7864788126632868,0.414185283893347,0.9713964695689841,False
1390,DAA | DM | PAA | RAA | VAA,0.7864385801370781,0.47314574773044266,0.9833333333333334,False
1391,ADM | BAA_Aggressive | DAA | DM | EAA,0.7864090993871885,0.5291632268870916,0.9244038559107052,False
1392,BAA_Balanced | FAA | GPM | QSF | RAA,0.7863731905243759,0.5226251714677641,0.9685534591194968,False
1393,DAA | FAA | KDA | QSF | RAA,0.7862358708771541,0.512192095569785,0.9685534591194968,False
1394,ADM | GPM | PAA | RAA | VAA,0.7862242958592236,0.4815852393398689,0.928538090936465,False
1395,ADM | DM | EAA | GTAA | VAA,0.7860590034465953,0.6616909988587124,0.8787598307092223,False
1396,ADM | BAA_Balanced | DM | GPM | VAA,0.786031026907496,0.5226251714677641,0.9345096613216025,False
1397,BAA_Balanced | DM | GPM | KDA | RAA,0.7859960574933599,0.5226251714677641,0.9833333333333334,False
1398,DM | GPM | GTAA | KDA | QSF,0.7859699953842076,0.568024067826069,0.9345679012345679,False
1399,AAA | ADM | BAA_Aggressive | EAA | RAA,0.7859170711610246,0.5014424797616902,0.928538090936465,False
1400,AAA | ADM | EAA | GTAA | LAA,0.7859116442271199,0.5014424797616902,0.971830985915493,False
1401,AAA | FAA | GTAA | LAA | VAA,0.7858328835807773,0.6509201041906078,0.9713964695689841,False
1402,BAA_Aggressive | GTAA | LAA | PAA | RAA,0.7857212235849815,0.6101254480286739,0.9004281650931979,False
1403,ADM | DM | EAA | FAA | VAA,0.78567828871213,0.6616909988587124,0.8787598307092223,False
1404,ADM | BAA_Balanced | DM | FAA | KDA,0.7856688138091226,0.6197903396071828,0.9067380633645694,False
1405,AAA | ADM | KDA | LAA | VAA,0.7856443762711084,0.414185283893347,0.971830985915493,False
1406,DM | EAA | PAA | RAA | VAA,0.7856432472451907,0.4098810557547072,0.9833333333333334,False
1407,AAA | DAA | DM | FAA | QSF,0.7856263767186513,0.543667640607394,0.9345679012345679,False
1408,BAA_Aggressive | FAA | GTAA | KDA | RAA,0.7855966008269538,0.6193150680482424,0.9685534591194968,False
1409,GTAA | LAA | PAA | QSF | VAA,0.785549936216215,0.6207275577645948,0.9455331473025538,False
1410,BAA_Aggressive | DM | KDA | PAA | QSF,0.7855037043845396,0.5616983147823471,0.9345679012345679,False
1411,ADM | DAA | GPM | RAA | VAA,0.7853449691742398,0.5416010540018475,0.928538090936465,False
1412,BAA_Balanced | DM | KDA | QSF | VAA,0.7853436398308956,0.6197903396071828,0.9345679012345679,False
1413,ADM | DM | FAA | KDA | PAA,0.7853276094929565,0.5616983147823471,0.91337823237752,False
1414,AAA | DAA | FAA | QSF | RAA,0.7853267050992012,0.543667640607394,0.9685534591194968,False
1415,BAA_Aggressive | EAA | FAA | GTAA | LAA,0.7852528287429139,0.6751456348063919,0.9713964695689841,False
1416,AAA | BAA_Aggressive | BAA_Balanced | DM | RAA,0.7852387822010521,0.3512630769993555,0.9833333333333334,False
1417,ADM | GPM | GTAA | PAA | RAA,0.7852143788603188,0.4815852393398689,0.928538090936465,False
1418,ADM | FAA | KDA | QSF | VAA,0.7852050707784494,0.6443260614016753,0.94245658087466,False
1419,ADM | BAA_Balanced | GTAA | KDA | QSF,0.7851903520231109,0.6193150680482424,0.94245658087466,False
1420,BAA_Balanced | FAA | GPM | LAA | RAA,0.7851720329440022,0.5226251714677641,0.9713964695689841,False
1421,ADM | BAA_Balanced | EAA | KDA | LAA,0.7851476041761283,0.5477661727078487,0.971830985915493,False
1422,AAA | BAA_Balanced | DM | QSF | VAA,0.7851325783845502,0.6173868639610561,0.9345679012345679,False
1423,ADM | BAA_Balanced | DM | EAA | GTAA,0.7850684682330644,0.6100633829970151,0.9067380633645694,False
1424,DM | EAA | LAA | PAA | QSF,0.7850601605433353,0.4098810557547072,0.9782608695652174,False
1425,EAA | GTAA | LAA | QSF | VAA,0.7850508584899942,0.6616909988587124,0.9455331473025538,False
1426,BAA_Aggressive | DAA | DM | FAA | GTAA,0.7849952181017887,0.6386287149357383,0.9244038559107052,False
1427,DAA | FAA | GPM | QSF | RAA,0.7849430018931417,0.5711544972082562,0.9685534591194968,False
1428,AAA | ADM | PAA | RAA | VAA,0.7849409021770085,0.5336021302606438,0.928538090936465,False
1429,FAA | GTAA | KDA | LAA | VAA,0.7849234135106559,0.6193150680482424,0.9713964695689841,False
1430,AAA | BAA_Aggressive | DM | GPM | QSF,0.7849069967794889,0.572727551709692,0.9345679012345679,False
1431,DM | EAA | GTAA | PAA | RAA,0.7848658777580921,0.4098810557547072,0.9833333333333334,False
1432,ADM | BAA_Aggressive | DAA | DM | KDA,0.784843230456232,0.512192095569785,0.9244038559107052,False
1433,ADM | DAA | LAA | PAA | VAA,0.7848205878929623,0.47314574773044266,0.971830985915493,False
1434,AAA | BAA_Balanced | DM | LAA | PAA,0.7847270884261625,0.5048597299877837,0.9782608695652174,False
1435,ADM | BAA_Aggressive | KDA | QSF | VAA,0.784717415270214,0.6443260614016753,0.94245658087466,False
1436,DAA | DM | GTAA | KDA | QSF,0.7847152938153655,0.512192095569785,0.9345679012345679,False
1437,BAA_Aggressive | GPM | LAA | RAA | VAA,0.7845797032292345,0.6101254480286739,0.9455331473025538,False
1438,ADM | DAA | GTAA | PAA | RAA,0.7845688720298323,0.47314574773044266,0.928538090936465,False
1439,AAA | FAA | GPM | QSF | RAA,0.7845434292077607,0.572727551709692,0.9685534591194968,False
1440,BAA_Aggressive | DAA | DM | EAA | QSF,0.7844949948088968,0.5291632268870916,0.9345679012345679,False
1441,DAA | DM | EAA | GTAA | QSF,0.7844941069399388,0.5291632268870916,0.9345679012345679,False
1442,ADM | BAA_Balanced | FAA | PAA | QSF,0.7844553869660026,0.5048597299877837,0.94245658087466,False
1443,BAA_Aggressive | BAA_Balanced | FAA | QSF | RAA,0.7844452761715986,0.3512630769993555,0.9685534591194968,False
1444,BAA_Aggressive | BAA_Balanced | GTAA | LAA | QSF,0.7844230204413212,0.3512630769993555,0.9004281650931979,False
1445,BAA_Balanced | EAA | FAA | QSF | RAA,0.7844018025006043,0.6100633829970151,0.9685534591194968,False
1446,BAA_Balanced | DAA | DM | EAA | LAA,0.7843722139677556,0.48759873106542545,0.9782608695652174,False
1447,ADM | EAA | KDA | RAA | VAA,0.7843547232599206,0.5477661727078487,0.928538090936465,False
1448,ADM | BAA_Aggressive | FAA | GTAA | PAA,0.7841798234269153,0.6808625540157344,0.8809924643257977,False
1449,ADM | BAA_Aggressive | BAA_Balanced | GTAA | RAA,0.7841454307021289,0.3512630769993555,0.928538090936465,False
1450,BAA_Aggressive | BAA_Balanced | DM | GPM | LAA,0.7841319658368138,0.3512630769993555,0.9782608695652174,False
1451,DAA | FAA | GPM | LAA | RAA,0.784123451807325,0.5711544972082562,0.9713964695689841,False
1452,ADM | BAA_Aggressive | DAA | GPM | QSF,0.7840999301532818,0.5711544972082562,0.94245658087466,False
1453,AAA | BAA_Balanced | GTAA | QSF | RAA,0.7840866337512022,0.6173868639610561,0.8771150588205546,False
1454,ADM | GTAA | KDA | PAA | RAA,0.7840587753358894,0.5616983147823471,0.928538090936465,False
1455,BAA_Aggressive | EAA | LAA | RAA | VAA,0.7840338043095214,0.6101254480286739,0.9455331473025538,False
1456,AAA | ADM | BAA_Aggressive | QSF | VAA,0.7840310401058881,0.6685271574653294,0.94245658087466,False
1457,BAA_Aggressive | GPM | GTAA | LAA | VAA,0.7839908887399802,0.6119069769138721,0.9455331473025538,False
1458,BAA_Aggressive | GPM | GTAA | QSF | RAA,0.7839668279510896,0.6119069769138721,0.8771150588205546,False
1459,BAA_Aggressive | DM | EAA | FAA | GTAA,0.7839594537262945,0.6751456348063919,0.9244038559107052,False
1460,BAA_Balanced | GPM | GTAA | LAA | QSF,0.7838948332266198,0.5226251714677641,0.8961763830349048,False
1461,DAA | GTAA | KDA | LAA | QSF,0.7838429243947294,0.512192095569785,0.9090193586767458,False
1462,BAA_Aggressive | DM | GPM | GTAA | VAA,0.7838205649768754,0.6119069769138721,0.9345096613216025,False
1463,AAA | ADM | DM | FAA | GPM,0.7837794571272249,0.572727551709692,0.9345096613216025,False
1464,ADM | BAA_Balanced | GTAA | PAA | RAA,0.7837187940776421,0.5048597299877837,0.928538090936465,False
1465,DAA | DM | EAA | FAA | QSF,0.783676594256258,0.5291632268870916,0.9345679012345679,False
1466,BAA_Aggressive | BAA_Balanced | FAA | LAA | RAA,0.7835866630537122,0.3512630769993555,0.9713964695689841,False
1467,BAA_Aggressive | EAA | FAA | LAA | VAA,0.7835514993335086,0.6616909988587124,0.9713964695689841,False
1468,AAA | ADM | GTAA | QSF | VAA,0.7835251079689927,0.6509201041906078,0.94245658087466,False
1469,ADM | EAA | FAA | GPM | QSF,0.7835127724896281,0.5418138608965833,0.94245658087466,False
1470,BAA_Aggressive | DAA | DM | PAA | QSF,0.7834997285370736,0.47314574773044266,0.9345679012345679,False
1471,DM | FAA | KDA | PAA | QSF,0.7834665560832499,0.5616983147823471,0.9345679012345679,False
1472,BAA_Aggressive | FAA | PAA | RAA | VAA,0.7834410004326264,0.6956308595562981,0.9685534591194968,False
1473,AAA | BAA_Aggressive | FAA | RAA | VAA,0.7832926399810902,0.6618125940389378,0.9685534591194968,False
1474,AAA | ADM | BAA_Aggressive | DM | GPM,0.7832694774386514,0.572727551709692,0.9345096613216025,False
1475,AAA | ADM | BAA_Balanced | GPM | LAA,0.7832683544757473,0.5226251714677641,0.971830985915493,False
1476,AAA | ADM | FAA | QSF | VAA,0.7831301029239144,0.6618125940389378,0.94245658087466,False
1477,BAA_Aggressive | FAA | GTAA | PAA | RAA,0.783121493922518,0.6808625540157344,0.9685534591194968,False
1478,ADM | DAA | EAA | LAA | VAA,0.7830788160167566,0.5291632268870916,0.971830985915493,False
1479,DAA | DM | EAA | GPM | LAA,0.7829952817258963,0.5291632268870916,0.9782608695652174,False
1480,BAA_Aggressive | GPM | LAA | QSF | VAA,0.7829008440401377,0.6119069769138721,0.9455331473025538,False
1481,BAA_Aggressive | GPM | GTAA | LAA | RAA,0.7828843374820245,0.6101254480286739,0.9004281650931979,False
1482,ADM | BAA_Aggressive | DM | EAA | KDA,0.7828819077196408,0.5477661727078487,0.9244038559107052,False
1483,ADM | BAA_Aggressive | GPM | QSF | VAA,0.7828279574727951,0.6119069769138721,0.94245658087466,False
1484,ADM | DM | GPM | PAA | VAA,0.7827813270038849,0.4815852393398689,0.9345096613216025,False
1485,BAA_Aggressive | FAA | KDA | LAA | PAA,0.7827613844258899,0.5616983147823471,0.9713964695689841,False
1486,AAA | ADM | BAA_Aggressive | DM | VAA,0.7827220772946851,0.6685271574653294,0.9244038559107052,False
1487,AAA | BAA_Aggressive | FAA | GTAA | RAA,0.782689258697566,0.6509201041906078,0.9685534591194968,False
1488,AAA | FAA | KDA | LAA | QSF,0.7826532541607585,0.414185283893347,0.9713964695689841,False
1489,EAA | FAA | GTAA | LAA | VAA,0.7826372998882629,0.6616909988587124,0.9713964695689841,False
1490,AAA | ADM | DM | EAA | QSF,0.7824767859499218,0.5014424797616902,0.94245658087466,False
1491,AAA | KDA | LAA | QSF | RAA,0.7824605808135116,0.414185283893347,0.9090193586767458,False
1492,ADM | BAA_Aggressive | BAA_Balanced | GTAA | QSF,0.7824119880607985,0.3512630769993555,0.94245658087466,False
1493,BAA_Aggressive | EAA | GTAA | LAA | RAA,0.7823721990349929,0.6101254480286739,0.9004281650931979,False
1494,BAA_Aggressive | DM | FAA | GPM | VAA,0.782360045625561,0.6119069769138721,0.9345096613216025,False
1495,ADM | EAA | GTAA | KDA | RAA,0.7823542979524105,0.5477661727078487,0.928538090936465,False
1496,DM | EAA | GPM | KDA | LAA,0.7823199801877967,0.5418138608965833,0.9782608695652174,False
1497,BAA_Balanced | DM | GTAA | PAA | QSF,0.7823038366412987,0.5048597299877837,0.9345679012345679,False
1498,BAA_Balanced | GTAA | KDA | QSF | RAA,0.7822988988919517,0.6193150680482424,0.8815837063902626,False
1499,BAA_Aggressive | GPM | LAA | QSF | RAA,0.7822845874582958,0.6101254480286739,0.9004281650931979,False
1500,ADM | BAA_Balanced | EAA | GTAA | QSF,0.7822756305951144,0.6100633829970151,0.94245658087466,False
1501,BAA_Aggressive | DAA | KDA | LAA | RAA,0.7822428642867132,0.512192095569785,0.9090193586767458,False
1502,ADM | BAA_Aggressive | BAA_Balanced | DM | FAA,0.7822242613873371,0.3512630769993555,0.9244038559107052,False
1503,AAA | DM | GTAA | KDA | RAA,0.7821737493212773,0.414185283893347,0.9833333333333334,False
1504,EAA | LAA | QSF | RAA | VAA,0.7821488123742911,0.6101254480286739,0.9455331473025538,False
1505,ADM | GTAA | PAA | QSF | VAA,0.782105681033894,0.6207275577645948,0.94245658087466,False
1506,DM | GPM | KDA | LAA | PAA,0.7819785081619612,0.4815852393398689,0.9782608695652174,False
1507,ADM | BAA_Aggressive | DAA | DM | VAA,0.781865099578309,0.5416010540018475,0.9244038559107052,False
1508,BAA_Balanced | FAA | LAA | PAA | QSF,0.7818239871380904,0.5048597299877837,0.9713964695689841,False
1509,AAA | BAA_Balanced | DM | GPM | RAA,0.7817519755170788,0.5226251714677641,0.9833333333333334,False
1510,DAA | DM | GPM | KDA | RAA,0.7817485616279773,0.512192095569785,0.9833333333333334,False
1511,ADM | BAA_Balanced | DM | GTAA | PAA,0.7816018790743787,0.5048597299877837,0.91337823237752,False
1512,FAA | GTAA | PAA | RAA | VAA,0.781590515430964,0.6808625540157344,0.9685534591194968,False
1513,BAA_Aggressive | DM | EAA | QSF | VAA,0.7815432284321924,0.6616909988587124,0.9345679012345679,False
1514,AAA | ADM | BAA_Aggressive | DAA | DM,0.7815426385796446,0.543667640607394,0.9244038559107052,False
1515,DM | EAA | GPM | GTAA | QSF,0.7814306746841014,0.5418138608965833,0.9345679012345679,False
1516,ADM | BAA_Aggressive | BAA_Balanced | RAA | VAA,0.7813473156853844,0.3512630769993555,0.928538090936465,False
1517,ADM | EAA | LAA | PAA | VAA,0.781342388752647,0.4098810557547072,0.971830985915493,False
1518,ADM | EAA | FAA | QSF | VAA,0.7811033750945289,0.6616909988587124,0.94245658087466,False
1519,BAA_Balanced | DAA | FAA | LAA | RAA,0.7810590753397099,0.48759873106542545,0.9713964695689841,False
1520,BAA_Aggressive | DAA | FAA | GTAA | RAA,0.7810583598122033,0.6386287149357383,0.9685534591194968,False
1521,ADM | DAA | DM | FAA | PAA,0.7809593717903448,0.47314574773044266,0.91337823237752,False
1522,AAA | DAA | DM | GPM | RAA,0.7808923817200698,0.543667640607394,0.9833333333333334,False
1523,ADM | BAA_Aggressive | DM | EAA | PAA,0.780881813541896,0.4098810557547072,0.9244038559107052,False
1524,AAA | FAA | LAA | PAA | RAA,0.7808747849402831,0.5336021302606438,0.9713964695689841,False
1525,BAA_Balanced | GTAA | KDA | LAA | RAA,0.7808640427647676,0.6101254480286739,0.9090193586767458,False
1526,AAA | BAA_Aggressive | KDA | LAA | QSF,0.7808215186888396,0.414185283893347,0.9090193586767458,False
1527,AAA | ADM | GTAA | PAA | RAA,0.7807556228164632,0.5336021302606438,0.928538090936465,False
1528,FAA | KDA | LAA | PAA | QSF,0.7806474263196101,0.5616983147823471,0.9713964695689841,False
1529,DM | EAA | PAA | QSF | RAA,0.7806313508795323,0.4098810557547072,0.9833333333333334,False
1530,DAA | DM | FAA | PAA | QSF,0.7805621129887391,0.47314574773044266,0.9345679012345679,False
1531,AAA | BAA_Aggressive | DAA | LAA | RAA,0.78050002807905,0.543667640607394,0.9004281650931979,False
1532,ADM | BAA_Aggressive | EAA | GPM | RAA,0.7804977301066297,0.5418138608965833,0.928538090936465,False
1533,AAA | BAA_Balanced | GTAA | LAA | RAA,0.7804295145040985,0.6101254480286739,0.8961763830349048,False
1534,GTAA | LAA | PAA | QSF | RAA,0.7804155206627134,0.6101254480286739,0.8961763830349048,False
1535,ADM | DAA | GPM | KDA | LAA,0.7802713152964583,0.512192095569785,0.971830985915493,False
1536,ADM | DAA | DM | GTAA | VAA,0.780220355877688,0.5416010540018475,0.8979531271197937,False
1537,BAA_Balanced | FAA | KDA | LAA | VAA,0.7802069332451261,0.6197903396071828,0.9713964695689841,False
1538,ADM | BAA_Aggressive | DAA | QSF | VAA,0.780203864698932,0.5416010540018475,0.94245658087466,False
1539,BAA_Aggressive | DM | FAA | KDA | PAA,0.7801278933377572,0.5616983147823471,0.9244038559107052,False
1540,AAA | ADM | DAA | GPM | LAA,0.7800961766991018,0.543667640607394,0.971830985915493,False
1541,ADM | DAA | FAA | KDA | QSF,0.7800920681010515,0.512192095569785,0.94245658087466,False
1542,BAA_Aggressive | DM | FAA | GTAA | KDA,0.7800828033596707,0.6193150680482424,0.9244038559107052,False
1543,ADM | EAA | LAA | PAA | RAA,0.7800655628153741,0.4098810557547072,0.971830985915493,False
1544,AAA | BAA_Balanced | QSF | RAA | VAA,0.7800288501624183,0.6173868639610561,0.9174277016742772,False
1545,BAA_Aggressive | DAA | GTAA | LAA | VAA,0.7799928820896508,0.5416010540018475,0.9455331473025538,False
1546,ADM | BAA_Balanced | KDA | LAA | PAA,0.779969986804767,0.5048597299877837,0.971830985915493,False
1547,BAA_Balanced | DAA | GTAA | QSF | RAA,0.7799088860450103,0.48759873106542545,0.8771150588205546,False
1548,ADM | BAA_Aggressive | FAA | GPM | GTAA,0.7798374782514721,0.6119069769138721,0.8980435716546827,False
1549,ADM | DAA | FAA | QSF | VAA,0.779791052960123,0.5416010540018475,0.94245658087466,False
1550,ADM | BAA_Aggressive | GPM | PAA | RAA,0.7796520167030936,0.4815852393398689,0.928538090936465,False
1551,ADM | FAA | GPM | PAA | QSF,0.7796385347818284,0.4815852393398689,0.94245658087466,False
1552,AAA | DAA | GTAA | QSF | RAA,0.7796316113055439,0.543667640607394,0.8771150588205546,False
1553,GPM | KDA | LAA | RAA | VAA,0.7796064894011361,0.568024067826069,0.9455331473025538,False
1554,DM | EAA | FAA | KDA | QSF,0.7795860752276541,0.5477661727078487,0.9345679012345679,False
1555,AAA | ADM | DAA | GTAA | QSF,0.7795817080578965,0.543667640607394,0.94245658087466,False
1556,AAA | ADM | GTAA | KDA | LAA,0.7795304159878834,0.414185283893347,0.971830985915493,False
1557,ADM | GTAA | KDA | QSF | VAA,0.7795152731179507,0.6193150680482424,0.94245658087466,False
1558,BAA_Aggressive | DM | EAA | KDA | QSF,0.7795040085332482,0.5477661727078487,0.9345679012345679,False
1559,ADM | EAA | GTAA | LAA | PAA,0.7794618200850312,0.4098810557547072,0.971830985915493,False
1560,EAA | FAA | KDA | LAA | QSF,0.7794024498752874,0.5477661727078487,0.9713964695689841,False
1561,ADM | BAA_Aggressive | PAA | QSF | VAA,0.7793968023222667,0.6207275577645948,0.94245658087466,False
1562,BAA_Balanced | DM | KDA | PAA | RAA,0.7793828418801185,0.5048597299877837,0.9833333333333334,False
1563,ADM | BAA_Balanced | DM | EAA | VAA,0.7793652815093766,0.6100633829970151,0.9067380633645694,False
1564,EAA | GTAA | QSF | RAA | VAA,0.7793484003166344,0.6616909988587124,0.9174277016742772,False
1565,ADM | BAA_Aggressive | FAA | GTAA | VAA,0.7793304409832434,0.6973058880504235,0.8809924643257977,False
1566,ADM | EAA | GTAA | QSF | VAA,0.7793097410966744,0.6616909988587124,0.94245658087466,False
1567,GPM | KDA | LAA | QSF | RAA,0.779236999434889,0.568024067826069,0.9090193586767458,False
1568,BAA_Aggressive | EAA | GTAA | QSF | RAA,0.7791857882200215,0.66262737884406,0.8771150588205546,False
1569,BAA_Balanced | DM | FAA | GTAA | VAA,0.7791656344013804,0.6956911375661375,0.9067380633645694,False
1570,AAA | GPM | LAA | RAA | VAA,0.7791422630855709,0.572727551709692,0.9455331473025538,False
1571,AAA | BAA_Aggressive | KDA | LAA | RAA,0.779122114737173,0.414185283893347,0.9090193586767458,False
1572,ADM | DAA | DM | GTAA | PAA,0.7790355738133059,0.47314574773044266,0.91337823237752,False
1573,BAA_Balanced | DAA | DM | KDA | RAA,0.7790028108791756,0.48759873106542545,0.9833333333333334,False
1574,ADM | BAA_Balanced | DAA | DM | GTAA,0.7789923499566849,0.48759873106542545,0.9067380633645694,False
1575,AAA | BAA_Balanced | DM | EAA | RAA,0.7789820259468815,0.5014424797616902,0.9833333333333334,False
1576,BAA_Balanced | KDA | QSF | RAA | VAA,0.7789815093110389,0.6197903396071828,0.9174277016742772,False
1577,BAA_Aggressive | LAA | PAA | QSF | VAA,0.7789479259265361,0.6207275577645948,0.9455331473025538,False
1578,BAA_Aggressive | FAA | GPM | GTAA | RAA,0.7789048390529043,0.6119069769138721,0.9685534591194968,False
1579,BAA_Aggressive | EAA | LAA | QSF | RAA,0.7789025481379004,0.6101254480286739,0.9004281650931979,False
1580,LAA | PAA | QSF | RAA | VAA,0.7788984792922811,0.6101254480286739,0.9455331473025538,False
1581,ADM | DM | EAA | FAA | PAA,0.778895382166771,0.4098810557547072,0.91337823237752,False
1582,AAA | BAA_Aggressive | DAA | QSF | RAA,0.7788440054781509,0.543667640607394,0.8655053038787336,False
1583,ADM | DM | EAA | GPM | VAA,0.7788251649564125,0.5418138608965833,0.9345096613216025,False
1584,ADM | BAA_Balanced | DM | PAA | VAA,0.7788239404115972,0.5048597299877837,0.91337823237752,False
1585,AAA | GPM | GTAA | LAA | QSF,0.77880476151032,0.572727551709692,0.8961763830349048,False
1586,AAA | BAA_Aggressive | DM | PAA | QSF,0.77876755604314,0.5336021302606438,0.9345679012345679,False
1587,AAA | ADM | DAA | FAA | QSF,0.7787445451439121,0.543667640607394,0.94245658087466,False
1588,AAA | ADM | GPM | GTAA | QSF,0.7787412863064915,0.572727551709692,0.94245658087466,False
1589,DM | FAA | GTAA | PAA | VAA,0.7787263233328116,0.6808625540157344,0.91337823237752,False
1590,DAA | DM | GTAA | PAA | QSF,0.7786329550920094,0.47314574773044266,0.9345679012345679,False
1591,ADM | EAA | LAA | PAA | QSF,0.7785472242768122,0.4098810557547072,0.971830985915493,False
1592,ADM | BAA_Balanced | DAA | KDA | LAA,0.7785044556975911,0.48759873106542545,0.971830985915493,False
1593,BAA_Balanced | DM | EAA | QSF | VAA,0.7785031273205282,0.6100633829970151,0.9345679012345679,False
1594,AAA | ADM | EAA | RAA | VAA,0.7784884258901776,0.5014424797616902,0.928538090936465,False
1595,ADM | DM | FAA | GTAA | KDA,0.7783886961049011,0.6193150680482424,0.875182117935741,False
1596,BAA_Aggressive | DAA | KDA | QSF | RAA,0.7783645785658947,0.512192095569785,0.8815837063902626,False
1597,BAA_Aggressive | BAA_Balanced | DM | EAA | RAA,0.7783188502101035,0.3512630769993555,0.9833333333333334,False
1598,AAA | FAA | GTAA | RAA | VAA,0.7782273441309049,0.6509201041906078,0.9685534591194968,False
1599,DAA | GPM | LAA | QSF | RAA,0.7781044220639046,0.5711544972082562,0.8771347070300006,False
1600,ADM | DM | GPM | GTAA | KDA,0.7780294266029919,0.568024067826069,0.9345096613216025,False
1601,ADM | BAA_Aggressive | GPM | KDA | QSF,0.7780279370463623,0.568024067826069,0.94245658087466,False
1602,AAA | ADM | DM | KDA | QSF,0.7778874140123904,0.414185283893347,0.94245658087466,False
1603,AAA | BAA_Aggressive | GTAA | RAA | VAA,0.7778508565114431,0.6509201041906078,0.9174277016742772,False
1604,EAA | FAA | GTAA | RAA | VAA,0.7777930555624692,0.6616909988587124,0.9685534591194968,False
1605,AAA | BAA_Balanced | FAA | LAA | VAA,0.7777155521363984,0.6173868639610561,0.9713964695689841,False
1606,BAA_Balanced | FAA | LAA | PAA | RAA,0.7777102524487844,0.5048597299877837,0.9713964695689841,False
1607,AAA | ADM | BAA_Balanced | DAA | LAA,0.7776186211472597,0.48759873106542545,0.971830985915493,False
1608,BAA_Aggressive | LAA | PAA | QSF | RAA,0.7775928525710902,0.6101254480286739,0.9004281650931979,False
1609,AAA | ADM | BAA_Balanced | DM | FAA,0.7775917271739522,0.6173868639610561,0.9067380633645694,False
1610,ADM | DAA | DM | EAA | GTAA,0.7775835455867333,0.5291632268870916,0.8979531271197937,False
1611,BAA_Balanced | GPM | LAA | QSF | VAA,0.777566099417588,0.5226251714677641,0.9455331473025538,False
1612,BAA_Aggressive | EAA | GTAA | LAA | VAA,0.7775429081974152,0.6616909988587124,0.9455331473025538,False
1613,BAA_Aggressive | GTAA | PAA | QSF | RAA,0.7775184949065072,0.6207275577645948,0.8771150588205546,False
1614,DAA | GPM | GTAA | QSF | RAA,0.7774489654001752,0.5711544972082562,0.8771150588205546,False
1615,AAA | BAA_Balanced | DAA | DM | RAA,0.777435935018293,0.48759873106542545,0.9833333333333334,False
1616,ADM | BAA_Aggressive | FAA | PAA | VAA,0.7773845448452962,0.6956308595562981,0.8809924643257977,False
1617,BAA_Aggressive | EAA | FAA | GTAA | RAA,0.7773833965388233,0.6751456348063919,0.9685534591194968,False
1618,BAA_Balanced | DM | EAA | GPM | RAA,0.7772958638957881,0.5226251714677641,0.9833333333333334,False
1619,AAA | ADM | EAA | GTAA | RAA,0.7772283945905387,0.5014424797616902,0.928538090936465,False
1620,FAA | GTAA | KDA | RAA | VAA,0.7771788702527962,0.6193150680482424,0.9685534591194968,False
1621,BAA_Balanced | EAA | GTAA | LAA | QSF,0.7770306676470458,0.6100633829970151,0.8961763830349048,False
1622,ADM | BAA_Aggressive | BAA_Balanced | EAA | LAA,0.7770250179068968,0.3512630769993555,0.971830985915493,False
1623,ADM | BAA_Balanced | DAA | DM | FAA,0.7769366719575257,0.48759873106542545,0.9067380633645694,False
1624,AAA | BAA_Aggressive | DM | KDA | QSF,0.776914596209723,0.414185283893347,0.9345679012345679,False
1625,AAA | EAA | FAA | LAA | RAA,0.7768977483449471,0.5014424797616902,0.9713964695689841,False
1626,DAA | DM | KDA | LAA | PAA,0.7768923463925181,0.47314574773044266,0.9782608695652174,False
1627,AAA | GPM | LAA | QSF | RAA,0.7768280825737379,0.572727551709692,0.8915509180853448,False
1628,DAA | DM | EAA | KDA | LAA,0.7768127041783468,0.512192095569785,0.9782608695652174,False
1629,ADM | DAA | DM | EAA | FAA,0.7767606729833617,0.5291632268870916,0.8979531271197937,False
1630,AAA | ADM | BAA_Balanced | KDA | LAA,0.7767593238370973,0.414185283893347,0.971830985915493,False
1631,AAA | ADM | DM | GPM | GTAA,0.7767478386263733,0.572727551709692,0.9345096613216025,False
1632,ADM | BAA_Balanced | DAA | RAA | VAA,0.7766920751816542,0.48759873106542545,0.928538090936465,False
1633,ADM | BAA_Aggressive | BAA_Balanced | DAA | LAA,0.7766879532396505,0.3512630769993555,0.971830985915493,False
1634,ADM | GPM | GTAA | KDA | QSF,0.7766812126734527,0.568024067826069,0.94245658087466,False
1635,ADM | BAA_Balanced | GPM | QSF | VAA,0.7765669643804618,0.5226251714677641,0.94245658087466,False
1636,ADM | FAA | KDA | PAA | QSF,0.776494642118899,0.5616983147823471,0.94245658087466,False
1637,AAA | ADM | BAA_Balanced | EAA | LAA,0.77648184582742,0.5014424797616902,0.971830985915493,False
1638,GPM | GTAA | KDA | LAA | QSF,0.7764453345060818,0.568024067826069,0.9090193586767458,False
1639,ADM | FAA | GPM | GTAA | VAA,0.776379608937519,0.6973058880504235,0.8980435716546827,False
1640,AAA | DAA | GTAA | LAA | RAA,0.7763560995529974,0.543667640607394,0.8961763830349048,False
1641,AAA | BAA_Balanced | DM | KDA | RAA,0.7763354792646703,0.414185283893347,0.9833333333333334,False
1642,BAA_Aggressive | FAA | GPM | RAA | VAA,0.7763328579747881,0.6119069769138721,0.9685534591194968,False
1643,BAA_Aggressive | DAA | QSF | RAA | VAA,0.7761275961482376,0.5416010540018475,0.9174277016742772,False
1644,AAA | ADM | DAA | RAA | VAA,0.776111200739861,0.5416010540018475,0.928538090936465,False
1645,ADM | DM | EAA | PAA | QSF,0.7760163728437972,0.4098810557547072,0.94245658087466,False
1646,ADM | DAA | EAA | FAA | QSF,0.775950991803158,0.5291632268870916,0.94245658087466,False
1647,AAA | BAA_Aggressive | DM | FAA | GTAA,0.7759170589325579,0.6509201041906078,0.9244038559107052,False
1648,DM | EAA | GPM | KDA | RAA,0.7758940475306162,0.5418138608965833,0.9833333333333334,False
1649,AAA | FAA | KDA | QSF | RAA,0.7758783115739855,0.414185283893347,0.9685534591194968,False
1650,ADM | BAA_Aggressive | BAA_Balanced | LAA | PAA,0.7757888099130443,0.3512630769993555,0.971830985915493,False
1651,GTAA | PAA | QSF | RAA | VAA,0.7757404694879201,0.6207275577645948,0.9174277016742772,False
1652,DAA | DM | EAA | GPM | RAA,0.775718176823153,0.5291632268870916,0.9833333333333334,False
1653,DAA | DM | GPM | LAA | PAA,0.7756588475769463,0.47314574773044266,0.9782608695652174,False
1654,BAA_Aggressive | DAA | FAA | LAA | VAA,0.7755686467349653,0.5416010540018475,0.9713964695689841,False
1655,BAA_Balanced | DM | GPM | LAA | PAA,0.7755438852576025,0.4815852393398689,0.9782608695652174,False
1656,BAA_Aggressive | BAA_Balanced | LAA | QSF | RAA,0.7754811768938082,0.3512630769993555,0.9004281650931979,False
1657,AAA | DM | GPM | KDA | LAA,0.7754469499553118,0.414185283893347,0.9782608695652174,False
1658,BAA_Aggressive | GTAA | KDA | RAA | VAA,0.7754137899431253,0.6193150680482424,0.9174277016742772,False
1659,BAA_Aggressive | BAA_Balanced | DM | QSF | VAA,0.7754120366881516,0.3512630769993555,0.9345679012345679,False
1660,AAA | ADM | BAA_Aggressive | GPM | QSF,0.7753918006640333,0.572727551709692,0.94245658087466,False
1661,EAA | FAA | KDA | QSF | RAA,0.7753888024125932,0.5477661727078487,0.9685534591194968,False
1662,AAA | ADM | BAA_Balanced | QSF | VAA,0.7753671610226632,0.6173868639610561,0.94245658087466,False
1663,EAA | FAA | GPM | LAA | RAA,0.775353393847556,0.5418138608965833,0.9713964695689841,False
1664,AAA | DM | FAA | PAA | QSF,0.7753418150516409,0.5336021302606438,0.9345679012345679,False
1665,BAA_Aggressive | FAA | GPM | KDA | LAA,0.7753297534368084,0.568024067826069,0.9713964695689841,False
1666,ADM | BAA_Aggressive | KDA | PAA | QSF,0.7753163430843208,0.5616983147823471,0.94245658087466,False
1667,DAA | FAA | GTAA | LAA | VAA,0.7753060637561011,0.5416010540018475,0.9713964695689841,False
1668,BAA_Aggressive | BAA_Balanced | DAA | DM | RAA,0.7752989192944291,0.3512630769993555,0.9833333333333334,False
1669,ADM | BAA_Balanced | EAA | GPM | LAA,0.775207176852017,0.5226251714677641,0.971830985915493,False
1670,ADM | BAA_Aggressive | BAA_Balanced | DM | GTAA,0.7752035258744562,0.3512630769993555,0.9244038559107052,False
1671,ADM | DM | FAA | KDA | VAA,0.7751922963898478,0.6443260614016753,0.875182117935741,False
1672,DM | GPM | GTAA | PAA | QSF,0.7751484085961656,0.4815852393398689,0.9345679012345679,False
1673,BAA_Aggressive | DM | EAA | GTAA | VAA,0.7751109630523355,0.6616909988587124,0.9244038559107052,False
1674,BAA_Balanced | EAA | LAA | RAA | VAA,0.7751103095015054,0.6100633829970151,0.9455331473025538,False
1675,BAA_Aggressive | BAA_Balanced | DM | KDA | QSF,0.775064160173401,0.3512630769993555,0.9345679012345679,False
1676,ADM | BAA_Balanced | DAA | GPM | LAA,0.7750554997184536,0.48759873106542545,0.971830985915493,False
1677,AAA | DM | GPM | LAA | PAA,0.7750261514901353,0.4815852393398689,0.9782608695652174,False
1678,ADM | BAA_Aggressive | EAA | PAA | RAA,0.7749067227395564,0.4098810557547072,0.928538090936465,False
1679,BAA_Balanced | FAA | GPM | LAA | VAA,0.7749004422090882,0.5226251714677641,0.9713964695689841,False
1680,DAA | EAA | FAA | LAA | QSF,0.7748934853925856,0.5291632268870916,0.9713964695689841,False
1681,ADM | DAA | GTAA | KDA | QSF,0.7748444283094591,0.512192095569785,0.94245658087466,False
1682,AAA | KDA | LAA | RAA | VAA,0.7747784086796943,0.414185283893347,0.9455331473025538,False
1683,BAA_Aggressive | EAA | FAA | RAA | VAA,0.7747776549880254,0.6616909988587124,0.9685534591194968,False
1684,ADM | BAA_Balanced | KDA | QSF | VAA,0.7747581773504706,0.6197903396071828,0.94245658087466,False
1685,AAA | ADM | DM | FAA | PAA,0.7746812519702284,0.5336021302606438,0.91337823237752,False
1686,BAA_Balanced | DAA | DM | EAA | RAA,0.774620751106283,0.48759873106542545,0.9833333333333334,False
1687,ADM | DAA | EAA | GTAA | QSF,0.7745995156742097,0.5291632268870916,0.94245658087466,False
1688,BAA_Balanced | DAA | DM | GPM | RAA,0.7744613205137967,0.48759873106542545,0.9833333333333334,False
1689,BAA_Aggressive | KDA | LAA | PAA | RAA,0.7744565683961065,0.5616983147823471,0.9090193586767458,False
1690,DAA | GTAA | KDA | QSF | RAA,0.77445597437792,0.512192095569785,0.8815837063902626,False
1691,ADM | DAA | KDA | RAA | VAA,0.774197574311227,0.512192095569785,0.928538090936465,False
1692,ADM | DM | EAA | FAA | KDA,0.7741339485628587,0.5477661727078487,0.8787598307092223,False
1693,BAA_Aggressive | DM | FAA | KDA | VAA,0.774113006520214,0.6443260614016753,0.9244038559107052,False
1694,BAA_Aggressive | DM | EAA | FAA | VAA,0.7740401400446445,0.6616909988587124,0.9244038559107052,False
1695,BAA_Aggressive | GPM | KDA | LAA | QSF,0.7738989273009397,0.568024067826069,0.9090193586767458,False
1696,BAA_Aggressive | DM | FAA | GPM | PAA,0.7738810085905351,0.4815852393398689,0.9345096613216025,False
1697,AAA | BAA_Balanced | GTAA | LAA | VAA,0.7737719924602864,0.6173868639610561,0.9455331473025538,False
1698,AAA | BAA_Aggressive | FAA | LAA | PAA,0.773744916422108,0.5336021302606438,0.9713964695689841,False
1699,AAA | ADM | DM | FAA | GTAA,0.7737124606485799,0.6509201041906078,0.875182117935741,False
1700,BAA_Aggressive | BAA_Balanced | LAA | QSF | VAA,0.7736520257356991,0.3512630769993555,0.9455331473025538,False
1701,AAA | FAA | LAA | PAA | QSF,0.7736420837777388,0.5336021302606438,0.9713964695689841,False
1702,BAA_Aggressive | EAA | LAA | QSF | VAA,0.7735829626242089,0.6616909988587124,0.9455331473025538,False
1703,ADM | BAA_Aggressive | DAA | EAA | QSF,0.7735539450199288,0.5291632268870916,0.94245658087466,False
1704,AAA | DM | EAA | GPM | LAA,0.7735448726735251,0.5014424797616902,0.9782608695652174,False
1705,ADM | BAA_Aggressive | GTAA | PAA | VAA,0.7735397084599475,0.6808625540157344,0.8809924643257977,False
1706,DAA | EAA | FAA | LAA | RAA,0.7734780168825484,0.5291632268870916,0.9713964695689841,False
1707,DAA | GTAA | KDA | LAA | RAA,0.7734027257452929,0.512192095569785,0.9090193586767458,False
1708,ADM | BAA_Balanced | DM | GTAA | KDA,0.7733955016548586,0.6193150680482424,0.9067380633645694,False
1709,ADM | BAA_Aggressive | BAA_Balanced | KDA | RAA,0.7733898187203423,0.3512630769993555,0.928538090936465,False
1710,BAA_Aggressive | BAA_Balanced | DM | PAA | RAA,0.77331427586159,0.3512630769993555,0.9833333333333334,False
1711,BAA_Balanced | GPM | LAA | RAA | VAA,0.7732362530575455,0.5226251714677641,0.9455331473025538,False
1712,EAA | FAA | GPM | LAA | QSF,0.7732208918264145,0.5418138608965833,0.9713964695689841,False
1713,AAA | ADM | KDA | RAA | VAA,0.7731564155610686,0.414185283893347,0.928538090936465,False
1714,AAA | ADM | BAA_Balanced | LAA | PAA,0.7731269792985043,0.5048597299877837,0.971830985915493,False
1715,BAA_Aggressive | GTAA | PAA | RAA | VAA,0.7730639073396361,0.6808625540157344,0.9174277016742772,False
1716,DAA | DM | GPM | QSF | VAA,0.7730473600138529,0.5416010540018475,0.9345679012345679,False
1717,BAA_Balanced | DAA | DM | QSF | VAA,0.7730454788490772,0.48759873106542545,0.9345679012345679,False
1718,KDA | LAA | PAA | RAA | VAA,0.7730437984137353,0.5616983147823471,0.9455331473025538,False
1719,ADM | EAA | FAA | KDA | QSF,0.7729528034635774,0.5477661727078487,0.94245658087466,False
1720,ADM | DM | GPM | KDA | VAA,0.7727500402523317,0.568024067826069,0.9345096613216025,False
1721,AAA | DAA | DM | LAA | PAA,0.7726171958360907,0.47314574773044266,0.9782608695652174,False
1722,BAA_Balanced | DAA | DM | LAA | PAA,0.7725382766735539,0.47314574773044266,0.9782608695652174,False
1723,FAA | KDA | PAA | QSF | RAA,0.7725267703019806,0.5616983147823471,0.9685534591194968,False
1724,ADM | DAA | DM | GPM | VAA,0.7725202884548067,0.5416010540018475,0.9345096613216025,False
1725,ADM | DAA | EAA | RAA | VAA,0.7725009781852326,0.5291632268870916,0.928538090936465,False
1726,ADM | DAA | FAA | PAA | QSF,0.7724978683353648,0.47314574773044266,0.94245658087466,False
1727,BAA_Balanced | GPM | LAA | QSF | RAA,0.7724713642046146,0.5226251714677641,0.884015491074939,False
1728,AAA | BAA_Aggressive | DM | GTAA | VAA,0.7724663301358538,0.6509201041906078,0.9244038559107052,False
1729,BAA_Aggressive | DAA | GPM | LAA | QSF,0.7724637675855768,0.5711544972082562,0.9004281650931979,False
1730,BAA_Aggressive | DAA | FAA | KDA | LAA,0.7724605364619991,0.512192095569785,0.9713964695689841,False
1731,AAA | ADM | DM | GTAA | VAA,0.7723450207030534,0.6509201041906078,0.8707561728395063,False
1732,BAA_Aggressive | DM | FAA | GPM | KDA,0.7723223793193772,0.568024067826069,0.9345096613216025,False
1733,AAA | DM | GPM | QSF | VAA,0.7723129517099064,0.572727551709692,0.9345679012345679,False
1734,ADM | BAA_Aggressive | DAA | PAA | QSF,0.7722200365478313,0.47314574773044266,0.94245658087466,False
1735,FAA | GPM | KDA | LAA | VAA,0.7721845136602979,0.568024067826069,0.9713964695689841,False
1736,AAA | GPM | LAA | QSF | VAA,0.7721256735937632,0.572727551709692,0.9455331473025538,False
1737,ADM | EAA | GPM | GTAA | QSF,0.772118166213524,0.5418138608965833,0.94245658087466,False
1738,ADM | BAA_Aggressive | EAA | FAA | GTAA,0.7720378552772864,0.6751456348063919,0.8809924643257977,False
1739,ADM | BAA_Aggressive | DAA | FAA | GTAA,0.7720050147235797,0.6386287149357383,0.8809924643257977,False
1740,BAA_Aggressive | EAA | FAA | KDA | LAA,0.7719918022886623,0.5477661727078487,0.9713964695689841,False
1741,AAA | BAA_Balanced | DM | PAA | RAA,0.7718587930633048,0.5048597299877837,0.9833333333333334,False
1742,DM | GPM | KDA | QSF | VAA,0.7718133172032771,0.568024067826069,0.9345679012345679,False
1743,AAA | ADM | BAA_Aggressive | DM | EAA,0.7718013920446765,0.5014424797616902,0.9244038559107052,False
1744,ADM | BAA_Aggressive | EAA | QSF | VAA,0.7717349768089408,0.6616909988587124,0.94245658087466,False
1745,ADM | EAA | GPM | KDA | LAA,0.7717339349506692,0.5418138608965833,0.971830985915493,False
1746,DAA | GPM | GTAA | LAA | RAA,0.7717243499028937,0.5711544972082562,0.8961763830349048,False
1747,ADM | DM | GTAA | KDA | VAA,0.7716768474616689,0.6193150680482424,0.8707561728395063,False
1748,ADM | BAA_Balanced | DM | KDA | VAA,0.771641831773364,0.6197903396071828,0.9067380633645694,False
1749,BAA_Balanced | DAA | LAA | QSF | VAA,0.771601194969396,0.48759873106542545,0.9455331473025538,False
1750,AAA | BAA_Aggressive | GPM | LAA | QSF,0.7715621442898102,0.572727551709692,0.9004281650931979,False
1751,BAA_Balanced | EAA | LAA | QSF | RAA,0.7715092802478924,0.6100633829970151,0.884015491074939,False
1752,DM | GPM | KDA | PAA | RAA,0.7714455669498458,0.4815852393398689,0.9833333333333334,False
1753,ADM | BAA_Balanced | EAA | KDA | RAA,0.7714107776855041,0.5477661727078487,0.928538090936465,False
1754,AAA | ADM | BAA_Balanced | DM | GTAA,0.771403217725265,0.6173868639610561,0.9067380633645694,False
1755,ADM | DAA | EAA | GPM | LAA,0.7713169057997454,0.5291632268870916,0.971830985915493,False
1756,BAA_Aggressive | DM | GTAA | KDA | VAA,0.7712876658652607,0.6193150680482424,0.9244038559107052,False
1757,BAA_Balanced | EAA | FAA | LAA | VAA,0.7712621133738194,0.6100633829970151,0.9713964695689841,False
1758,ADM | BAA_Balanced | DAA | EAA | LAA,0.7711983712328101,0.48759873106542545,0.971830985915493,False
1759,BAA_Aggressive | DAA | DM | GTAA | VAA,0.7711702668690563,0.5416010540018475,0.9244038559107052,False
1760,ADM | BAA_Balanced | GTAA | PAA | QSF,0.7711572191616524,0.5048597299877837,0.94245658087466,False
1761,DAA | DM | EAA | KDA | RAA,0.7711383815557166,0.512192095569785,0.9833333333333334,False
1762,ADM | GPM | KDA | LAA | PAA,0.7710538207245595,0.4815852393398689,0.971830985915493,False
1763,BAA_Aggressive | DM | EAA | GPM | QSF,0.7710469511402531,0.5418138608965833,0.9345679012345679,False
1764,AAA | BAA_Aggressive | DM | EAA | QSF,0.7709451093494029,0.5014424797616902,0.9345679012345679,False
1765,AAA | BAA_Aggressive | BAA_Balanced | DM | QSF,0.7708972827195588,0.3512630769993555,0.9345679012345679,False
1766,AAA | ADM | DM | GPM | VAA,0.7707280582678421,0.572727551709692,0.9345096613216025,False
1767,AAA | DAA | DM | EAA | LAA,0.770714802779474,0.5014424797616902,0.9782608695652174,False
1768,EAA | KDA | LAA | RAA | VAA,0.7707109351803488,0.5477661727078487,0.9455331473025538,False
1769,BAA_Balanced | EAA | LAA | QSF | VAA,0.7706681733653323,0.6100633829970151,0.9455331473025538,False
1770,BAA_Aggressive | KDA | LAA | PAA | QSF,0.7706655703758248,0.5616983147823471,0.9090193586767458,False
1771,BAA_Balanced | DM | PAA | QSF | VAA,0.7706486061482468,0.5048597299877837,0.9345679012345679,False
1772,AAA | EAA | FAA | LAA | QSF,0.7705743564909706,0.5014424797616902,0.9713964695689841,False
1773,GPM | KDA | LAA | QSF | VAA,0.7705066405973959,0.568024067826069,0.9455331473025538,False
1774,ADM | EAA | PAA | RAA | VAA,0.7704090135438167,0.4098810557547072,0.928538090936465,False
1775,AAA | FAA | GPM | LAA | VAA,0.7704038285045451,0.572727551709692,0.9713964695689841,False
1776,BAA_Aggressive | DAA | DM | GPM | GTAA,0.7703642110681717,0.5711544972082562,0.9345096613216025,False
1777,ADM | BAA_Aggressive | BAA_Balanced | GPM | LAA,0.7703591535711719,0.3512630769993555,0.971830985915493,False
1778,AAA | DAA | LAA | RAA | VAA,0.7702260410362043,0.5416010540018475,0.9455331473025538,False
1779,BAA_Aggressive | EAA | KDA | LAA | RAA,0.7701830676475204,0.5477661727078487,0.9090193586767458,False
1780,BAA_Balanced | GTAA | KDA | LAA | VAA,0.7701785708634371,0.6193150680482424,0.9455331473025538,False
1781,ADM | BAA_Aggressive | FAA | GPM | VAA,0.7701507120816283,0.6119069769138721,0.8980435716546827,False
1782,ADM | DAA | PAA | RAA | VAA,0.7701357415065032,0.47314574773044266,0.928538090936465,False
1783,FAA | GPM | LAA | PAA | RAA,0.7700916032373251,0.4815852393398689,0.9713964695689841,False
1784,DAA | EAA | FAA | QSF | RAA,0.7700286656843286,0.5291632268870916,0.9685534591194968,False
1785,AAA | BAA_Aggressive | DM | FAA | PAA,0.7699920268442375,0.5336021302606438,0.9244038559107052,False
1786,BAA_Balanced | FAA | GTAA | KDA | LAA,0.7699907684465821,0.6193150680482424,0.9713964695689841,False
1787,BAA_Aggressive | FAA | KDA | PAA | RAA,0.7699475108596507,0.5616983147823471,0.9685534591194968,False
1788,AAA | GPM | GTAA | LAA | RAA,0.7698292740801299,0.572727551709692,0.8961763830349048,False
1789,AAA | ADM | DM | FAA | VAA,0.7697756669256555,0.6618125940389378,0.875182117935741,False
1790,BAA_Balanced | GPM | GTAA | QSF | RAA,0.769679132936418,0.5226251714677641,0.8771150588205546,False
1791,ADM | BAA_Aggressive | EAA | KDA | QSF,0.7696552894333035,0.5477661727078487,0.94245658087466,False
1792,AAA | DM | EAA | FAA | QSF,0.7696385833535996,0.5014424797616902,0.9345679012345679,False
1793,BAA_Aggressive | DM | GPM | PAA | QSF,0.7696305706284232,0.4815852393398689,0.9345679012345679,False
1794,BAA_Balanced | FAA | PAA | QSF | RAA,0.7696261908816188,0.5048597299877837,0.9685534591194968,False
1795,AAA | BAA_Aggressive | FAA | GPM | LAA,0.7695932522735591,0.572727551709692,0.9713964695689841,False
1796,GPM | GTAA | KDA | LAA | RAA,0.769553106387824,0.568024067826069,0.9090193586767458,False
1797,BAA_Balanced | DAA | GTAA | LAA | RAA,0.7695030824874428,0.48759873106542545,0.8961763830349048,False
1798,BAA_Balanced | DM | FAA | GPM | GTAA,0.7694429682926234,0.5226251714677641,0.9345096613216025,False
1799,ADM | BAA_Aggressive | GPM | GTAA | VAA,0.7694422426203134,0.6119069769138721,0.8980435716546827,False
1800,ADM | EAA | GTAA | PAA | RAA,0.7694328570175936,0.4098810557547072,0.928538090936465,False
1801,ADM | DAA | DM | FAA | VAA,0.7694068146524439,0.5416010540018475,0.8979531271197937,False
1802,AAA | BAA_Aggressive | DAA | FAA | LAA,0.7694012414141482,0.543667640607394,0.9713964695689841,False
1803,AAA | ADM | BAA_Aggressive | PAA | QSF,0.7694002398614593,0.5336021302606438,0.94245658087466,False
1804,AAA | LAA | PAA | RAA | VAA,0.7692996052576373,0.5336021302606438,0.9455331473025538,False
1805,ADM | EAA | PAA | QSF | RAA,0.7692818787382948,0.4098810557547072,0.94245658087466,False
1806,AAA | BAA_Aggressive | FAA | KDA | LAA,0.7692263776636941,0.414185283893347,0.9713964695689841,False
1807,AAA | BAA_Aggressive | DM | FAA | VAA,0.7692068680852301,0.6618125940389378,0.9244038559107052,False
1808,AAA | ADM | FAA | PAA | QSF,0.7691899462058283,0.5336021302606438,0.94245658087466,False
1809,BAA_Balanced | GPM | GTAA | LAA | VAA,0.7691579398336665,0.5226251714677641,0.9455331473025538,False
1810,DAA | FAA | LAA | PAA | QSF,0.7691434997137934,0.47314574773044266,0.9713964695689841,False
1811,BAA_Aggressive | GPM | GTAA | RAA | VAA,0.7690921318058316,0.6119069769138721,0.9174277016742772,False
1812,ADM | DM | GTAA | KDA | PAA,0.7690748213624945,0.5616983147823471,0.91337823237752,False
1813,BAA_Aggressive | BAA_Balanced | KDA | LAA | QSF,0.7690617854314902,0.3512630769993555,0.9090193586767458,False
1814,AAA | ADM | BAA_Balanced | DM | VAA,0.7689091538358993,0.6173868639610561,0.9067380633645694,False
1815,BAA_Balanced | DM | GPM | GTAA | VAA,0.768862304217774,0.5226251714677641,0.9345096613216025,False
1816,AAA | GPM | GTAA | QSF | RAA,0.7688052052669476,0.572727551709692,0.8771150588205546,False
1817,BAA_Aggressive | GPM | QSF | RAA | VAA,0.7687657046349091,0.6119069769138721,0.9174277016742772,False
1818,BAA_Aggressive | BAA_Balanced | GTAA | QSF | RAA,0.7687179352187561,0.3512630769993555,0.8771150588205546,False
1819,BAA_Aggressive | BAA_Balanced | DAA | DM | QSF,0.7686962801769495,0.3512630769993555,0.9345679012345679,False
1820,DAA | FAA | LAA | PAA | RAA,0.768637340512324,0.47314574773044266,0.9713964695689841,False
1821,DAA | EAA | GTAA | LAA | QSF,0.7686315839324819,0.5291632268870916,0.8961763830349048,False
1822,BAA_Balanced | FAA | GPM | GTAA | LAA,0.7686000337800557,0.5226251714677641,0.9713964695689841,False
1823,ADM | BAA_Balanced | GPM | KDA | RAA,0.7685914874386741,0.5226251714677641,0.928538090936465,False
1824,AAA | BAA_Aggressive | KDA | QSF | RAA,0.7684951447058906,0.414185283893347,0.8815837063902626,False
1825,BAA_Aggressive | DAA | DM | FAA | GPM,0.7684615338479512,0.5711544972082562,0.9345096613216025,False
1826,BAA_Balanced | DM | GPM | KDA | QSF,0.7684244582300582,0.5226251714677641,0.9345679012345679,False
1827,ADM | DAA | GTAA | PAA | QSF,0.7683997216260061,0.47314574773044266,0.94245658087466,False
1828,AAA | DAA | DM | KDA | LAA,0.7682987462365813,0.414185283893347,0.9782608695652174,False
1829,AAA | BAA_Balanced | FAA | GTAA | LAA,0.7682397813457255,0.6173868639610561,0.9713964695689841,False
1830,BAA_Balanced | DM | EAA | LAA | PAA,0.7682289433115103,0.4098810557547072,0.9782608695652174,False
1831,DM | EAA | FAA | GTAA | VAA,0.7681863504981082,0.6616909988587124,0.8787598307092223,False
1832,ADM | BAA_Aggressive | FAA | GTAA | KDA,0.768184930670485,0.6193150680482424,0.8809924643257977,False
1833,BAA_Balanced | FAA | LAA | PAA | VAA,0.768177478487474,0.5048597299877837,0.9713964695689841,False
1834,BAA_Aggressive | BAA_Balanced | LAA | RAA | VAA,0.7681753389057808,0.3512630769993555,0.9455331473025538,False
1835,ADM | BAA_Aggressive | FAA | KDA | PAA,0.7680259722509064,0.5616983147823471,0.8809924643257977,False
1836,DAA | KDA | LAA | RAA | VAA,0.768013061236371,0.512192095569785,0.9455331473025538,False
1837,BAA_Aggressive | GPM | KDA | LAA | RAA,0.7680086335164379,0.568024067826069,0.9090193586767458,False
1838,AAA | ADM | BAA_Aggressive | BAA_Balanced | RAA,0.7679597270731058,0.3512630769993555,0.928538090936465,False
1839,AAA | ADM | GTAA | KDA | RAA,0.7679468674192363,0.414185283893347,0.928538090936465,False
1840,AAA | ADM | BAA_Aggressive | KDA | QSF,0.7679096479881391,0.414185283893347,0.94245658087466,False
1841,ADM | BAA_Balanced | EAA | QSF | VAA,0.7678939390802806,0.6100633829970151,0.94245658087466,False
1842,BAA_Aggressive | DM | EAA | FAA | GPM,0.7678919984051557,0.5418138608965833,0.9345096613216025,False
1843,BAA_Aggressive | FAA | GTAA | QSF | VAA,0.7678492820522236,0.6973058880504235,0.8795173961840629,False
1844,ADM | FAA | GTAA | PAA | VAA,0.7677113282458926,0.6808625540157344,0.8783909420483494,False
1845,BAA_Aggressive | BAA_Balanced | DM | GPM | RAA,0.7676364267962488,0.3512630769993555,0.9833333333333334,False
1846,EAA | FAA | GPM | QSF | RAA,0.7676044620836072,0.5418138608965833,0.9685534591194968,False
1847,BAA_Balanced | FAA | KDA | RAA | VAA,0.7675478169412108,0.6197903396071828,0.9685534591194968,False
1848,BAA_Balanced | DM | FAA | GPM | VAA,0.7675253924494111,0.5226251714677641,0.9345096613216025,False
1849,EAA | KDA | LAA | QSF | RAA,0.7675053048134198,0.5477661727078487,0.9090193586767458,False
1850,BAA_Balanced | EAA | GTAA | QSF | RAA,0.767318048569023,0.6100633829970151,0.8771150588205546,False
1851,BAA_Aggressive | EAA | KDA | LAA | QSF,0.7673013789358065,0.5477661727078487,0.9090193586767458,False
1852,AAA | DM | EAA | GPM | RAA,0.7672579438243319,0.5014424797616902,0.9833333333333334,False
1853,DM | GTAA | KDA | PAA | QSF,0.7672084080330971,0.5616983147823471,0.9345679012345679,False
1854,BAA_Aggressive | EAA | GTAA | RAA | VAA,0.7671472324754456,0.6616909988587124,0.9174277016742772,False
1855,DAA | DM | FAA | GPM | GTAA,0.7671147785471502,0.5711544972082562,0.9345096613216025,False
1856,DAA | DM | KDA | PAA | RAA,0.7671110152149527,0.47314574773044266,0.9833333333333334,False
1857,BAA_Aggressive | DAA | DM | FAA | PAA,0.7670987482229219,0.47314574773044266,0.9244038559107052,False
1858,FAA | GPM | LAA | PAA | QSF,0.7670497919076158,0.4815852393398689,0.9713964695689841,False
1859,DM | FAA | GPM | GTAA | PAA,0.7670167512472463,0.4815852393398689,0.9345096613216025,False
1860,AAA | DAA | LAA | QSF | VAA,0.7667574220755752,0.5416010540018475,0.9455331473025538,False
1861,AAA | BAA_Aggressive | LAA | PAA | RAA,0.7667565592325121,0.5336021302606438,0.9004281650931979,False
1862,AAA | DM | FAA | KDA | QSF,0.7667273274365669,0.414185283893347,0.9345679012345679,False
1863,ADM | BAA_Balanced | DM | EAA | GPM,0.7667245096851434,0.5226251714677641,0.9345096613216025,False
1864,BAA_Aggressive | DM | EAA | FAA | KDA,0.7667228067892564,0.5477661727078487,0.9244038559107052,False
1865,BAA_Balanced | DAA | DM | GPM | QSF,0.7667118409264413,0.48759873106542545,0.9345679012345679,False
1866,DAA | FAA | GTAA | RAA | VAA,0.7667103482526786,0.5416010540018475,0.9685534591194968,False
1867,AAA | EAA | FAA | QSF | RAA,0.7666997128362636,0.5014424797616902,0.9685534591194968,False
1868,ADM | DM | KDA | PAA | VAA,0.7666869226000588,0.5616983147823471,0.91337823237752,False
1869,FAA | KDA | LAA | PAA | VAA,0.7666055187823098,0.5616983147823471,0.9713964695689841,False
1870,ADM | DM | EAA | GTAA | PAA,0.766538757698953,0.4098810557547072,0.91337823237752,False
1871,ADM | BAA_Balanced | FAA | GTAA | VAA,0.7665072925718919,0.6956911375661375,0.8639251997095134,False
1872,DAA | FAA | GPM | GTAA | LAA,0.7664622592545663,0.5711544972082562,0.9713964695689841,False
1873,BAA_Aggressive | BAA_Balanced | FAA | LAA | VAA,0.7663911859477157,0.3512630769993555,0.9713964695689841,False
1874,ADM | DAA | DM | FAA | KDA,0.7663140612750526,0.512192095569785,0.8979531271197937,False
1875,GPM | GTAA | KDA | QSF | RAA,0.7663067744547222,0.568024067826069,0.8815837063902626,False
1876,AAA | DM | KDA | LAA | PAA,0.7663016636879199,0.414185283893347,0.9782608695652174,False
1877,AAA | BAA_Balanced | DM | GPM | QSF,0.7662636355657098,0.5226251714677641,0.9345679012345679,False
1878,AAA | DM | GPM | KDA | RAA,0.7662597221740526,0.414185283893347,0.9833333333333334,False
1879,DM | EAA | GTAA | KDA | QSF,0.7660745977579116,0.5477661727078487,0.9345679012345679,False
1880,AAA | BAA_Aggressive | DAA | GTAA | LAA,0.7660234471898939,0.543667640607394,0.9004281650931979,False
1881,AAA | BAA_Aggressive | BAA_Balanced | LAA | QSF,0.766014306467386,0.3512630769993555,0.9004281650931979,False
1882,DM | EAA | FAA | GPM | GTAA,0.765893626637973,0.5418138608965833,0.9345096613216025,False
1883,BAA_Aggressive | DAA | DM | GTAA | PAA,0.7658650585191087,0.47314574773044266,0.9244038559107052,False
1884,BAA_Aggressive | DAA | GTAA | RAA | VAA,0.7658457351900523,0.5416010540018475,0.9174277016742772,False
1885,AAA | ADM | GPM | KDA | LAA,0.7657046755965451,0.414185283893347,0.971830985915493,False
1886,AAA | FAA | PAA | QSF | RAA,0.7656604315680966,0.5336021302606438,0.9685534591194968,False
1887,ADM | DAA | EAA | KDA | LAA,0.7656445761460676,0.512192095569785,0.971830985915493,False
1888,AAA | GPM | GTAA | LAA | VAA,0.7656171597762688,0.572727551709692,0.9455331473025538,False
1889,BAA_Balanced | LAA | PAA | RAA | VAA,0.7655295932265187,0.5048597299877837,0.9455331473025538,False
1890,ADM | GPM | GTAA | PAA | QSF,0.765497257925314,0.4815852393398689,0.94245658087466,False
1891,AAA | BAA_Balanced | DAA | DM | QSF,0.7654955655981026,0.48759873106542545,0.9345679012345679,False
1892,FAA | GPM | GTAA | KDA | LAA,0.7654940653309196,0.568024067826069,0.9713964695689841,False
1893,BAA_Balanced | EAA | GTAA | LAA | RAA,0.7654807268612209,0.6100633829970151,0.8961763830349048,False
1894,AAA | BAA_Aggressive | DM | FAA | GPM,0.7654664796663903,0.572727551709692,0.9345096613216025,False
1895,BAA_Aggressive | DAA | FAA | GTAA | QSF,0.7654218863956734,0.6386287149357383,0.8795173961840629,False
1896,ADM | DAA | KDA | LAA | PAA,0.7653855761599646,0.47314574773044266,0.971830985915493,False
1897,ADM | DAA | GPM | KDA | RAA,0.7652573755869346,0.512192095569785,0.928538090936465,False
1898,AAA | ADM | DAA | GPM | RAA,0.7652212407975653,0.543667640607394,0.928538090936465,False
1899,BAA_Aggressive | PAA | QSF | RAA | VAA,0.7652088591785513,0.6207275577645948,0.9174277016742772,False
1900,AAA | BAA_Balanced | FAA | RAA | VAA,0.7651954396404703,0.6173868639610561,0.9685534591194968,False
1901,AAA | DAA | DM | EAA | RAA,0.7651794839648309,0.5014424797616902,0.9833333333333334,False
1902,AAA | DM | GTAA | PAA | QSF,0.765168469707065,0.5336021302606438,0.9345679012345679,False
1903,AAA | ADM | BAA_Balanced | GPM | RAA,0.7651674505809314,0.5226251714677641,0.928538090936465,False
1904,AAA | EAA | LAA | RAA | VAA,0.7651439911818054,0.5014424797616902,0.9455331473025538,False
1905,BAA_Balanced | EAA | GTAA | LAA | VAA,0.7651299146547746,0.6100633829970151,0.9455331473025538,False
1906,ADM | BAA_Aggressive | BAA_Balanced | DM | VAA,0.7650918387268596,0.3512630769993555,0.9244038559107052,False
1907,AAA | BAA_Aggressive | LAA | PAA | QSF,0.7650488205241628,0.5336021302606438,0.9004281650931979,False
1908,BAA_Balanced | EAA | FAA | GTAA | LAA,0.7649954654174687,0.6100633829970151,0.9713964695689841,False
1909,BAA_Balanced | DAA | DM | KDA | QSF,0.7649791821470526,0.48759873106542545,0.9345679012345679,False
1910,AAA | ADM | GPM | LAA | PAA,0.7649215091712719,0.4815852393398689,0.971830985915493,False
1911,AAA | ADM | BAA_Aggressive | FAA | GTAA,0.7648392313619105,0.6509201041906078,0.8809924643257977,False
1912,AAA | ADM | DAA | DM | GTAA,0.76463638835456,0.543667640607394,0.8979531271197937,False
1913,AAA | DM | GPM | PAA | RAA,0.7646322140860071,0.4815852393398689,0.9833333333333334,False
1914,BAA_Aggressive | DM | GTAA | KDA | PAA,0.7645652134805208,0.5616983147823471,0.9244038559107052,False
1915,BAA_Aggressive | BAA_Balanced | FAA | GTAA | LAA,0.7645330384152735,0.3512630769993555,0.9713964695689841,False
1916,AAA | ADM | DM | GTAA | PAA,0.7645132665453431,0.5336021302606438,0.91337823237752,False
1917,DM | FAA | GPM | PAA | VAA,0.764464946523093,0.4815852393398689,0.9345096613216025,False
1918,AAA | FAA | GPM | GTAA | LAA,0.764453774183038,0.572727551709692,0.9713964695689841,False
1919,DAA | DM | GPM | PAA | RAA,0.7642747341192679,0.47314574773044266,0.9833333333333334,False
1920,AAA | GTAA | KDA | LAA | QSF,0.7642510015901645,0.414185283893347,0.9090193586767458,False
1921,DAA | EAA | LAA | QSF | RAA,0.7641993899221409,0.5291632268870916,0.8771347070300006,False
1922,AAA | ADM | GPM | QSF | VAA,0.7640430011568143,0.572727551709692,0.94245658087466,False
1923,BAA_Aggressive | EAA | QSF | RAA | VAA,0.7639509044311594,0.6616909988587124,0.9174277016742772,False
1924,DM | EAA | KDA | LAA | PAA,0.7638939555511219,0.4098810557547072,0.9782608695652174,False
1925,AAA | ADM | EAA | FAA | QSF,0.7638253567080612,0.5014424797616902,0.94245658087466,False
1926,AAA | ADM | EAA | GPM | LAA,0.7637788725549359,0.5014424797616902,0.971830985915493,False
1927,BAA_Balanced | DAA | LAA | RAA | VAA,0.7637233780781749,0.48759873106542545,0.9455331473025538,False
1928,BAA_Aggressive | DAA | EAA | LAA | QSF,0.7636928817001494,0.5291632268870916,0.9004281650931979,False
1929,ADM | DAA | GPM | LAA | PAA,0.7636418294505212,0.47314574773044266,0.971830985915493,False
1930,ADM | BAA_Aggressive | BAA_Balanced | QSF | VAA,0.763621796122056,0.3512630769993555,0.94245658087466,False
1931,BAA_Balanced | GTAA | LAA | PAA | QSF,0.7636153940025849,0.5048597299877837,0.8961763830349048,False
1932,AAA | BAA_Aggressive | GPM | LAA | RAA,0.7635885911933761,0.572727551709692,0.9004281650931979,False
1933,BAA_Balanced | DM | EAA | FAA | GTAA,0.7635767785480615,0.6100633829970151,0.9067380633645694,False
1934,BAA_Balanced | GPM | GTAA | LAA | RAA,0.7635729099445794,0.5226251714677641,0.8961763830349048,False
1935,ADM | BAA_Balanced | DM | GPM | KDA,0.763358574387783,0.5226251714677641,0.9345096613216025,False
1936,DM | EAA | GPM | QSF | VAA,0.7633244796609777,0.5418138608965833,0.9345679012345679,False
1937,BAA_Aggressive | EAA | FAA | KDA | RAA,0.7632849372773584,0.5477661727078487,0.9685534591194968,False
1938,ADM | DAA | DM | GTAA | KDA,0.76324077021578,0.512192095569785,0.8979531271197937,False
1939,ADM | BAA_Aggressive | BAA_Balanced | KDA | QSF,0.7632334521306124,0.3512630769993555,0.94245658087466,False
1940,AAA | ADM | BAA_Aggressive | DM | KDA,0.7632069166586164,0.414185283893347,0.9244038559107052,False
1941,BAA_Aggressive | KDA | LAA | PAA | VAA,0.7631759788102748,0.5616983147823471,0.9455331473025538,False
1942,DAA | GPM | LAA | QSF | VAA,0.7631411998966662,0.5416010540018475,0.9455331473025538,False
1943,BAA_Aggressive | DM | EAA | FAA | PAA,0.76313680721372,0.4098810557547072,0.9244038559107052,False
1944,BAA_Aggressive | DAA | FAA | RAA | VAA,0.7630433312118531,0.5416010540018475,0.9685534591194968,False
1945,FAA | GPM | LAA | PAA | VAA,0.7630042370159659,0.4815852393398689,0.9713964695689841,False
1946,BAA_Aggressive | DAA | GTAA | KDA | LAA,0.7629979395321678,0.512192095569785,0.9090193586767458,False
1947,AAA | DAA | DM | PAA | RAA,0.7629748684665125,0.47314574773044266,0.9833333333333334,False
1948,BAA_Aggressive | BAA_Balanced | GTAA | LAA | RAA,0.762954256689405,0.3512630769993555,0.9004281650931979,False
1949,AAA | ADM | BAA_Balanced | EAA | RAA,0.7628840231447833,0.5014424797616902,0.928538090936465,False
1950,BAA_Aggressive | DAA | FAA | GPM | LAA,0.7628694244540767,0.5711544972082562,0.9713964695689841,False
1951,ADM | DAA | GPM | QSF | VAA,0.7628650336531992,0.5416010540018475,0.94245658087466,False
1952,ADM | GPM | KDA | QSF | VAA,0.7627233215316466,0.568024067826069,0.94245658087466,False
1953,ADM | DAA | DM | EAA | GPM,0.7626438234128881,0.5291632268870916,0.9345096613216025,False
1954,ADM | BAA_Balanced | GPM | LAA | PAA,0.7626134831175346,0.4815852393398689,0.971830985915493,False
1955,BAA_Aggressive | DM | GPM | GTAA | PAA,0.762604188739566,0.4815852393398689,0.9345096613216025,False
1956,BAA_Balanced | DM | EAA | GTAA | VAA,0.7625726576569073,0.6100633829970151,0.9067380633645694,False
1957,DM | EAA | FAA | PAA | QSF,0.7624703665106842,0.4098810557547072,0.9345679012345679,False
1958,DAA | KDA | LAA | QSF | VAA,0.7624611829638094,0.512192095569785,0.9455331473025538,False
1959,BAA_Balanced | GPM | QSF | RAA | VAA,0.7624459869859935,0.5226251714677641,0.9174277016742772,False
1960,DAA | GPM | LAA | RAA | VAA,0.7624189290244602,0.5416010540018475,0.9455331473025538,False
1961,ADM | BAA_Aggressive | FAA | KDA | VAA,0.7624139208701528,0.6443260614016753,0.8809924643257977,False
1962,ADM | BAA_Aggressive | EAA | FAA | VAA,0.7623173286347609,0.6616909988587124,0.8809924643257977,False
1963,KDA | LAA | PAA | QSF | RAA,0.762254199869101,0.5616983147823471,0.9090193586767458,False
1964,AAA | DM | EAA | GTAA | QSF,0.7622119085894341,0.5014424797616902,0.9345679012345679,False
1965,BAA_Aggressive | DAA | DM | EAA | GTAA,0.7622016046741332,0.5291632268870916,0.9244038559107052,False
1966,DAA | EAA | GTAA | QSF | RAA,0.7621449328477385,0.5291632268870916,0.8771150588205546,False
1967,ADM | BAA_Balanced | KDA | PAA | RAA,0.7621261517592078,0.5048597299877837,0.928538090936465,False
1968,BAA_Aggressive | FAA | GPM | KDA | RAA,0.7621198072133254,0.568024067826069,0.9685534591194968,False
1969,FAA | GPM | KDA | RAA | VAA,0.7619997553151119,0.568024067826069,0.9685534591194968,False
1970,BAA_Balanced | DM | EAA | KDA | QSF,0.7619852438466235,0.5477661727078487,0.9345679012345679,False
1971,AAA | ADM | DAA | LAA | PAA,0.7619304707220756,0.47314574773044266,0.971830985915493,False
1972,AAA | ADM | BAA_Aggressive | EAA | QSF,0.7619164353679965,0.5014424797616902,0.94245658087466,False
1973,DM | GPM | GTAA | PAA | VAA,0.7618223823152579,0.4815852393398689,0.9345096613216025,False
1974,AAA | DAA | DM | GPM | QSF,0.7617964662808643,0.543667640607394,0.9345679012345679,False
1975,AAA | ADM | DM | EAA | FAA,0.7616648401976851,0.5014424797616902,0.8787598307092223,False
1976,BAA_Balanced | DM | EAA | FAA | VAA,0.7616254422321677,0.6100633829970151,0.9067380633645694,False
1977,AAA | ADM | DAA | DM | FAA,0.7616248767082557,0.543667640607394,0.8979531271197937,False
1978,BAA_Aggressive | BAA_Balanced | GTAA | LAA | VAA,0.7616154002074097,0.3512630769993555,0.9455331473025538,False
1979,ADM | BAA_Aggressive | BAA_Balanced | DM | PAA,0.7616050827727257,0.3512630769993555,0.9244038559107052,False
1980,EAA | FAA | GPM | LAA | VAA,0.7615913687570595,0.5418138608965833,0.9713964695689841,False
1981,AAA | GTAA | KDA | LAA | RAA,0.7615496633047417,0.414185283893347,0.9090193586767458,False
1982,AAA | FAA | LAA | PAA | VAA,0.7615448667860244,0.5336021302606438,0.9713964695689841,False
1983,BAA_Balanced | EAA | FAA | RAA | VAA,0.7615032960019701,0.6100633829970151,0.9685534591194968,False
1984,AAA | KDA | LAA | QSF | VAA,0.761487670043119,0.414185283893347,0.9455331473025538,False
1985,AAA | ADM | DM | PAA | VAA,0.7613849737750364,0.5336021302606438,0.91337823237752,False
1986,ADM | BAA_Balanced | DAA | QSF | VAA,0.7613676856796288,0.48759873106542545,0.94245658087466,False
1987,GPM | GTAA | KDA | LAA | VAA,0.7613130422264447,0.568024067826069,0.9455331473025538,False
1988,ADM | BAA_Aggressive | BAA_Balanced | DM | KDA,0.7613097262170961,0.3512630769993555,0.9244038559107052,False
1989,ADM | BAA_Aggressive | FAA | GPM | PAA,0.7612688396098126,0.4815852393398689,0.8980435716546827,False
1990,AAA | GPM | QSF | RAA | VAA,0.761221705208998,0.572727551709692,0.9174277016742772,False
1991,ADM | BAA_Aggressive | EAA | GTAA | VAA,0.7612191628298228,0.6616909988587124,0.8809924643257977,False
1992,BAA_Balanced | DM | FAA | PAA | VAA,0.7611763117570955,0.5048597299877837,0.91337823237752,False
1993,AAA | BAA_Aggressive | EAA | FAA | LAA,0.7611525834424347,0.5014424797616902,0.9713964695689841,False
1994,BAA_Aggressive | DAA | FAA | LAA | PAA,0.7611327557997489,0.47314574773044266,0.9713964695689841,False
1995,AAA | BAA_Aggressive | FAA | PAA | RAA,0.7610700466638559,0.5336021302606438,0.9685534591194968,False
1996,ADM | BAA_Balanced | DAA | KDA | RAA,0.7610161580293382,0.48759873106542545,0.928538090936465,False
1997,BAA_Balanced | FAA | GTAA | QSF | VAA,0.7609761146334288,0.6956911375661375,0.8795173961840629,False
1998,AAA | ADM | FAA | KDA | QSF,0.7609378265508511,0.414185283893347,0.94245658087466,False
1999,BAA_Balanced | DM | GPM | PAA | RAA,0.7609338038066447,0.4815852393398689,0.9833333333333334,False
2000,AAA | BAA_Balanced | DAA | LAA | QSF,0.7609283164187011,0.48759873106542545,0.8915509180853448,False
2001,BAA_Aggressive | DAA | DM | FAA | KDA,0.7608008708870783,0.512192095569785,0.9244038559107052,False
2002,EAA | GTAA | KDA | LAA | RAA,0.7606913126397185,0.5477661727078487,0.9090193586767458,False
2003,DAA | EAA | GTAA | LAA | RAA,0.7606892186344937,0.5291632268870916,0.8961763830349048,False
2004,BAA_Aggressive | DAA | DM | EAA | FAA,0.7606886237975359,0.5291632268870916,0.9244038559107052,False
2005,ADM | BAA_Aggressive | EAA | GPM | QSF,0.7606879841464368,0.5418138608965833,0.94245658087466,False
2006,AAA | BAA_Aggressive | EAA | LAA | RAA,0.7606603076414803,0.5014424797616902,0.9004281650931979,False
2007,BAA_Balanced | FAA | GPM | RAA | VAA,0.7606385436250598,0.5226251714677641,0.9685534591194968,False
2008,ADM | DM | EAA | GTAA | KDA,0.7606278310128071,0.5477661727078487,0.8787598307092223,False
2009,DAA | DM | GPM | KDA | QSF,0.7605693868768391,0.512192095569785,0.9345679012345679,False
2010,DM | EAA | GPM | GTAA | VAA,0.7605206802254888,0.5418138608965833,0.9345096613216025,False
2011,AAA | BAA_Aggressive | DM | GTAA | PAA,0.7605141496925778,0.5336021302606438,0.9244038559107052,False
2012,ADM | EAA | GPM | KDA | RAA,0.7604714664187744,0.5418138608965833,0.928538090936465,False
2013,DM | EAA | FAA | GPM | VAA,0.7604165738529135,0.5418138608965833,0.9345096613216025,False
2014,AAA | ADM | DAA | EAA | LAA,0.760366719865733,0.5014424797616902,0.971830985915493,False
2015,AAA | FAA | GPM | RAA | VAA,0.7603580739673463,0.572727551709692,0.9685534591194968,False
2016,AAA | BAA_Aggressive | DAA | DM | GTAA,0.7603237972690199,0.543667640607394,0.9244038559107052,False
2017,AAA | ADM | BAA_Balanced | DAA | RAA,0.7602693272869939,0.48759873106542545,0.928538090936465,False
2018,AAA | ADM | BAA_Balanced | KDA | RAA,0.7602612022223945,0.414185283893347,0.928538090936465,False
2019,ADM | BAA_Aggressive | BAA_Balanced | DM | EAA,0.7602057863553051,0.3512630769993555,0.9244038559107052,False
2020,BAA_Balanced | DM | FAA | GTAA | PAA,0.7602024000120832,0.5048597299877837,0.91337823237752,False
2021,ADM | DM | EAA | PAA | VAA,0.7602013420943242,0.4098810557547072,0.91337823237752,False
2022,ADM | BAA_Aggressive | BAA_Balanced | EAA | RAA,0.7601960242037966,0.3512630769993555,0.928538090936465,False
2023,ADM | BAA_Balanced | DAA | DM | GPM,0.7601821624760651,0.48759873106542545,0.9345096613216025,False
2024,BAA_Balanced | LAA | PAA | QSF | VAA,0.7601781477817778,0.5048597299877837,0.9455331473025538,False
2025,DAA | FAA | PAA | QSF | RAA,0.7601716714506013,0.47314574773044266,0.9685534591194968,False
2026,BAA_Aggressive | FAA | GTAA | KDA | QSF,0.7601380077344778,0.6193150680482424,0.8795173961840629,False
2027,DAA | GTAA | LAA | PAA | QSF,0.7601349276732794,0.47314574773044266,0.8961763830349048,False
2028,BAA_Aggressive | GTAA | KDA | LAA | PAA,0.760119290424869,0.5616983147823471,0.9090193586767458,False
2029,GTAA | KDA | LAA | PAA | RAA,0.7600989278121985,0.5616983147823471,0.9090193586767458,False
2030,ADM | BAA_Aggressive | FAA | GPM | KDA,0.7600725782987514,0.568024067826069,0.8980435716546827,False
2031,BAA_Aggressive | DAA | LAA | PAA | QSF,0.7600621110170529,0.47314574773044266,0.9004281650931979,False
2032,BAA_Balanced | EAA | QSF | RAA | VAA,0.7600511421459168,0.6100633829970151,0.9174277016742772,False
2033,BAA_Aggressive | DAA | FAA | KDA | RAA,0.7600022002730662,0.512192095569785,0.9685534591194968,False
2034,AAA | EAA | LAA | QSF | RAA,0.7599936702692904,0.5014424797616902,0.8915509180853448,False
2035,DM | GPM | PAA | QSF | VAA,0.759967461633948,0.4815852393398689,0.9345679012345679,False
2036,BAA_Aggressive | DM | GPM | GTAA | KDA,0.7598960663861746,0.568024067826069,0.9345096613216025,False
2037,AAA | ADM | BAA_Aggressive | BAA_Balanced | QSF,0.7598866197953086,0.3512630769993555,0.94245658087466,False
2038,ADM | BAA_Balanced | EAA | GPM | RAA,0.75986756808128,0.5226251714677641,0.928538090936465,False
2039,AAA | DAA | DM | KDA | RAA,0.7598631284898724,0.414185283893347,0.9833333333333334,False
2040,AAA | BAA_Aggressive | EAA | LAA | QSF,0.7598618782416989,0.5014424797616902,0.9004281650931979,False
2041,BAA_Aggressive | GPM | KDA | QSF | RAA,0.7598307672298904,0.568024067826069,0.8815837063902626,False
2042,BAA_Aggressive | FAA | GPM | GTAA | QSF,0.7597203951051957,0.6119069769138721,0.8795173961840629,False
2043,ADM | BAA_Balanced | PAA | QSF | VAA,0.759700775707725,0.5048597299877837,0.94245658087466,False
2044,BAA_Aggressive | DAA | DM | FAA | VAA,0.7596666173705865,0.5416010540018475,0.9244038559107052,False
2045,AAA | BAA_Balanced | GTAA | RAA | VAA,0.7596300485878719,0.6173868639610561,0.9174277016742772,False
2046,AAA | BAA_Aggressive | LAA | PAA | VAA,0.7595039195041986,0.5336021302606438,0.9455331473025538,False
2047,GPM | KDA | QSF | RAA | VAA,0.7594636684046436,0.568024067826069,0.9174277016742772,False
2048,AAA | ADM | BAA_Aggressive | GTAA | VAA,0.7594183007917017,0.6509201041906078,0.8809924643257977,False
2049,ADM | BAA_Balanced | DM | EAA | KDA,0.7594131620404593,0.5477661727078487,0.9067380633645694,False
2050,BAA_Aggressive | DM | KDA | PAA | VAA,0.759403917593682,0.5616983147823471,0.9244038559107052,False
2051,BAA_Aggressive | BAA_Balanced | DM | EAA | QSF,0.7593962580652297,0.3512630769993555,0.9345679012345679,False
2052,BAA_Balanced | DM | GTAA | PAA | VAA,0.7593768566014247,0.5048597299877837,0.91337823237752,False
2053,BAA_Aggressive | DM | EAA | GPM | GTAA,0.759361849134597,0.5418138608965833,0.9345096613216025,False
2054,AAA | BAA_Aggressive | FAA | GTAA | QSF,0.7593139249170224,0.6509201041906078,0.8795173961840629,False
2055,BAA_Balanced | GTAA | LAA | PAA | VAA,0.7592986091880188,0.5048597299877837,0.9455331473025538,False
2056,BAA_Balanced | DAA | KDA | LAA | QSF,0.7592925344779133,0.48759873106542545,0.9090193586767458,False
2057,BAA_Aggressive | FAA | GPM | LAA | PAA,0.7592627247098725,0.4815852393398689,0.9713964695689841,False
2058,ADM | DAA | EAA | GPM | RAA,0.7592032650222879,0.5291632268870916,0.928538090936465,False
2059,AAA | BAA_Aggressive | DM | GPM | GTAA,0.7591249694387644,0.572727551709692,0.9345096613216025,False
2060,ADM | BAA_Balanced | DAA | LAA | PAA,0.7590257917383342,0.47314574773044266,0.971830985915493,False
2061,BAA_Balanced | FAA | GTAA | LAA | PAA,0.7589855824702169,0.5048597299877837,0.9713964695689841,False
2062,ADM | BAA_Aggressive | GPM | PAA | QSF,0.7589329614343326,0.4815852393398689,0.94245658087466,False
2063,EAA | FAA | GPM | GTAA | LAA,0.7588504372698743,0.5418138608965833,0.9713964695689841,False
2064,EAA | GTAA | KDA | LAA | QSF,0.7588115582617607,0.5477661727078487,0.9090193586767458,False
2065,AAA | ADM | BAA_Aggressive | FAA | PAA,0.7587101508759249,0.5336021302606438,0.8809924643257977,False
2066,BAA_Balanced | DAA | DM | PAA | RAA,0.7586798052571463,0.47314574773044266,0.9833333333333334,False
2067,AAA | ADM | BAA_Balanced | DM | GPM,0.7586761352323153,0.5226251714677641,0.9345096613216025,False
2068,EAA | GPM | LAA | RAA | VAA,0.7586253316234643,0.5418138608965833,0.9455331473025538,False
2069,AAA | BAA_Balanced | KDA | LAA | QSF,0.7586052245004379,0.414185283893347,0.9090193586767458,False
2070,BAA_Aggressive | DAA | DM | GTAA | KDA,0.7584176881010315,0.512192095569785,0.9244038559107052,False
2071,AAA | ADM | BAA_Aggressive | FAA | VAA,0.7583278275537071,0.6618125940389378,0.8809924643257977,False
2072,AAA | DAA | DM | QSF | VAA,0.758292408734229,0.5416010540018475,0.9345679012345679,False
2073,BAA_Balanced | FAA | GTAA | KDA | RAA,0.7582360642840593,0.6193150680482424,0.9685534591194968,False
2074,BAA_Balanced | DM | EAA | PAA | RAA,0.7581219430727314,0.4098810557547072,0.9833333333333334,False
2075,BAA_Balanced | DAA | DM | EAA | QSF,0.7580992890227121,0.48759873106542545,0.9345679012345679,False
2076,ADM | GTAA | KDA | PAA | QSF,0.7580675052561171,0.5616983147823471,0.94245658087466,False
2077,AAA | ADM | DAA | KDA | LAA,0.7579743890826629,0.414185283893347,0.971830985915493,False
2078,ADM | BAA_Balanced | DAA | DM | VAA,0.7578798761834445,0.48759873106542545,0.9067380633645694,False
2079,DM | EAA | KDA | PAA | RAA,0.7578640955511853,0.4098810557547072,0.9833333333333334,False
2080,EAA | FAA | KDA | LAA | VAA,0.7577765741602821,0.5477661727078487,0.9713964695689841,False
2081,AAA | BAA_Aggressive | FAA | KDA | RAA,0.7577582175283115,0.414185283893347,0.9685534591194968,False
2082,BAA_Aggressive | EAA | KDA | QSF | RAA,0.7577363000769364,0.5477661727078487,0.8815837063902626,False
2083,BAA_Aggressive | DAA | GPM | GTAA | LAA,0.7576926875305128,0.5711544972082562,0.9004281650931979,False
2084,AAA | BAA_Aggressive | GPM | QSF | RAA,0.7576329880267483,0.572727551709692,0.8655053038787336,False
2085,ADM | DAA | DM | GPM | PAA,0.7576042514749368,0.47314574773044266,0.9345096613216025,False
2086,DM | FAA | GPM | GTAA | KDA,0.7575471011121978,0.568024067826069,0.9345096613216025,False
2087,BAA_Aggressive | DAA | GPM | QSF | RAA,0.7575444352689649,0.5711544972082562,0.8446408529741863,False
2088,AAA | DM | KDA | PAA | RAA,0.7575105085639044,0.414185283893347,0.9833333333333334,False
2089,ADM | EAA | FAA | GTAA | VAA,0.7575099976114636,0.6616909988587124,0.8639251997095134,False
2090,BAA_Aggressive | BAA_Balanced | DM | GPM | QSF,0.7574858171475904,0.3512630769993555,0.9345679012345679,False
2091,BAA_Balanced | DAA | FAA | GTAA | LAA,0.7574267585778343,0.48759873106542545,0.9713964695689841,False
2092,ADM | BAA_Aggressive | GTAA | KDA | VAA,0.7574195914025705,0.6193150680482424,0.8809924643257977,False
2093,AAA | DM | EAA | KDA | LAA,0.7574043085081883,0.414185283893347,0.9782608695652174,False
2094,BAA_Aggressive | DAA | EAA | FAA | LAA,0.757358135785636,0.5291632268870916,0.9713964695689841,False
2095,FAA | GPM | GTAA | LAA | PAA,0.7573380574678743,0.4815852393398689,0.9713964695689841,False
2096,FAA | GPM | PAA | QSF | RAA,0.7573263536098734,0.4815852393398689,0.9685534591194968,False
2097,GTAA | KDA | LAA | PAA | QSF,0.7573098641256728,0.5616983147823471,0.9090193586767458,False
2098,ADM | DAA | DM | PAA | VAA,0.7572888711591246,0.47314574773044266,0.91337823237752,False
2099,ADM | BAA_Balanced | GPM | KDA | QSF,0.7572882803790686,0.5226251714677641,0.94245658087466,False
2100,ADM | EAA | GTAA | KDA | QSF,0.757272337181206,0.5477661727078487,0.94245658087466,False
2101,DAA | GPM | GTAA | LAA | VAA,0.7572514224117689,0.5416010540018475,0.9455331473025538,False
2102,BAA_Balanced | DAA | QSF | RAA | VAA,0.7572326925723518,0.48759873106542545,0.9174277016742772,False
2103,BAA_Balanced | DM | EAA | GPM | QSF,0.7572264312810384,0.5226251714677641,0.9345679012345679,False
2104,AAA | BAA_Aggressive | GTAA | LAA | PAA,0.7571876251266639,0.5336021302606438,0.9004281650931979,False
2105,AAA | GTAA | LAA | PAA | RAA,0.7570951286639718,0.5336021302606438,0.8961763830349048,False
2106,AAA | BAA_Aggressive | DAA | FAA | RAA,0.7570819090332026,0.543667640607394,0.9685534591194968,False
2107,BAA_Aggressive | BAA_Balanced | QSF | RAA | VAA,0.7570425283717414,0.3512630769993555,0.9174277016742772,False
2108,BAA_Aggressive | BAA_Balanced | DM | FAA | GTAA,0.7570394085431231,0.3512630769993555,0.9244038559107052,False
2109,FAA | GTAA | KDA | LAA | PAA,0.7570235828647067,0.5616983147823471,0.9713964695689841,False
2110,BAA_Aggressive | KDA | PAA | QSF | RAA,0.7569934829620195,0.5616983147823471,0.8815837063902626,False
2111,EAA | GPM | GTAA | LAA | QSF,0.7569158602191552,0.5418138608965833,0.8961763830349048,False
2112,ADM | BAA_Balanced | DM | KDA | PAA,0.7568710490803712,0.5048597299877837,0.91337823237752,False
2113,AAA | ADM | GTAA | PAA | QSF,0.7568476120486232,0.5336021302606438,0.94245658087466,False
2114,FAA | KDA | PAA | RAA | VAA,0.7568168330943675,0.5616983147823471,0.9685534591194968,False
2115,ADM | BAA_Balanced | DM | GPM | PAA,0.756766320361934,0.4815852393398689,0.9345096613216025,False
2116,DAA | DM | GPM | GTAA | VAA,0.7567653715758926,0.5416010540018475,0.9345096613216025,False
2117,BAA_Aggressive | DAA | EAA | LAA | RAA,0.7567524507359171,0.5291632268870916,0.9004281650931979,False
2118,BAA_Aggressive | DAA | GPM | LAA | RAA,0.7567513541251291,0.5711544972082562,0.9004281650931979,False
2119,AAA | ADM | KDA | LAA | PAA,0.7567072692629281,0.414185283893347,0.971830985915493,False
2120,AAA | BAA_Balanced | FAA | GTAA | RAA,0.7566240809911899,0.6173868639610561,0.9685534591194968,False
2121,AAA | BAA_Aggressive | DAA | DM | FAA,0.7566221773494899,0.543667640607394,0.9244038559107052,False
2122,ADM | BAA_Balanced | DAA | EAA | RAA,0.7566103724966232,0.48759873106542545,0.928538090936465,False
2123,ADM | DAA | DM | GPM | KDA,0.7566080793227802,0.512192095569785,0.9345096613216025,False
2124,AAA | DAA | QSF | RAA | VAA,0.7566050637253603,0.5416010540018475,0.9174277016742772,False
2125,AAA | LAA | PAA | QSF | RAA,0.7565653161674172,0.5336021302606438,0.8915509180853448,False
2126,BAA_Aggressive | BAA_Balanced | FAA | KDA | LAA,0.7565228322870629,0.3512630769993555,0.9713964695689841,False
2127,AAA | BAA_Aggressive | FAA | GPM | RAA,0.7565223098580633,0.572727551709692,0.9685534591194968,False
2128,EAA | FAA | LAA | PAA | RAA,0.7564748769861487,0.4098810557547072,0.9713964695689841,False
2129,ADM | DM | GPM | KDA | PAA,0.7564167592376695,0.4815852393398689,0.9345096613216025,False
2130,AAA | GTAA | LAA | PAA | QSF,0.7563893242893783,0.5336021302606438,0.8961763830349048,False
2131,DAA | FAA | GPM | GTAA | RAA,0.75633074080521,0.5711544972082562,0.9685534591194968,False
2132,ADM | BAA_Balanced | FAA | GPM | GTAA,0.7562339110925701,0.5226251714677641,0.8980435716546827,False
2133,FAA | GPM | GTAA | KDA | RAA,0.7562137191271261,0.568024067826069,0.9685534591194968,False
2134,FAA | GPM | GTAA | QSF | VAA,0.7562098998924697,0.6973058880504235,0.8795173961840629,False
2135,ADM | BAA_Aggressive | DAA | GTAA | VAA,0.7562098617173428,0.5416010540018475,0.8809924643257977,False
2136,AAA | BAA_Aggressive | GPM | GTAA | LAA,0.7561723279021489,0.572727551709692,0.9004281650931979,False
2137,DM | EAA | GPM | LAA | PAA,0.7561689853905764,0.4098810557547072,0.9782608695652174,False
2138,BAA_Balanced | EAA | FAA | GTAA | RAA,0.756141060187012,0.6100633829970151,0.9685534591194968,False
2139,ADM | BAA_Aggressive | BAA_Balanced | DAA | RAA,0.7561074883589213,0.3512630769993555,0.928538090936465,False
2140,AAA | EAA | GTAA | LAA | QSF,0.7560682675830207,0.5014424797616902,0.8961763830349048,False
2141,DM | FAA | GPM | KDA | VAA,0.7560195651693314,0.568024067826069,0.9345096613216025,False
2142,BAA_Aggressive | BAA_Balanced | KDA | LAA | RAA,0.7560159456279734,0.3512630769993555,0.9090193586767458,False
2143,BAA_Aggressive | GPM | KDA | LAA | VAA,0.7559892271570025,0.568024067826069,0.9455331473025538,False
2144,ADM | BAA_Balanced | DAA | GPM | RAA,0.7559644197700875,0.48759873106542545,0.928538090936465,False
2145,AAA | ADM | BAA_Balanced | GPM | QSF,0.7559475028332582,0.5226251714677641,0.94245658087466,False
2146,DM | KDA | PAA | QSF | VAA,0.7559432174403911,0.5616983147823471,0.9345679012345679,False
2147,BAA_Aggressive | EAA | FAA | GPM | LAA,0.7559092189357662,0.5418138608965833,0.9713964695689841,False
2148,BAA_Balanced | GTAA | KDA | RAA | VAA,0.7558976231830354,0.6193150680482424,0.9174277016742772,False
2149,AAA | EAA | GTAA | LAA | RAA,0.7558647626490461,0.5014424797616902,0.8961763830349048,False
2150,AAA | GTAA | KDA | QSF | RAA,0.755854227626905,0.414185283893347,0.8815837063902626,False
2151,BAA_Aggressive | GPM | GTAA | KDA | LAA,0.7558240263598213,0.568024067826069,0.9090193586767458,False
2152,ADM | BAA_Aggressive | BAA_Balanced | DM | GPM,0.7558015434015548,0.3512630769993555,0.9345096613216025,False
2153,ADM | BAA_Balanced | EAA | LAA | PAA,0.7557850633054913,0.4098810557547072,0.971830985915493,False
2154,ADM | BAA_Aggressive | BAA_Balanced | DAA | QSF,0.7557732414451376,0.3512630769993555,0.94245658087466,False
2155,ADM | GPM | KDA | PAA | RAA,0.7556843436377296,0.4815852393398689,0.928538090936465,False
2156,BAA_Aggressive | DM | EAA | PAA | QSF,0.7556267720346213,0.4098810557547072,0.9345679012345679,False
2157,ADM | BAA_Aggressive | EAA | FAA | GPM,0.7556184716247074,0.5418138608965833,0.8980435716546827,False
2158,AAA | BAA_Aggressive | GPM | LAA | VAA,0.755597134691459,0.572727551709692,0.9455331473025538,False
2159,BAA_Balanced | DM | FAA | KDA | VAA,0.7555801085166538,0.6197903396071828,0.9067380633645694,False
2160,DM | FAA | GTAA | KDA | VAA,0.7554823105336808,0.6193150680482424,0.875182117935741,False
2161,ADM | EAA | FAA | PAA | QSF,0.7554747267865108,0.4098810557547072,0.94245658087466,False
2162,ADM | FAA | GPM | GTAA | PAA,0.7554510407897627,0.4815852393398689,0.8980435716546827,False
2163,AAA | ADM | BAA_Balanced | PAA | RAA,0.7554221480609323,0.5048597299877837,0.928538090936465,False
2164,AAA | DM | GPM | GTAA | VAA,0.7554122269393491,0.572727551709692,0.9345096613216025,False
2165,AAA | DM | GTAA | KDA | QSF,0.7554044890097572,0.414185283893347,0.9345679012345679,False
2166,DAA | DM | EAA | LAA | PAA,0.7554009574458125,0.4098810557547072,0.9782608695652174,False
2167,AAA | DM | FAA | GPM | GTAA,0.7553874114745784,0.572727551709692,0.9345096613216025,False
2168,ADM | DM | EAA | KDA | VAA,0.7553146841894651,0.5477661727078487,0.8787598307092223,False
2169,AAA | ADM | DAA | DM | GPM,0.755313542235686,0.543667640607394,0.9345096613216025,False
2170,AAA | FAA | GPM | GTAA | RAA,0.7553124317872316,0.572727551709692,0.9685534591194968,False
2171,AAA | DM | FAA | GTAA | VAA,0.7552723821140646,0.6509201041906078,0.875182117935741,False
2172,BAA_Balanced | FAA | GPM | GTAA | RAA,0.7552425473374199,0.5226251714677641,0.9685534591194968,False
2173,ADM | DAA | EAA | KDA | RAA,0.7551337176487232,0.512192095569785,0.928538090936465,False
2174,ADM | BAA_Aggressive | DAA | FAA | GPM,0.7551194021383021,0.5711544972082562,0.8980435716546827,False
2175,DAA | DM | KDA | QSF | VAA,0.755115568112201,0.512192095569785,0.9345679012345679,False
2176,AAA | BAA_Balanced | DM | GTAA | VAA,0.7551051833858609,0.6173868639610561,0.9067380633645694,False
2177,ADM | BAA_Aggressive | EAA | FAA | KDA,0.7549595279026798,0.5477661727078487,0.8809924643257977,False
2178,AAA | BAA_Aggressive | KDA | LAA | VAA,0.7548601564448382,0.414185283893347,0.9455331473025538,False
2179,ADM | BAA_Aggressive | DAA | GPM | GTAA,0.7548530905458934,0.5711544972082562,0.8980435716546827,False
2180,ADM | BAA_Aggressive | BAA_Balanced | PAA | RAA,0.7548528076550088,0.3512630769993555,0.928538090936465,False
2181,ADM | DAA | FAA | GPM | GTAA,0.7548191053607399,0.5711544972082562,0.8980435716546827,False
2182,AAA | BAA_Aggressive | DM | EAA | FAA,0.7547641894532912,0.5014424797616902,0.9244038559107052,False
2183,AAA | BAA_Balanced | DM | EAA | QSF,0.7547217034992968,0.5014424797616902,0.9345679012345679,False
2184,ADM | EAA | FAA | GPM | GTAA,0.7546665583807637,0.5418138608965833,0.8980435716546827,False
2185,AAA | ADM | BAA_Aggressive | BAA_Balanced | DM,0.754621232272135,0.3512630769993555,0.9244038559107052,False
2186,EAA | GPM | GTAA | LAA | VAA,0.7546160609858503,0.5418138608965833,0.9455331473025538,False
2187,AAA | BAA_Aggressive | DM | PAA | VAA,0.7546124597978681,0.5336021302606438,0.9244038559107052,False
2188,AAA | ADM | BAA_Balanced | DAA | QSF,0.7545973500704994,0.48759873106542545,0.94245658087466,False
2189,AAA | BAA_Balanced | DM | KDA | QSF,0.7545729901685336,0.414185283893347,0.9345679012345679,False
2190,ADM | BAA_Balanced | FAA | GPM | VAA,0.7545151222884824,0.5226251714677641,0.8980435716546827,False
2191,ADM | BAA_Balanced | DAA | GPM | QSF,0.7544833323864282,0.48759873106542545,0.94245658087466,False
2192,DAA | DM | FAA | GTAA | VAA,0.7544644442904318,0.5416010540018475,0.8979531271197937,False
2193,ADM | DM | EAA | GPM | KDA,0.7544613690525058,0.5418138608965833,0.9345096613216025,False
2194,BAA_Balanced | LAA | PAA | QSF | RAA,0.7543445957952007,0.5048597299877837,0.884015491074939,False
2195,BAA_Balanced | FAA | PAA | RAA | VAA,0.7543116525606895,0.5048597299877837,0.9685534591194968,False
2196,EAA | FAA | GPM | RAA | VAA,0.7543069093439394,0.5418138608965833,0.9685534591194968,False
2197,KDA | LAA | PAA | QSF | VAA,0.7542626578052116,0.5616983147823471,0.9455331473025538,False
2198,BAA_Aggressive | FAA | GTAA | PAA | QSF,0.7542557581700259,0.6207275577645948,0.8795173961840629,False
2199,AAA | ADM | DM | EAA | GTAA,0.7542435253532103,0.5014424797616902,0.8787598307092223,False
2200,AAA | ADM | EAA | GTAA | QSF,0.7542296931312666,0.5014424797616902,0.94245658087466,False
2201,ADM | EAA | GPM | QSF | VAA,0.7542107582295248,0.5418138608965833,0.94245658087466,False
2202,BAA_Aggressive | BAA_Balanced | DAA | LAA | QSF,0.7540944219237331,0.3512630769993555,0.9004281650931979,False
2203,BAA_Balanced | GPM | KDA | LAA | QSF,0.7540855191034296,0.5226251714677641,0.9090193586767458,False
2204,ADM | BAA_Balanced | DAA | DM | EAA,0.7540634126084469,0.48759873106542545,0.9067380633645694,False
2205,AAA | ADM | BAA_Aggressive | FAA | GPM,0.7540367237643026,0.572727551709692,0.8980435716546827,False
2206,BAA_Aggressive | DAA | LAA | PAA | RAA,0.7540309893613886,0.47314574773044266,0.9004281650931979,False
2207,AAA | GPM | GTAA | RAA | VAA,0.7539495738625835,0.572727551709692,0.9174277016742772,False
2208,BAA_Aggressive | DM | EAA | GTAA | KDA,0.7539067975124306,0.5477661727078487,0.9244038559107052,False
2209,ADM | BAA_Aggressive | DAA | FAA | PAA,0.7539044964470478,0.47314574773044266,0.8809924643257977,False
2210,AAA | DAA | FAA | GTAA | LAA,0.7538771519108206,0.543667640607394,0.9713964695689841,False
2211,DAA | FAA | GPM | LAA | VAA,0.7537939036921991,0.5416010540018475,0.9713964695689841,False
2212,BAA_Balanced | EAA | GTAA | RAA | VAA,0.753749265906439,0.6100633829970151,0.9174277016742772,False
2213,ADM | BAA_Balanced | GPM | GTAA | VAA,0.7536830452442163,0.5226251714677641,0.8980435716546827,False
2214,AAA | GTAA | LAA | PAA | VAA,0.7536218311337143,0.5336021302606438,0.9455331473025538,False
2215,BAA_Balanced | DM | FAA | GTAA | KDA,0.7535819279903546,0.6193150680482424,0.9067380633645694,False
2216,GPM | LAA | PAA | RAA | VAA,0.7535421184937294,0.4815852393398689,0.9455331473025538,False
2217,BAA_Aggressive | DM | GPM | PAA | VAA,0.7535271364832156,0.4815852393398689,0.9345096613216025,False
2218,BAA_Aggressive | BAA_Balanced | DM | PAA | QSF,0.7534823744081482,0.3512630769993555,0.9345679012345679,False
2219,ADM | BAA_Aggressive | BAA_Balanced | DAA | DM,0.7534780516125438,0.3512630769993555,0.9244038559107052,False
2220,ADM | EAA | KDA | LAA | PAA,0.7534557902477693,0.4098810557547072,0.971830985915493,False
2221,GPM | GTAA | LAA | PAA | VAA,0.7532822586643462,0.4815852393398689,0.9455331473025538,False
2222,BAA_Aggressive | DAA | EAA | QSF | RAA,0.7532766305957164,0.5291632268870916,0.8446408529741863,False
2223,BAA_Balanced | GPM | GTAA | RAA | VAA,0.7532742098731519,0.5226251714677641,0.9174277016742772,False
2224,ADM | BAA_Balanced | DAA | KDA | QSF,0.7532609215009113,0.48759873106542545,0.94245658087466,False
2225,EAA | GTAA | KDA | QSF | RAA,0.7531760794225801,0.5477661727078487,0.8815837063902626,False
2226,AAA | DM | PAA | QSF | VAA,0.753162885106488,0.5336021302606438,0.9345679012345679,False
2227,AAA | DM | FAA | GPM | VAA,0.753119481523841,0.572727551709692,0.9345096613216025,False
2228,DAA | GTAA | LAA | PAA | RAA,0.753101871683859,0.47314574773044266,0.8961763830349048,False
2229,ADM | FAA | GPM | PAA | VAA,0.753098023104734,0.4815852393398689,0.8980435716546827,False
2230,AAA | BAA_Balanced | GPM | LAA | QSF,0.7530440949288187,0.5226251714677641,0.8915509180853448,False
2231,BAA_Aggressive | BAA_Balanced | DM | GTAA | VAA,0.7529832002067991,0.3512630769993555,0.9244038559107052,False
2232,BAA_Balanced | GTAA | LAA | PAA | RAA,0.7529747625253279,0.5048597299877837,0.8961763830349048,False
2233,ADM | DAA | DM | EAA | VAA,0.7529115948716456,0.5291632268870916,0.8979531271197937,False
2234,EAA | KDA | LAA | QSF | VAA,0.7528391038803931,0.5477661727078487,0.9455331473025538,False
2235,BAA_Aggressive | DAA | GTAA | LAA | PAA,0.7528196519521513,0.47314574773044266,0.9004281650931979,False
2236,AAA | DM | EAA | KDA | RAA,0.7527201619391081,0.414185283893347,0.9833333333333334,False
2237,AAA | FAA | GTAA | LAA | PAA,0.7527033248762923,0.5336021302606438,0.9713964695689841,False
2238,AAA | ADM | EAA | GPM | RAA,0.7526554078310284,0.5014424797616902,0.928538090936465,False
2239,BAA_Balanced | DM | GTAA | KDA | VAA,0.7526311602787493,0.6193150680482424,0.9067380633645694,False
2240,AAA | LAA | PAA | QSF | VAA,0.7526017239610462,0.5336021302606438,0.9455331473025538,False
2241,GTAA | KDA | LAA | PAA | VAA,0.7525976804244227,0.5616983147823471,0.9455331473025538,False
2242,BAA_Balanced | DAA | GTAA | LAA | VAA,0.7525847472563669,0.48759873106542545,0.9455331473025538,False
2243,AAA | BAA_Aggressive | EAA | FAA | RAA,0.7525847222391181,0.5014424797616902,0.9685534591194968,False
2244,EAA | GPM | GTAA | LAA | RAA,0.7525214654523456,0.5418138608965833,0.8961763830349048,False
2245,BAA_Aggressive | BAA_Balanced | KDA | QSF | RAA,0.7525192674017119,0.3512630769993555,0.8815837063902626,False
2246,EAA | FAA | GPM | GTAA | RAA,0.7524703899981469,0.5418138608965833,0.9685534591194968,False
2247,AAA | ADM | DAA | GPM | QSF,0.7523937175620556,0.543667640607394,0.94245658087466,False
2248,DAA | FAA | GTAA | KDA | LAA,0.7522402369433038,0.512192095569785,0.9713964695689841,False
2249,BAA_Aggressive | EAA | KDA | LAA | VAA,0.7522278191925514,0.5477661727078487,0.9455331473025538,False
2250,DM | GPM | GTAA | KDA | VAA,0.7522275078792625,0.568024067826069,0.9345096613216025,False
2251,AAA | KDA | QSF | RAA | VAA,0.7521864839384671,0.414185283893347,0.9174277016742772,False
2252,DAA | KDA | QSF | RAA | VAA,0.7521698208056075,0.512192095569785,0.9174277016742772,False
2253,BAA_Balanced | DM | KDA | PAA | QSF,0.7521299508120335,0.5048597299877837,0.9345679012345679,False
2254,BAA_Aggressive | EAA | GTAA | KDA | LAA,0.752096378868052,0.5477661727078487,0.9090193586767458,False
2255,EAA | FAA | KDA | RAA | VAA,0.7520948970272752,0.5477661727078487,0.9685534591194968,False
2256,AAA | BAA_Aggressive | DAA | GTAA | RAA,0.7520822834324619,0.543667640607394,0.8771150588205546,False
2257,DAA | DM | EAA | GPM | QSF,0.7520411687205668,0.5291632268870916,0.9345679012345679,False
2258,AAA | BAA_Balanced | DM | FAA | VAA,0.7519693289181884,0.6173868639610561,0.9067380633645694,False
2259,DAA | LAA | PAA | QSF | RAA,0.7519533228547075,0.47314574773044266,0.8771347070300006,False
2260,AAA | FAA | PAA | RAA | VAA,0.7518951849060694,0.5336021302606438,0.9685534591194968,False
2261,DM | EAA | KDA | QSF | VAA,0.7518841591042994,0.5477661727078487,0.9345679012345679,False
2262,BAA_Aggressive | DM | GPM | KDA | VAA,0.751843282911111,0.568024067826069,0.9345096613216025,False
2263,AAA | DM | EAA | LAA | PAA,0.7518388811963177,0.4098810557547072,0.9782608695652174,False
2264,BAA_Aggressive | DAA | EAA | GTAA | LAA,0.7517917025184488,0.5291632268870916,0.9004281650931979,False
2265,AAA | ADM | GPM | KDA | RAA,0.7516809119405714,0.414185283893347,0.928538090936465,False
2266,FAA | GPM | PAA | RAA | VAA,0.7516127690479105,0.4815852393398689,0.9685534591194968,False
2267,AAA | BAA_Aggressive | GTAA | KDA | LAA,0.7515195932860166,0.414185283893347,0.9090193586767458,False
2268,AAA | BAA_Aggressive | PAA | QSF | RAA,0.7515157369183447,0.5336021302606438,0.8655053038787336,False
2269,BAA_Aggressive | DM | EAA | GTAA | PAA,0.7514702910191278,0.4098810557547072,0.9244038559107052,False
2270,DAA | EAA | LAA | RAA | VAA,0.7513500372833785,0.5291632268870916,0.9455331473025538,False
2271,ADM | BAA_Balanced | EAA | KDA | QSF,0.751335588129683,0.5477661727078487,0.94245658087466,False
2272,DAA | GPM | QSF | RAA | VAA,0.751247055458351,0.5416010540018475,0.9174277016742772,False
2273,EAA | FAA | GTAA | KDA | LAA,0.7511198863035854,0.5477661727078487,0.9713964695689841,False
2274,ADM | BAA_Aggressive | EAA | FAA | PAA,0.7510111603670467,0.4098810557547072,0.8809924643257977,False
2275,DAA | DM | EAA | QSF | VAA,0.750944864394581,0.5291632268870916,0.9345679012345679,False
2276,AAA | BAA_Balanced | KDA | LAA | RAA,0.7508971149996319,0.414185283893347,0.9090193586767458,False
2277,AAA | EAA | FAA | LAA | VAA,0.7508931713215512,0.5014424797616902,0.9713964695689841,False
2278,AAA | BAA_Aggressive | BAA_Balanced | LAA | RAA,0.7508852073519365,0.3512630769993555,0.9004281650931979,False
2279,ADM | BAA_Balanced | EAA | FAA | GTAA,0.7508542434820576,0.6100633829970151,0.8639251997095134,False
2280,DM | FAA | KDA | PAA | VAA,0.7508144533206418,0.5616983147823471,0.91337823237752,False
2281,BAA_Aggressive | EAA | FAA | LAA | PAA,0.7507801447150324,0.4098810557547072,0.9713964695689841,False
2282,ADM | DAA | KDA | PAA | RAA,0.7507677091076849,0.47314574773044266,0.928538090936465,False
2283,AAA | BAA_Balanced | DM | FAA | GTAA,0.7507115423997601,0.6173868639610561,0.9067380633645694,False
2284,BAA_Aggressive | BAA_Balanced | DM | FAA | VAA,0.7506795718033205,0.3512630769993555,0.9244038559107052,False
2285,BAA_Aggressive | BAA_Balanced | FAA | RAA | VAA,0.7506399024313241,0.3512630769993555,0.9685534591194968,False
2286,AAA | EAA | GTAA | QSF | RAA,0.7505717925518274,0.5014424797616902,0.8771150588205546,False
2287,ADM | GPM | PAA | QSF | VAA,0.7505150980022208,0.4815852393398689,0.94245658087466,False
2288,ADM | BAA_Aggressive | DAA | GTAA | PAA,0.7505018179306054,0.47314574773044266,0.8809924643257977,False
2289,AAA | BAA_Aggressive | EAA | QSF | RAA,0.7504358031908159,0.5014424797616902,0.8655053038787336,False
2290,ADM | DAA | GPM | KDA | QSF,0.7503465930394924,0.512192095569785,0.94245658087466,False
2291,AAA | BAA_Aggressive | DM | GPM | VAA,0.7503317919558298,0.572727551709692,0.9345096613216025,False
2292,ADM | BAA_Aggressive | GTAA | KDA | PAA,0.7502943035810409,0.5616983147823471,0.8809924643257977,False
2293,AAA | FAA | KDA | LAA | VAA,0.7501395759450069,0.414185283893347,0.9713964695689841,False
2294,DM | EAA | GTAA | PAA | QSF,0.7501083821231755,0.4098810557547072,0.9345679012345679,False
2295,AAA | BAA_Aggressive | BAA_Balanced | FAA | LAA,0.7500756351708385,0.3512630769993555,0.9713964695689841,False
2296,AAA | BAA_Aggressive | DAA | LAA | VAA,0.7500052064569698,0.5416010540018475,0.9455331473025538,False
2297,AAA | ADM | DAA | EAA | RAA,0.7499948651763756,0.5014424797616902,0.928538090936465,False
2298,DAA | EAA | FAA | GTAA | LAA,0.7499147427069377,0.5291632268870916,0.9713964695689841,False
2299,BAA_Balanced | EAA | KDA | LAA | QSF,0.7499079261019695,0.5477661727078487,0.9090193586767458,False
2300,DAA | DM | FAA | GTAA | PAA,0.7498498794668267,0.47314574773044266,0.91337823237752,False
2301,BAA_Balanced | GTAA | PAA | QSF | RAA,0.749795766369627,0.5048597299877837,0.8771150588205546,False
2302,AAA | ADM | GPM | PAA | RAA,0.7496910358924291,0.4815852393398689,0.928538090936465,False
2303,BAA_Aggressive | BAA_Balanced | FAA | GTAA | RAA,0.7496861670402746,0.3512630769993555,0.9685534591194968,False
2304,EAA | GPM | GTAA | QSF | RAA,0.7496775990998616,0.5418138608965833,0.8771150588205546,False
2305,AAA | DAA | GTAA | LAA | VAA,0.7496406201289733,0.5416010540018475,0.9455331473025538,False
2306,AAA | ADM | BAA_Balanced | DM | EAA,0.7496280052020132,0.5014424797616902,0.9067380633645694,False
2307,BAA_Balanced | DAA | DM | FAA | GTAA,0.7496174016329126,0.48759873106542545,0.9067380633645694,False
2308,AAA | BAA_Aggressive | BAA_Balanced | QSF | RAA,0.7496107922455947,0.3512630769993555,0.8655053038787336,False
2309,DAA | GTAA | PAA | QSF | RAA,0.7495412680336009,0.47314574773044266,0.8771150588205546,False
2310,GPM | GTAA | KDA | RAA | VAA,0.7495064525047722,0.568024067826069,0.9174277016742772,False
2311,DM | FAA | GTAA | KDA | PAA,0.7494505016752834,0.5616983147823471,0.91337823237752,False
2312,AAA | ADM | DAA | QSF | VAA,0.7494403753859852,0.5416010540018475,0.94245658087466,False
2313,BAA_Aggressive | EAA | FAA | GTAA | QSF,0.7494269700948991,0.66262737884406,0.8795173961840629,False
2314,ADM | EAA | FAA | GPM | VAA,0.7493882926348286,0.5418138608965833,0.8980435716546827,False
2315,AAA | EAA | LAA | QSF | VAA,0.7493554191937821,0.5014424797616902,0.9455331473025538,False
2316,AAA | ADM | DM | GPM | PAA,0.7491650491946442,0.4815852393398689,0.9345096613216025,False
2317,ADM | BAA_Balanced | EAA | FAA | VAA,0.7491016942052882,0.6100633829970151,0.8639251997095134,False
2318,ADM | BAA_Aggressive | BAA_Balanced | GPM | RAA,0.7490270786558926,0.3512630769993555,0.928538090936465,False
2319,BAA_Aggressive | DAA | GTAA | KDA | RAA,0.7489177719667486,0.512192095569785,0.8815837063902626,False
2320,AAA | ADM | BAA_Balanced | DM | PAA,0.7489086430843708,0.5048597299877837,0.91337823237752,False
2321,DAA | FAA | GTAA | LAA | PAA,0.7488234771449442,0.47314574773044266,0.9713964695689841,False
2322,BAA_Aggressive | DAA | FAA | GPM | RAA,0.7488083059850308,0.5711544972082562,0.9685534591194968,False
2323,AAA | DAA | GPM | LAA | QSF,0.7487673408639568,0.543667640607394,0.8915509180853448,False
2324,DM | EAA | GPM | PAA | RAA,0.7485363431105269,0.4098810557547072,0.9833333333333334,False
2325,DAA | DM | EAA | PAA | RAA,0.748519925200313,0.4098810557547072,0.9833333333333334,False
2326,ADM | BAA_Balanced | FAA | PAA | VAA,0.7483139215299417,0.5048597299877837,0.8783909420483494,False
2327,DAA | DM | EAA | FAA | GTAA,0.748305640617547,0.5291632268870916,0.8979531271197937,False
2328,ADM | GPM | GTAA | PAA | VAA,0.7482864700842697,0.4815852393398689,0.8980435716546827,False
2329,BAA_Balanced | DAA | FAA | LAA | VAA,0.7482841194846328,0.48759873106542545,0.9713964695689841,False
2330,AAA | ADM | DM | EAA | VAA,0.7481899845219974,0.5014424797616902,0.8787598307092223,False
2331,AAA | ADM | EAA | KDA | LAA,0.7481485562834707,0.414185283893347,0.971830985915493,False
2332,FAA | GTAA | KDA | PAA | RAA,0.7481393093181572,0.5616983147823471,0.9685534591194968,False
2333,AAA | BAA_Aggressive | DM | EAA | GTAA,0.7480329828820421,0.5014424797616902,0.9244038559107052,False
2334,DAA | DM | PAA | QSF | VAA,0.7480089606075577,0.47314574773044266,0.9345679012345679,False
2335,GPM | GTAA | LAA | PAA | QSF,0.7479980897199461,0.4815852393398689,0.8961763830349048,False
2336,ADM | BAA_Aggressive | DAA | FAA | KDA,0.7479689870713009,0.512192095569785,0.8809924643257977,False
2337,ADM | BAA_Balanced | EAA | GTAA | VAA,0.7478799208173987,0.6100633829970151,0.8553173056097033,False
2338,AAA | BAA_Aggressive | DM | FAA | KDA,0.7478478300877299,0.414185283893347,0.9244038559107052,False
2339,BAA_Aggressive | KDA | PAA | RAA | VAA,0.7478358617261567,0.5616983147823471,0.9174277016742772,False
2340,ADM | BAA_Aggressive | DAA | EAA | FAA,0.747833014221936,0.5291632268870916,0.8809924643257977,False
2341,ADM | BAA_Aggressive | GPM | GTAA | PAA,0.7478230309462144,0.4815852393398689,0.8980435716546827,False
2342,BAA_Aggressive | DAA | EAA | FAA | RAA,0.7478000985287693,0.5291632268870916,0.9685534591194968,False
2343,BAA_Aggressive | DAA | KDA | LAA | VAA,0.7477200928071148,0.512192095569785,0.9455331473025538,False
2344,ADM | BAA_Balanced | DM | EAA | PAA,0.7476762791679161,0.4098810557547072,0.91337823237752,False
2345,GTAA | KDA | PAA | QSF | RAA,0.747567376731557,0.5616983147823471,0.8815837063902626,False
2346,ADM | BAA_Aggressive | BAA_Balanced | EAA | QSF,0.7475418242626188,0.3512630769993555,0.94245658087466,False
2347,BAA_Aggressive | DAA | FAA | PAA | RAA,0.7474677099879469,0.47314574773044266,0.9685534591194968,False
2348,AAA | ADM | DAA | PAA | RAA,0.7474516074777829,0.47314574773044266,0.928538090936465,False
2349,AAA | ADM | GTAA | KDA | QSF,0.7474459993114123,0.414185283893347,0.94245658087466,False
2350,ADM | DAA | GPM | PAA | RAA,0.7474211801181283,0.47314574773044266,0.928538090936465,False
2351,BAA_Aggressive | DM | EAA | GPM | VAA,0.7473595488173402,0.5418138608965833,0.9345096613216025,False
2352,AAA | BAA_Aggressive | EAA | GTAA | LAA,0.7473419627274013,0.5014424797616902,0.9004281650931979,False
2353,ADM | EAA | GPM | GTAA | VAA,0.7473234101947749,0.5418138608965833,0.8980435716546827,False
2354,AAA | DM | EAA | QSF | VAA,0.7472810759279508,0.5014424797616902,0.9345679012345679,False
2355,ADM | BAA_Aggressive | DAA | EAA | GTAA,0.7471770062859042,0.5291632268870916,0.8809924643257977,False
2356,ADM | BAA_Balanced | FAA | GTAA | PAA,0.7471412227458047,0.5048597299877837,0.8783909420483494,False
2357,AAA | ADM | BAA_Aggressive | GTAA | PAA,0.7470632849116361,0.5336021302606438,0.8809924643257977,False
2358,EAA | GPM | LAA | QSF | VAA,0.7470276494682762,0.5418138608965833,0.9455331473025538,False
2359,ADM | KDA | PAA | QSF | VAA,0.7470011017025355,0.5616983147823471,0.94245658087466,False
2360,ADM | BAA_Aggressive | DAA | FAA | VAA,0.746875201031502,0.5416010540018475,0.8809924643257977,False
2361,FAA | GPM | GTAA | PAA | RAA,0.7468510016412118,0.4815852393398689,0.9685534591194968,False
2362,AAA | GTAA | PAA | QSF | RAA,0.7467858407032499,0.5336021302606438,0.8771150588205546,False
2363,BAA_Balanced | EAA | KDA | LAA | RAA,0.7467809092645441,0.5477661727078487,0.9090193586767458,False
2364,AAA | BAA_Balanced | DAA | QSF | RAA,0.7467657971638232,0.48759873106542545,0.8655053038787336,False
2365,AAA | BAA_Aggressive | EAA | LAA | VAA,0.7467330090440297,0.5014424797616902,0.9455331473025538,False
2366,AAA | BAA_Balanced | DM | PAA | QSF,0.7466891613071522,0.5048597299877837,0.9345679012345679,False
2367,DAA | LAA | PAA | RAA | VAA,0.74668793839365,0.47314574773044266,0.9455331473025538,False
2368,EAA | GTAA | KDA | LAA | VAA,0.7465154063828054,0.5477661727078487,0.9455331473025538,False
2369,DAA | GPM | KDA | LAA | QSF,0.7464208629701943,0.512192095569785,0.9090193586767458,False
2370,ADM | BAA_Balanced | DAA | DM | KDA,0.7463793434864072,0.48759873106542545,0.9067380633645694,False
2371,ADM | BAA_Balanced | DAA | EAA | QSF,0.7463573026167483,0.48759873106542545,0.94245658087466,False
2372,ADM | FAA | GPM | GTAA | KDA,0.7463437586148108,0.568024067826069,0.8980435716546827,False
2373,EAA | FAA | GTAA | KDA | RAA,0.7463426213119709,0.5477661727078487,0.9685534591194968,False
2374,EAA | KDA | QSF | RAA | VAA,0.7462992128998199,0.5477661727078487,0.9174277016742772,False
2375,DAA | DM | FAA | GPM | VAA,0.7462284387125384,0.5416010540018475,0.9345096613216025,False
2376,AAA | ADM | BAA_Aggressive | DAA | GTAA,0.7461429697591516,0.543667640607394,0.8809924643257977,False
2377,BAA_Balanced | FAA | GPM | KDA | LAA,0.7461417485384858,0.5226251714677641,0.9713964695689841,False
2378,ADM | BAA_Balanced | EAA | GPM | QSF,0.7460665276702263,0.5226251714677641,0.94245658087466,False
2379,BAA_Balanced | FAA | GTAA | PAA | RAA,0.746024168684825,0.5048597299877837,0.9685534591194968,False
2380,AAA | DM | EAA | PAA | RAA,0.7459480250043684,0.4098810557547072,0.9833333333333334,False
2381,BAA_Aggressive | DM | EAA | KDA | VAA,0.7458202535646852,0.5477661727078487,0.9244038559107052,False
2382,AAA | EAA | GTAA | LAA | VAA,0.7457168062496515,0.5014424797616902,0.9455331473025538,False
2383,EAA | GPM | GTAA | RAA | VAA,0.745709770196244,0.5418138608965833,0.9174277016742772,False
2384,BAA_Aggressive | GTAA | KDA | PAA | RAA,0.7456835854821435,0.5616983147823471,0.8815837063902626,False
2385,BAA_Aggressive | EAA | FAA | GPM | RAA,0.7455995716443492,0.5418138608965833,0.9685534591194968,False
2386,ADM | DM | EAA | GPM | PAA,0.7455736642932826,0.4098810557547072,0.9345096613216025,False
2387,BAA_Aggressive | DAA | PAA | QSF | RAA,0.7455388513576847,0.47314574773044266,0.8446408529741863,False
2388,AAA | ADM | BAA_Aggressive | GPM | GTAA,0.7455262247240478,0.572727551709692,0.8980435716546827,False
2389,BAA_Aggressive | FAA | KDA | QSF | VAA,0.7454897061038753,0.6443260614016753,0.8795173961840629,False
2390,AAA | DAA | FAA | GTAA | RAA,0.7454874195495647,0.543667640607394,0.9685534591194968,False
2391,ADM | BAA_Aggressive | GPM | GTAA | KDA,0.7454772765529197,0.568024067826069,0.8980435716546827,False
2392,BAA_Balanced | PAA | QSF | RAA | VAA,0.7454541080074272,0.5048597299877837,0.9174277016742772,False
2393,ADM | DAA | KDA | QSF | VAA,0.7454434896454188,0.512192095569785,0.94245658087466,False
2394,AAA | ADM | FAA | GTAA | VAA,0.7454398001057806,0.6509201041906078,0.8639251997095134,False
2395,EAA | GPM | LAA | QSF | RAA,0.745423348610885,0.5418138608965833,0.8560660018993352,False
2396,ADM | BAA_Aggressive | EAA | PAA | QSF,0.7454156849745799,0.4098810557547072,0.94245658087466,False
2397,AAA | ADM | DM | EAA | GPM,0.745386908167035,0.5014424797616902,0.9345096613216025,False
2398,AAA | EAA | FAA | RAA | VAA,0.7453504979965314,0.5014424797616902,0.9685534591194968,False
2399,ADM | BAA_Aggressive | KDA | PAA | VAA,0.7453317947333264,0.5616983147823471,0.8809924643257977,False
2400,AAA | BAA_Balanced | KDA | QSF | RAA,0.7452938774911229,0.414185283893347,0.8815837063902626,False
2401,DM | EAA | FAA | GTAA | PAA,0.7452363219912433,0.4098810557547072,0.91337823237752,False
2402,BAA_Balanced | EAA | FAA | KDA | LAA,0.7452237527540126,0.5477661727078487,0.9713964695689841,False
2403,ADM | EAA | GPM | LAA | PAA,0.7452205721933522,0.4098810557547072,0.971830985915493,False
2404,ADM | BAA_Aggressive | BAA_Balanced | GPM | QSF,0.7451448612109303,0.3512630769993555,0.94245658087466,False
2405,BAA_Aggressive | BAA_Balanced | DM | FAA | KDA,0.7450535819321258,0.3512630769993555,0.9244038559107052,False
2406,AAA | ADM | PAA | QSF | VAA,0.7450408144871706,0.5336021302606438,0.94245658087466,False
2407,ADM | FAA | GPM | KDA | VAA,0.745015009711069,0.568024067826069,0.8980435716546827,False
2408,AAA | BAA_Aggressive | GTAA | QSF | VAA,0.7450103425968527,0.6509201041906078,0.8533479637646305,False
2409,AAA | ADM | FAA | GPM | GTAA,0.7450041140957298,0.572727551709692,0.8980435716546827,False
2410,BAA_Balanced | DAA | KDA | QSF | RAA,0.7449910114150484,0.48759873106542545,0.8815837063902626,False
2411,AAA | EAA | FAA | GTAA | LAA,0.7449768774727257,0.5014424797616902,0.9713964695689841,False
2412,ADM | BAA_Aggressive | EAA | GPM | GTAA,0.7449193335415197,0.5418138608965833,0.8980435716546827,False
2413,AAA | ADM | BAA_Balanced | EAA | QSF,0.7448920929008946,0.5014424797616902,0.94245658087466,False
2414,BAA_Aggressive | FAA | GPM | PAA | RAA,0.7448460688635203,0.4815852393398689,0.9685534591194968,False
2415,ADM | FAA | GTAA | KDA | VAA,0.7448296834068585,0.6193150680482424,0.8639251997095134,False
2416,BAA_Balanced | DAA | FAA | GTAA | RAA,0.7448208821697488,0.48759873106542545,0.9685534591194968,False
2417,AAA | ADM | BAA_Balanced | KDA | QSF,0.7447671053299538,0.414185283893347,0.94245658087466,False
2418,AAA | ADM | DAA | KDA | RAA,0.7447022354612394,0.414185283893347,0.928538090936465,False
2419,BAA_Balanced | DM | EAA | FAA | GPM,0.7446968818451285,0.5226251714677641,0.9345096613216025,False
2420,EAA | FAA | LAA | PAA | QSF,0.7446610831602238,0.4098810557547072,0.9713964695689841,False
2421,AAA | DM | FAA | PAA | VAA,0.7446344028346188,0.5336021302606438,0.91337823237752,False
2422,AAA | ADM | BAA_Aggressive | DAA | FAA,0.7446103386522507,0.543667640607394,0.8809924643257977,False
2423,DAA | GPM | GTAA | RAA | VAA,0.7445936604445337,0.5416010540018475,0.9174277016742772,False
2424,ADM | BAA_Balanced | DAA | DM | PAA,0.744526337525244,0.47314574773044266,0.91337823237752,False
2425,GPM | GTAA | LAA | PAA | RAA,0.7445130042617043,0.4815852393398689,0.8961763830349048,False
2426,AAA | DM | KDA | QSF | VAA,0.744423173190467,0.414185283893347,0.9345679012345679,False
2427,AAA | DAA | FAA | LAA | VAA,0.7443841587100939,0.5416010540018475,0.9713964695689841,False
2428,AAA | ADM | BAA_Balanced | DAA | DM,0.7443741104463382,0.48759873106542545,0.9067380633645694,False
2429,ADM | BAA_Balanced | GTAA | PAA | VAA,0.7443454775616418,0.5048597299877837,0.8783909420483494,False
2430,AAA | BAA_Aggressive | PAA | RAA | VAA,0.7443028062280678,0.5336021302606438,0.9174277016742772,False
2431,DAA | EAA | FAA | GTAA | RAA,0.7442863054697604,0.5291632268870916,0.9685534591194968,False
2432,BAA_Aggressive | BAA_Balanced | GTAA | RAA | VAA,0.7442422853145317,0.3512630769993555,0.9174277016742772,False
2433,AAA | ADM | DM | FAA | KDA,0.7441896220342722,0.414185283893347,0.875182117935741,False
2434,AAA | DM | FAA | GTAA | PAA,0.7440108451971315,0.5336021302606438,0.91337823237752,False
2435,AAA | FAA | GTAA | PAA | RAA,0.7439580551377301,0.5336021302606438,0.9685534591194968,False
2436,AAA | BAA_Aggressive | FAA | QSF | VAA,0.7439252292785488,0.6618125940389378,0.8795173961840629,False
2437,DM | GTAA | KDA | PAA | VAA,0.7438860291065392,0.5616983147823471,0.91337823237752,False
2438,ADM | DAA | EAA | LAA | PAA,0.7438704614534364,0.4098810557547072,0.971830985915493,False
2439,BAA_Balanced | DAA | KDA | LAA | RAA,0.7438455646130937,0.48759873106542545,0.9090193586767458,False
2440,AAA | ADM | BAA_Aggressive | EAA | FAA,0.743820955685253,0.5014424797616902,0.8809924643257977,False
2441,BAA_Balanced | GTAA | PAA | RAA | VAA,0.743810951884748,0.5048597299877837,0.9174277016742772,False
2442,AAA | DM | GTAA | PAA | VAA,0.743790781326093,0.5336021302606438,0.91337823237752,False
2443,BAA_Balanced | DAA | GPM | LAA | QSF,0.7437734182885067,0.48759873106542545,0.884015491074939,False
2444,AAA | BAA_Balanced | EAA | LAA | QSF,0.7437637842443805,0.5014424797616902,0.8915509180853448,False
2445,BAA_Aggressive | BAA_Balanced | DM | FAA | PAA,0.7437630330899637,0.3512630769993555,0.9244038559107052,False
2446,DAA | FAA | GTAA | KDA | RAA,0.7437115007740605,0.512192095569785,0.9685534591194968,False
2447,BAA_Balanced | DAA | DM | GTAA | VAA,0.7436368201829848,0.48759873106542545,0.9067380633645694,False
2448,KDA | PAA | QSF | RAA | VAA,0.7436157582697032,0.5616983147823471,0.9174277016742772,False
2449,DAA | FAA | KDA | LAA | VAA,0.7434876377504481,0.512192095569785,0.9713964695689841,False
2450,EAA | FAA | LAA | PAA | VAA,0.7434516686692559,0.4098810557547072,0.9713964695689841,False
2451,ADM | BAA_Aggressive | DAA | GTAA | KDA,0.743416815472625,0.512192095569785,0.8809924643257977,False
2452,AAA | BAA_Balanced | DAA | LAA | RAA,0.7433980872419489,0.48759873106542545,0.8915509180853448,False
2453,DAA | EAA | LAA | QSF | VAA,0.7433003256593689,0.5291632268870916,0.9455331473025538,False
2454,ADM | EAA | KDA | QSF | VAA,0.7432806855667182,0.5477661727078487,0.94245658087466,False
2455,AAA | ADM | DAA | DM | VAA,0.7431735604737946,0.5416010540018475,0.8979531271197937,False
2456,ADM | BAA_Balanced | GPM | PAA | RAA,0.7431668657918623,0.4815852393398689,0.928538090936465,False
2457,ADM | BAA_Aggressive | BAA_Balanced | FAA | GTAA,0.7431358211512711,0.3512630769993555,0.8809924643257977,False
2458,ADM | BAA_Balanced | FAA | KDA | VAA,0.7430800862495969,0.6197903396071828,0.8639251997095134,False
2459,AAA | ADM | KDA | PAA | RAA,0.7430795782641983,0.414185283893347,0.928538090936465,False
2460,AAA | ADM | GPM | GTAA | VAA,0.7430587277869958,0.572727551709692,0.8980435716546827,False
2461,BAA_Balanced | DM | FAA | GPM | KDA,0.7430090625682667,0.5226251714677641,0.9345096613216025,False
2462,AAA | EAA | QSF | RAA | VAA,0.7429545320211961,0.5014424797616902,0.9174277016742772,False
2463,BAA_Aggressive | DAA | DM | GPM | VAA,0.7429526237013625,0.5416010540018475,0.9345096613216025,False
2464,AAA | ADM | FAA | GPM | VAA,0.7429349711841169,0.572727551709692,0.8980435716546827,False
2465,AAA | BAA_Aggressive | GTAA | PAA | RAA,0.7428909239919257,0.5336021302606438,0.8771150588205546,False
2466,DAA | FAA | GPM | RAA | VAA,0.7427579731014501,0.5416010540018475,0.9685534591194968,False
2467,ADM | DAA | FAA | GTAA | VAA,0.7427194864745861,0.5416010540018475,0.8639251997095134,False
2468,DAA | GTAA | KDA | LAA | VAA,0.7426592964637504,0.512192095569785,0.9455331473025538,False
2469,DM | EAA | FAA | PAA | VAA,0.7426507567944084,0.4098810557547072,0.91337823237752,False
2470,ADM | EAA | KDA | PAA | RAA,0.7425893943731183,0.4098810557547072,0.928538090936465,False
2471,ADM | DAA | DM | KDA | VAA,0.7425183363428857,0.512192095569785,0.8979531271197937,False
2472,ADM | DAA | GPM | GTAA | VAA,0.7424994966159779,0.5416010540018475,0.8980435716546827,False
2473,DM | EAA | GPM | KDA | QSF,0.7423949197520837,0.5418138608965833,0.9345679012345679,False
2474,BAA_Aggressive | DM | EAA | PAA | VAA,0.7423594782900956,0.4098810557547072,0.9244038559107052,False
2475,AAA | GTAA | PAA | RAA | VAA,0.7423503178772729,0.5336021302606438,0.9174277016742772,False
2476,BAA_Aggressive | BAA_Balanced | DM | EAA | FAA,0.742271526049836,0.3512630769993555,0.9244038559107052,False
2477,AAA | ADM | EAA | LAA | PAA,0.7422207610115035,0.4098810557547072,0.971830985915493,False
2478,BAA_Balanced | GPM | KDA | LAA | RAA,0.7421865197697886,0.5226251714677641,0.9090193586767458,False
2479,ADM | DAA | DM | KDA | PAA,0.7420962232155851,0.47314574773044266,0.91337823237752,False
2480,AAA | PAA | QSF | RAA | VAA,0.7420938282335249,0.5336021302606438,0.9174277016742772,False
2481,BAA_Balanced | FAA | GPM | GTAA | QSF,0.7420668089388508,0.5226251714677641,0.8795173961840629,False
2482,BAA_Aggressive | DAA | GPM | GTAA | RAA,0.7420097376849805,0.5711544972082562,0.8771150588205546,False
2483,ADM | DAA | EAA | GPM | QSF,0.7417946491233977,0.5291632268870916,0.94245658087466,False
2484,BAA_Aggressive | EAA | GTAA | KDA | RAA,0.7417676824802617,0.5477661727078487,0.8815837063902626,False
2485,AAA | BAA_Balanced | FAA | GPM | LAA,0.7417006062117548,0.5226251714677641,0.9713964695689841,False
2486,AAA | FAA | KDA | RAA | VAA,0.7416966036879209,0.414185283893347,0.9685534591194968,False
2487,BAA_Aggressive | EAA | GPM | LAA | QSF,0.7415925465740162,0.5418138608965833,0.9004281650931979,False
2488,BAA_Aggressive | BAA_Balanced | KDA | LAA | VAA,0.7415511315285868,0.3512630769993555,0.9455331473025538,False
2489,AAA | BAA_Aggressive | GPM | GTAA | RAA,0.7414795541101667,0.572727551709692,0.8771150588205546,False
2490,AAA | ADM | BAA_Aggressive | PAA | VAA,0.7413603820560507,0.5336021302606438,0.8809924643257977,False
2491,BAA_Aggressive | DAA | DM | PAA | VAA,0.7413449587405241,0.47314574773044266,0.9244038559107052,False
2492,ADM | BAA_Aggressive | BAA_Balanced | PAA | QSF,0.7412892984052631,0.3512630769993555,0.94245658087466,False
2493,AAA | ADM | BAA_Balanced | GTAA | VAA,0.7412562174247129,0.6173868639610561,0.8553173056097033,False
2494,ADM | DAA | EAA | QSF | VAA,0.7412490601679764,0.5291632268870916,0.94245658087466,False
2495,BAA_Balanced | DAA | DM | PAA | QSF,0.7412490338650073,0.47314574773044266,0.9345679012345679,False
2496,DAA | DM | EAA | KDA | QSF,0.7411872243083628,0.512192095569785,0.9345679012345679,False
2497,GTAA | KDA | PAA | RAA | VAA,0.7411871633599942,0.5616983147823471,0.9174277016742772,False
2498,BAA_Aggressive | FAA | GPM | QSF | VAA,0.7411563371050818,0.6119069769138721,0.8795173961840629,False
2499,ADM | BAA_Balanced | KDA | PAA | QSF,0.7411416528948187,0.5048597299877837,0.94245658087466,False
2500,AAA | GTAA | KDA | LAA | VAA,0.741067047210463,0.414185283893347,0.9455331473025538,False
2501,GPM | LAA | PAA | QSF | VAA,0.7410351270299732,0.4815852393398689,0.9455331473025538,False
2502,BAA_Aggressive | EAA | KDA | RAA | VAA,0.7409947106633685,0.5477661727078487,0.9174277016742772,False
2503,BAA_Aggressive | GPM | GTAA | KDA | RAA,0.7409922487598519,0.568024067826069,0.8815837063902626,False
2504,ADM | EAA | GTAA | PAA | QSF,0.7409437535863731,0.4098810557547072,0.94245658087466,False
2505,DM | EAA | FAA | GTAA | KDA,0.7409113007028889,0.5477661727078487,0.8787598307092223,False
2506,BAA_Aggressive | GPM | GTAA | LAA | PAA,0.740906490715119,0.4815852393398689,0.9004281650931979,False
2507,ADM | BAA_Balanced | FAA | GTAA | KDA,0.7408831186841731,0.6193150680482424,0.8639251997095134,False
2508,BAA_Aggressive | EAA | FAA | PAA | RAA,0.7408665700808592,0.4098810557547072,0.9685534591194968,False
2509,AAA | BAA_Aggressive | KDA | RAA | VAA,0.7408657527915764,0.414185283893347,0.9174277016742772,False
2510,ADM | BAA_Balanced | EAA | PAA | RAA,0.7408415271919981,0.4098810557547072,0.928538090936465,False
2511,BAA_Aggressive | BAA_Balanced | FAA | KDA | RAA,0.7408385281048505,0.3512630769993555,0.9685534591194968,False
2512,BAA_Aggressive | DAA | GTAA | QSF | VAA,0.7407440816394755,0.5416010540018475,0.8533479637646305,False
2513,BAA_Aggressive | DAA | EAA | GTAA | RAA,0.7406118338850958,0.5291632268870916,0.8771150588205546,False
2514,BAA_Aggressive | GTAA | KDA | QSF | VAA,0.7404900167166023,0.6193150680482424,0.8533479637646305,False
2515,AAA | BAA_Aggressive | BAA_Balanced | LAA | VAA,0.7404483431100684,0.3512630769993555,0.9455331473025538,False
2516,BAA_Aggressive | GPM | GTAA | QSF | VAA,0.7404425077240762,0.6119069769138721,0.8533479637646305,False
2517,AAA | EAA | FAA | GTAA | RAA,0.7403386162890984,0.5014424797616902,0.9685534591194968,False
2518,ADM | BAA_Balanced | DAA | PAA | RAA,0.740330784447212,0.47314574773044266,0.928538090936465,False
2519,BAA_Aggressive | EAA | GPM | GTAA | LAA,0.7402996555214234,0.5418138608965833,0.9004281650931979,False
2520,AAA | ADM | BAA_Balanced | FAA | VAA,0.7402893517696696,0.6173868639610561,0.8639251997095134,False
2521,DAA | EAA | GTAA | LAA | VAA,0.7402804490478354,0.5291632268870916,0.9455331473025538,False
2522,AAA | FAA | GTAA | KDA | LAA,0.7402737652539879,0.414185283893347,0.9713964695689841,False
2523,GPM | GTAA | PAA | RAA | VAA,0.7402689593198046,0.4815852393398689,0.9174277016742772,False
2524,BAA_Aggressive | GPM | KDA | RAA | VAA,0.7402530374156405,0.568024067826069,0.9174277016742772,False
2525,BAA_Balanced | FAA | KDA | LAA | PAA,0.7401383460053587,0.5048597299877837,0.9713964695689841,False
2526,BAA_Aggressive | GPM | LAA | PAA | VAA,0.7400474227310132,0.4815852393398689,0.9455331473025538,False
2527,AAA | BAA_Aggressive | GPM | RAA | VAA,0.7399999487580842,0.572727551709692,0.9174277016742772,False
2528,ADM | BAA_Aggressive | EAA | GTAA | KDA,0.7399745298132249,0.5477661727078487,0.8809924643257977,False
2529,ADM | FAA | KDA | PAA | VAA,0.7399577777961543,0.5616983147823471,0.8783909420483494,False
2530,BAA_Balanced | DM | GPM | PAA | QSF,0.7399550618833272,0.4815852393398689,0.9345679012345679,False
2531,AAA | FAA | GTAA | QSF | VAA,0.7398618677621195,0.6509201041906078,0.8795173961840629,False
2532,BAA_Balanced | DM | EAA | FAA | KDA,0.739829445401819,0.5477661727078487,0.9067380633645694,False
2533,ADM | DAA | DM | EAA | KDA,0.739719718790415,0.512192095569785,0.8979531271197937,False
2534,DAA | DM | GPM | PAA | QSF,0.7396884167081137,0.47314574773044266,0.9345679012345679,False
2535,DM | EAA | GTAA | PAA | VAA,0.73961849624295,0.4098810557547072,0.91337823237752,False
2536,DAA | FAA | GPM | GTAA | QSF,0.7395474269188043,0.5711544972082562,0.8795173961840629,False
2537,EAA | LAA | PAA | RAA | VAA,0.7395019354262481,0.4098810557547072,0.9455331473025538,False
2538,AAA | ADM | EAA | QSF | VAA,0.7394976475089077,0.5014424797616902,0.94245658087466,False
2539,EAA | FAA | PAA | QSF | RAA,0.7394407260746605,0.4098810557547072,0.9685534591194968,False
2540,DAA | GTAA | LAA | PAA | VAA,0.7393677609663378,0.47314574773044266,0.9455331473025538,False
2541,BAA_Balanced | EAA | KDA | QSF | RAA,0.7393578742167335,0.5477661727078487,0.8815837063902626,False
2542,DM | EAA | FAA | KDA | VAA,0.7393500042873409,0.5477661727078487,0.8787598307092223,False
2543,AAA | BAA_Balanced | FAA | GTAA | QSF,0.7392574527597858,0.6173868639610561,0.8795173961840629,False
2544,DAA | DM | GTAA | PAA | VAA,0.7392555931597601,0.47314574773044266,0.91337823237752,False
2545,EAA | GTAA | KDA | RAA | VAA,0.7392118978733122,0.5477661727078487,0.9174277016742772,False
2546,AAA | BAA_Aggressive | DM | EAA | VAA,0.7392060449264257,0.5014424797616902,0.9244038559107052,False
2547,DAA | FAA | GTAA | PAA | RAA,0.7390880313528319,0.47314574773044266,0.9685534591194968,False
2548,AAA | BAA_Balanced | GPM | LAA | RAA,0.7390618362832451,0.5226251714677641,0.8915509180853448,False
2549,ADM | GPM | GTAA | KDA | VAA,0.7390539636083712,0.568024067826069,0.8980435716546827,False
2550,DAA | FAA | LAA | PAA | VAA,0.7390466091708017,0.47314574773044266,0.9713964695689841,False
2551,BAA_Balanced | GPM | KDA | QSF | RAA,0.7390323860060144,0.5226251714677641,0.8815837063902626,False
2552,ADM | BAA_Aggressive | GPM | PAA | VAA,0.7389447657289885,0.4815852393398689,0.8980435716546827,False
2553,EAA | GPM | QSF | RAA | VAA,0.7388849762075899,0.5418138608965833,0.9174277016742772,False
2554,AAA | ADM | BAA_Balanced | FAA | GTAA,0.7388327782121169,0.6173868639610561,0.8639251997095134,False
2555,BAA_Balanced | FAA | GTAA | KDA | QSF,0.7387861767407228,0.6193150680482424,0.8795173961840629,False
2556,BAA_Aggressive | BAA_Balanced | EAA | FAA | LAA,0.7387506228179525,0.3512630769993555,0.9713964695689841,False
2557,AAA | DAA | GTAA | RAA | VAA,0.7387246442498383,0.5416010540018475,0.9174277016742772,False
2558,AAA | DAA | KDA | LAA | QSF,0.7387157134577871,0.414185283893347,0.9090193586767458,False
2559,AAA | ADM | EAA | KDA | RAA,0.7386278738396762,0.414185283893347,0.928538090936465,False
2560,BAA_Aggressive | FAA | PAA | QSF | VAA,0.7385831877581366,0.6207275577645948,0.8795173961840629,False
2561,AAA | BAA_Balanced | EAA | LAA | RAA,0.7385535080950225,0.5014424797616902,0.8915509180853448,False
2562,AAA | EAA | GTAA | RAA | VAA,0.7385523015481454,0.5014424797616902,0.9174277016742772,False
2563,BAA_Aggressive | DAA | GPM | LAA | VAA,0.7384990844359482,0.5416010540018475,0.9455331473025538,False
2564,AAA | BAA_Aggressive | GTAA | KDA | RAA,0.7384296017741474,0.414185283893347,0.8815837063902626,False
2565,BAA_Aggressive | BAA_Balanced | EAA | LAA | QSF,0.7384037297364985,0.3512630769993555,0.9004281650931979,False
2566,ADM | FAA | GTAA | KDA | PAA,0.7383950391116715,0.5616983147823471,0.8783909420483494,False
2567,AAA | DAA | GPM | LAA | RAA,0.7383926577062199,0.543667640607394,0.8915509180853448,False
2568,BAA_Aggressive | EAA | GPM | LAA | RAA,0.7382000861409626,0.5418138608965833,0.9004281650931979,False
2569,AAA | BAA_Balanced | GPM | QSF | RAA,0.7381299656393906,0.5226251714677641,0.8655053038787336,False
2570,DAA | GPM | KDA | LAA | RAA,0.7381294391243897,0.512192095569785,0.9090193586767458,False
2571,ADM | DAA | PAA | QSF | VAA,0.7379745141806789,0.47314574773044266,0.94245658087466,False
2572,ADM | BAA_Balanced | GTAA | KDA | VAA,0.7379621491990631,0.6193150680482424,0.8553173056097033,False
2573,BAA_Aggressive | BAA_Balanced | GTAA | KDA | LAA,0.7378602142622401,0.3512630769993555,0.9090193586767458,False
2574,EAA | FAA | GTAA | LAA | PAA,0.7378192495938459,0.4098810557547072,0.9713964695689841,False
2575,FAA | GTAA | PAA | QSF | VAA,0.7377346370902302,0.6207275577645948,0.8795173961840629,False
2576,DAA | LAA | PAA | QSF | VAA,0.7377289174610726,0.47314574773044266,0.9455331473025538,False
2577,ADM | DAA | FAA | GTAA | PAA,0.7377020862141914,0.47314574773044266,0.8783909420483494,False
2578,BAA_Aggressive | BAA_Balanced | FAA | GTAA | QSF,0.7376572691115812,0.3512630769993555,0.8795173961840629,False
2579,AAA | BAA_Balanced | FAA | KDA | LAA,0.7376354867744798,0.414185283893347,0.9713964695689841,False
2580,ADM | BAA_Aggressive | GPM | KDA | VAA,0.7376232801169806,0.568024067826069,0.8980435716546827,False
2581,BAA_Aggressive | BAA_Balanced | FAA | LAA | PAA,0.737606625446807,0.3512630769993555,0.9713964695689841,False
2582,BAA_Aggressive | GPM | LAA | PAA | QSF,0.7375406616509131,0.4815852393398689,0.9004281650931979,False
2583,DAA | DM | EAA | GTAA | VAA,0.7375327768299844,0.5291632268870916,0.8979531271197937,False
2584,BAA_Aggressive | DAA | GTAA | PAA | RAA,0.7375327747638629,0.47314574773044266,0.8771150588205546,False
2585,AAA | ADM | DAA | DM | PAA,0.7375217192879583,0.47314574773044266,0.91337823237752,False
2586,AAA | BAA_Aggressive | BAA_Balanced | GTAA | LAA,0.7374978198515926,0.3512630769993555,0.9004281650931979,False
2587,AAA | BAA_Aggressive | BAA_Balanced | DM | FAA,0.7374869863261638,0.3512630769993555,0.9244038559107052,False
2588,BAA_Balanced | DAA | GTAA | RAA | VAA,0.7374526273304025,0.48759873106542545,0.9174277016742772,False
2589,AAA | BAA_Balanced | DM | FAA | GPM,0.7374485217517982,0.5226251714677641,0.9345096613216025,False
2590,BAA_Balanced | DAA | EAA | LAA | QSF,0.7374224877667522,0.48759873106542545,0.884015491074939,False
2591,BAA_Balanced | KDA | LAA | PAA | QSF,0.7374171286561063,0.5048597299877837,0.9090193586767458,False
2592,BAA_Balanced | DM | FAA | KDA | PAA,0.7373795430644383,0.5048597299877837,0.91337823237752,False
2593,AAA | DM | GPM | KDA | QSF,0.7373416870589008,0.414185283893347,0.9345679012345679,False
2594,AAA | DAA | DM | EAA | QSF,0.7373115860294097,0.5014424797616902,0.9345679012345679,False
2595,AAA | BAA_Aggressive | DM | GTAA | KDA,0.7372204598538368,0.414185283893347,0.9244038559107052,False
2596,DAA | EAA | FAA | LAA | VAA,0.7372126266718888,0.5291632268870916,0.9713964695689841,False
2597,ADM | BAA_Aggressive | EAA | GTAA | PAA,0.7371756553598254,0.4098810557547072,0.8809924643257977,False
2598,AAA | BAA_Aggressive | EAA | GTAA | RAA,0.7371522701475983,0.5014424797616902,0.8771150588205546,False
2599,ADM | BAA_Aggressive | BAA_Balanced | GTAA | VAA,0.7371094110414425,0.3512630769993555,0.8809924643257977,False
2600,BAA_Aggressive | BAA_Balanced | DM | FAA | GPM,0.7371014879152097,0.3512630769993555,0.9345096613216025,False
2601,AAA | DAA | GPM | QSF | RAA,0.7370791795678083,0.543667640607394,0.8655053038787336,False
2602,DM | GPM | KDA | PAA | QSF,0.7370371298627455,0.4815852393398689,0.9345679012345679,False
2603,ADM | BAA_Aggressive | BAA_Balanced | FAA | VAA,0.736974771450593,0.3512630769993555,0.8809924643257977,False
2604,AAA | ADM | BAA_Aggressive | GPM | VAA,0.7369318342802376,0.572727551709692,0.8980435716546827,False
2605,AAA | ADM | BAA_Aggressive | FAA | KDA,0.7369283220795142,0.414185283893347,0.8809924643257977,False
2606,FAA | GTAA | KDA | QSF | VAA,0.7367301345720783,0.6193150680482424,0.8795173961840629,False
2607,BAA_Aggressive | BAA_Balanced | DAA | QSF | RAA,0.7367007316483918,0.3512630769993555,0.8446408529741863,False
2608,AAA | ADM | KDA | QSF | VAA,0.7366634705312467,0.414185283893347,0.94245658087466,False
2609,GPM | GTAA | PAA | QSF | RAA,0.7366528200457172,0.4815852393398689,0.8771150588205546,False
2610,AAA | BAA_Aggressive | DAA | GTAA | QSF,0.7366330421674162,0.543667640607394,0.8533479637646305,False
2611,EAA | FAA | PAA | RAA | VAA,0.7365632819133796,0.4098810557547072,0.9685534591194968,False
2612,ADM | DM | EAA | KDA | PAA,0.7365571073789046,0.4098810557547072,0.91337823237752,False
2613,AAA | ADM | BAA_Balanced | PAA | QSF,0.7365209085084758,0.5048597299877837,0.94245658087466,False
2614,BAA_Aggressive | DAA | LAA | PAA | VAA,0.7365175364458114,0.47314574773044266,0.9455331473025538,False
2615,BAA_Aggressive | EAA | GPM | LAA | VAA,0.7365153394764112,0.5418138608965833,0.9455331473025538,False
2616,ADM | DAA | EAA | FAA | GTAA,0.7364964895651859,0.5291632268870916,0.8639251997095134,False
2617,DM | FAA | GPM | KDA | PAA,0.7362565013954464,0.4815852393398689,0.9345096613216025,False
2618,DAA | DM | KDA | PAA | QSF,0.7362505486590311,0.47314574773044266,0.9345679012345679,False
2619,AAA | DAA | DM | FAA | GTAA,0.7361584977448716,0.543667640607394,0.8979531271197937,False
2620,AAA | BAA_Aggressive | DAA | DM | VAA,0.7360875722638511,0.5416010540018475,0.9244038559107052,False
2621,DAA | FAA | GTAA | QSF | VAA,0.7360837322479068,0.5416010540018475,0.8795173961840629,False
2622,BAA_Balanced | DM | EAA | GPM | GTAA,0.7360431249916185,0.5226251714677641,0.9345096613216025,False
2623,BAA_Aggressive | DAA | FAA | KDA | QSF,0.7359428029081371,0.512192095569785,0.8795173961840629,False
2624,DAA | EAA | QSF | RAA | VAA,0.7359092624332328,0.5291632268870916,0.9174277016742772,False
2625,AAA | DM | EAA | GPM | QSF,0.735842075357732,0.5014424797616902,0.9345679012345679,False
2626,ADM | BAA_Balanced | DAA | FAA | GTAA,0.7358262616377076,0.48759873106542545,0.8639251997095134,False
2627,AAA | BAA_Balanced | EAA | FAA | LAA,0.7356798927443037,0.5014424797616902,0.9713964695689841,False
2628,DAA | DM | FAA | GTAA | KDA,0.7356409812670923,0.512192095569785,0.8979531271197937,False
2629,AAA | BAA_Aggressive | EAA | RAA | VAA,0.735638904322834,0.5014424797616902,0.9174277016742772,False
2630,ADM | DAA | DM | EAA | PAA,0.7355712620958774,0.4098810557547072,0.91337823237752,False
2631,AAA | BAA_Balanced | GPM | LAA | VAA,0.7355488584124594,0.5226251714677641,0.9455331473025538,False
2632,BAA_Balanced | EAA | FAA | KDA | RAA,0.7355319147163427,0.5477661727078487,0.9685534591194968,False
2633,BAA_Balanced | KDA | LAA | PAA | RAA,0.7351994211272486,0.5048597299877837,0.9090193586767458,False
2634,BAA_Balanced | DAA | FAA | GTAA | QSF,0.7351931143023582,0.48759873106542545,0.8795173961840629,False
2635,DM | EAA | GTAA | KDA | VAA,0.7351682506536488,0.5477661727078487,0.8787598307092223,False
2636,AAA | BAA_Aggressive | DAA | RAA | VAA,0.7351596305581453,0.5416010540018475,0.9174277016742772,False
2637,AAA | BAA_Aggressive | DAA | FAA | QSF,0.735105770980206,0.543667640607394,0.8795173961840629,False
2638,AAA | DAA | FAA | RAA | VAA,0.7350900142074452,0.5416010540018475,0.9685534591194968,False
2639,BAA_Aggressive | GPM | LAA | PAA | RAA,0.7350575105264274,0.4815852393398689,0.9004281650931979,False
2640,BAA_Aggressive | DAA | DM | KDA | VAA,0.7349218571037338,0.512192095569785,0.9244038559107052,False
2641,AAA | ADM | BAA_Aggressive | EAA | GTAA,0.7349207603013748,0.5014424797616902,0.8809924643257977,False
2642,AAA | ADM | BAA_Balanced | DM | KDA,0.73491532962487,0.414185283893347,0.9067380633645694,False
2643,DM | EAA | PAA | QSF | VAA,0.7348936746882763,0.4098810557547072,0.9345679012345679,False
2644,EAA | FAA | GTAA | QSF | VAA,0.7348464865303034,0.6616909988587124,0.8795173961840629,False
2645,BAA_Balanced | DM | FAA | GPM | PAA,0.7348309031446263,0.4815852393398689,0.9345096613216025,False
2646,BAA_Balanced | DAA | FAA | RAA | VAA,0.7347738309351546,0.48759873106542545,0.9685534591194968,False
2647,BAA_Aggressive | DAA | DM | EAA | VAA,0.7347562568346423,0.5291632268870916,0.9244038559107052,False
2648,BAA_Aggressive | GTAA | PAA | QSF | VAA,0.7347329914530973,0.6207275577645948,0.8533479637646305,False
2649,BAA_Balanced | GPM | KDA | LAA | VAA,0.7346455920414845,0.5226251714677641,0.9455331473025538,False
2650,AAA | DAA | KDA | LAA | RAA,0.7346151794448176,0.414185283893347,0.9090193586767458,False
2651,AAA | ADM | FAA | PAA | VAA,0.7345977724286694,0.5336021302606438,0.8783909420483494,False
2652,DAA | GPM | KDA | QSF | RAA,0.7345936978660584,0.512192095569785,0.8815837063902626,False
2653,BAA_Aggressive | BAA_Balanced | DM | EAA | GTAA,0.7345844858314418,0.3512630769993555,0.9244038559107052,False
2654,AAA | BAA_Aggressive | BAA_Balanced | FAA | RAA,0.7345303347966134,0.3512630769993555,0.9685534591194968,False
2655,BAA_Aggressive | FAA | GPM | KDA | QSF,0.7345124393172175,0.568024067826069,0.8795173961840629,False
2656,AAA | DAA | DM | KDA | QSF,0.7344930639058991,0.414185283893347,0.9345679012345679,False
2657,BAA_Aggressive | BAA_Balanced | GPM | LAA | QSF,0.7342316674368846,0.3512630769993555,0.9004281650931979,False
2658,DM | EAA | FAA | GPM | KDA,0.7342089005875756,0.5418138608965833,0.9345096613216025,False
2659,AAA | DAA | DM | PAA | QSF,0.7341976612225234,0.47314574773044266,0.9345679012345679,False
2660,BAA_Balanced | EAA | FAA | GTAA | QSF,0.7341933392922273,0.6100633829970151,0.8795173961840629,False
2661,ADM | EAA | FAA | GTAA | PAA,0.7341571336678089,0.4098810557547072,0.8783909420483494,False
2662,ADM | DAA | FAA | GPM | VAA,0.7341315525652526,0.5416010540018475,0.8980435716546827,False
2663,DAA | FAA | KDA | RAA | VAA,0.7340544894398121,0.512192095569785,0.9685534591194968,False
2664,AAA | ADM | FAA | GTAA | PAA,0.7337754277520577,0.5336021302606438,0.8783909420483494,False
2665,AAA | DM | EAA | FAA | GTAA,0.7336488933822913,0.5014424797616902,0.8787598307092223,False
2666,BAA_Aggressive | BAA_Balanced | DM | GTAA | KDA,0.7334703780510875,0.3512630769993555,0.9244038559107052,False
2667,DAA | DM | EAA | GPM | GTAA,0.7333762445301711,0.5291632268870916,0.9345096613216025,False
2668,AAA | BAA_Balanced | EAA | QSF | RAA,0.7333527361671315,0.5014424797616902,0.8655053038787336,False
2669,EAA | GTAA | LAA | PAA | VAA,0.733339993974013,0.4098810557547072,0.9455331473025538,False
2670,BAA_Aggressive | BAA_Balanced | DM | GTAA | PAA,0.7333293222911591,0.3512630769993555,0.9244038559107052,False
2671,AAA | ADM | DAA | DM | EAA,0.7333224640203426,0.5014424797616902,0.8979531271197937,False
2672,BAA_Balanced | EAA | KDA | LAA | VAA,0.7333041394407065,0.5477661727078487,0.9455331473025538,False
2673,AAA | DM | EAA | GTAA | VAA,0.733250252030757,0.5014424797616902,0.8787598307092223,False
2674,ADM | EAA | GPM | KDA | QSF,0.7332407308439379,0.5418138608965833,0.94245658087466,False
2675,ADM | BAA_Aggressive | EAA | GPM | VAA,0.7331158202633874,0.5418138608965833,0.8980435716546827,False
2676,AAA | BAA_Balanced | LAA | PAA | QSF,0.7330957376409628,0.5048597299877837,0.8915509180853448,False
2677,AAA | GPM | KDA | LAA | QSF,0.7329120451532992,0.414185283893347,0.9090193586767458,False
2678,AAA | ADM | DM | GTAA | KDA,0.7328721435271535,0.414185283893347,0.8707561728395063,False
2679,BAA_Balanced | EAA | FAA | GPM | LAA,0.7328394142285267,0.5226251714677641,0.9713964695689841,False
2680,DAA | DM | EAA | FAA | GPM,0.7328299802886896,0.5291632268870916,0.9345096613216025,False
2681,AAA | BAA_Balanced | GTAA | QSF | VAA,0.7327982402224209,0.6173868639610561,0.8533479637646305,False
2682,GPM | LAA | PAA | QSF | RAA,0.7327561673034451,0.4815852393398689,0.8560660018993352,False
2683,ADM | EAA | GPM | PAA | RAA,0.7327513940385882,0.4098810557547072,0.928538090936465,False
2684,BAA_Aggressive | DAA | KDA | RAA | VAA,0.7327355131003029,0.512192095569785,0.9174277016742772,False
2685,AAA | FAA | GTAA | KDA | RAA,0.7327352051382948,0.414185283893347,0.9685534591194968,False
2686,BAA_Aggressive | FAA | KDA | PAA | QSF,0.7326588511587594,0.5616983147823471,0.8795173961840629,False
2687,BAA_Aggressive | DAA | EAA | LAA | VAA,0.7325643389512028,0.5291632268870916,0.9455331473025538,False
2688,AAA | BAA_Balanced | FAA | LAA | PAA,0.7324172368380952,0.5048597299877837,0.9713964695689841,False
2689,AAA | GPM | KDA | LAA | RAA,0.7323594816715083,0.414185283893347,0.9090193586767458,False
2690,AAA | BAA_Aggressive | DM | KDA | VAA,0.7323430387404136,0.414185283893347,0.9244038559107052,False
2691,AAA | ADM | DM | GPM | KDA,0.7323225576218235,0.414185283893347,0.9345096613216025,False
2692,AAA | DM | GPM | PAA | QSF,0.7323070363108392,0.4815852393398689,0.9345679012345679,False
2693,BAA_Balanced | DAA | DM | FAA | VAA,0.7322567782674663,0.48759873106542545,0.9067380633645694,False
2694,ADM | DAA | EAA | PAA | RAA,0.7321528933332226,0.4098810557547072,0.928538090936465,False
2695,DAA | EAA | GTAA | RAA | VAA,0.7321257682927793,0.5291632268870916,0.9174277016742772,False
2696,BAA_Balanced | FAA | KDA | QSF | VAA,0.7321058524758763,0.6197903396071828,0.8795173961840629,False
2697,BAA_Aggressive | EAA | LAA | PAA | RAA,0.7320873158108157,0.4098810557547072,0.9004281650931979,False
2698,ADM | BAA_Aggressive | EAA | KDA | VAA,0.7320867729046041,0.5477661727078487,0.8809924643257977,False
2699,BAA_Balanced | DAA | DM | GPM | GTAA,0.7320503456345498,0.48759873106542545,0.9345096613216025,False
2700,BAA_Aggressive | EAA | GTAA | LAA | PAA,0.7320342143766555,0.4098810557547072,0.9004281650931979,False
2701,BAA_Balanced | DM | EAA | GPM | VAA,0.7320088020401178,0.5226251714677641,0.9345096613216025,False
2702,AAA | BAA_Aggressive | BAA_Balanced | DM | GTAA,0.7319885851507024,0.3512630769993555,0.9244038559107052,False
2703,BAA_Balanced | FAA | GPM | KDA | RAA,0.7319468292886366,0.5226251714677641,0.9685534591194968,False
2704,DAA | DM | FAA | PAA | VAA,0.7318550272204394,0.47314574773044266,0.91337823237752,False
2705,AAA | BAA_Balanced | FAA | QSF | VAA,0.7318367344870682,0.6173868639610561,0.8795173961840629,False
2706,EAA | FAA | GTAA | PAA | RAA,0.7318352749793624,0.4098810557547072,0.9685534591194968,False
2707,DAA | FAA | GPM | KDA | LAA,0.7317954534092832,0.512192095569785,0.9713964695689841,False
2708,ADM | EAA | FAA | PAA | VAA,0.7317703555100984,0.4098810557547072,0.8783909420483494,False
2709,ADM | BAA_Balanced | EAA | FAA | GPM,0.7316224184476844,0.5226251714677641,0.8980435716546827,False
2710,DAA | GTAA | KDA | RAA | VAA,0.7316043167766283,0.512192095569785,0.9174277016742772,False
2711,AAA | ADM | GTAA | PAA | VAA,0.7315851621075147,0.5336021302606438,0.8783909420483494,False
2712,AAA | ADM | EAA | PAA | RAA,0.7314933689448397,0.4098810557547072,0.928538090936465,False
2713,BAA_Balanced | FAA | GPM | QSF | VAA,0.7314707283044928,0.5226251714677641,0.8795173961840629,False
2714,ADM | DAA | EAA | KDA | QSF,0.7314509526050654,0.512192095569785,0.94245658087466,False
2715,BAA_Aggressive | DAA | FAA | QSF | VAA,0.7314147808733253,0.5416010540018475,0.8795173961840629,False
2716,BAA_Aggressive | DM | GPM | KDA | PAA,0.7313895756108832,0.4815852393398689,0.9345096613216025,False
2717,BAA_Aggressive | DAA | GTAA | KDA | QSF,0.7313852713897703,0.512192095569785,0.8533479637646305,False
2718,AAA | DM | EAA | FAA | VAA,0.7313472029588722,0.5014424797616902,0.8787598307092223,False
2719,BAA_Aggressive | BAA_Balanced | FAA | GPM | LAA,0.7313189633013514,0.3512630769993555,0.9713964695689841,False
2720,ADM | BAA_Aggressive | BAA_Balanced | FAA | KDA,0.7313083141027054,0.3512630769993555,0.8809924643257977,False
2721,BAA_Aggressive | DAA | DM | GPM | KDA,0.7312674214632191,0.512192095569785,0.9345096613216025,False
2722,BAA_Aggressive | BAA_Balanced | DAA | LAA | RAA,0.73122646244427,0.3512630769993555,0.9004281650931979,False
2723,BAA_Aggressive | EAA | LAA | PAA | VAA,0.731141385919868,0.4098810557547072,0.9455331473025538,False
2724,EAA | FAA | GPM | KDA | LAA,0.7311413317022635,0.5418138608965833,0.9713964695689841,False
2725,AAA | BAA_Balanced | KDA | LAA | VAA,0.7311136353384284,0.414185283893347,0.9455331473025538,False
2726,BAA_Aggressive | DAA | FAA | GPM | QSF,0.7310230577648691,0.5711544972082562,0.8795173961840629,False
2727,AAA | GTAA | KDA | RAA | VAA,0.7310022435768908,0.414185283893347,0.9174277016742772,False
2728,AAA | BAA_Aggressive | FAA | GPM | QSF,0.730998201273888,0.572727551709692,0.8795173961840629,False
2729,AAA | BAA_Balanced | DM | GPM | GTAA,0.7309834039412212,0.5226251714677641,0.9345096613216025,False
2730,ADM | GTAA | KDA | PAA | VAA,0.7308603647694227,0.5616983147823471,0.8783909420483494,False
2731,BAA_Aggressive | EAA | FAA | QSF | VAA,0.7308291516221034,0.6616909988587124,0.8795173961840629,False
2732,AAA | FAA | GPM | GTAA | QSF,0.7307902575368124,0.572727551709692,0.8795173961840629,False
2733,AAA | DAA | DM | GTAA | VAA,0.730783395834564,0.5416010540018475,0.8979531271197937,False
2734,AAA | ADM | DM | KDA | VAA,0.7307681195381336,0.414185283893347,0.8438429436534814,False
2735,BAA_Aggressive | DAA | GPM | GTAA | QSF,0.7307513862527697,0.5711544972082562,0.8533479637646305,False
2736,AAA | DAA | FAA | GPM | LAA,0.7307422131509259,0.543667640607394,0.9713964695689841,False
2737,BAA_Balanced | DAA | FAA | KDA | LAA,0.7306973456367062,0.48759873106542545,0.9713964695689841,False
2738,DAA | EAA | FAA | RAA | VAA,0.730679777293319,0.5291632268870916,0.9685534591194968,False
2739,BAA_Balanced | GPM | GTAA | QSF | VAA,0.7306332913405359,0.5226251714677641,0.8533479637646305,False
2740,FAA | GPM | KDA | LAA | PAA,0.730553428098861,0.4815852393398689,0.9713964695689841,False
2741,BAA_Aggressive | BAA_Balanced | DAA | FAA | LAA,0.7305302995119366,0.3512630769993555,0.9713964695689841,False
2742,EAA | GTAA | LAA | PAA | RAA,0.7305065816669046,0.4098810557547072,0.8961763830349048,False
2743,AAA | BAA_Aggressive | DAA | DM | GPM,0.7304833754053333,0.543667640607394,0.9345096613216025,False
2744,BAA_Balanced | DM | GPM | GTAA | KDA,0.7304591420521127,0.5226251714677641,0.9345096613216025,False
2745,BAA_Aggressive | EAA | GPM | QSF | RAA,0.7304246854350329,0.5418138608965833,0.8446408529741863,False
2746,BAA_Aggressive | BAA_Balanced | DAA | DM | GTAA,0.7304063189406902,0.3512630769993555,0.9244038559107052,False
2747,BAA_Aggressive | DAA | DM | KDA | PAA,0.7303793176908678,0.47314574773044266,0.9244038559107052,False
2748,BAA_Balanced | DM | GPM | KDA | VAA,0.7303743359428052,0.5226251714677641,0.9345096613216025,False
2749,BAA_Balanced | DAA | DM | FAA | GPM,0.7302712759972807,0.48759873106542545,0.9345096613216025,False
2750,ADM | EAA | FAA | GTAA | KDA,0.7301944803395513,0.5477661727078487,0.8639251997095134,False
2751,AAA | BAA_Balanced | DM | GPM | VAA,0.7301582038240426,0.5226251714677641,0.9345096613216025,False
2752,ADM | BAA_Balanced | FAA | GPM | KDA,0.729958324930645,0.5226251714677641,0.8980435716546827,False
2753,BAA_Aggressive | BAA_Balanced | LAA | PAA | QSF,0.7298543416681439,0.3512630769993555,0.9004281650931979,False
2754,BAA_Aggressive | BAA_Balanced | DM | GPM | GTAA,0.7298041440404388,0.3512630769993555,0.9345096613216025,False
2755,DAA | EAA | KDA | LAA | RAA,0.7297808804341036,0.512192095569785,0.9090193586767458,False
2756,BAA_Aggressive | EAA | GTAA | QSF | VAA,0.7297256258974746,0.6616909988587124,0.8533479637646305,False
2757,ADM | BAA_Aggressive | BAA_Balanced | FAA | PAA,0.7296553973004466,0.3512630769993555,0.8809924643257977,False
2758,FAA | GPM | GTAA | KDA | QSF,0.7296082855647743,0.568024067826069,0.8795173961840629,False
2759,DAA | EAA | KDA | LAA | QSF,0.7293003217836926,0.512192095569785,0.9090193586767458,False
2760,ADM | BAA_Balanced | DAA | PAA | QSF,0.7291684052587691,0.47314574773044266,0.94245658087466,False
2761,AAA | BAA_Balanced | DM | EAA | FAA,0.7291661869023723,0.5014424797616902,0.9067380633645694,False
2762,AAA | BAA_Balanced | EAA | LAA | VAA,0.7291046881287033,0.5014424797616902,0.9455331473025538,False
2763,ADM | DAA | GPM | PAA | QSF,0.7291032549106704,0.47314574773044266,0.94245658087466,False
2764,AAA | DAA | DM | GPM | GTAA,0.7290346167553998,0.543667640607394,0.9345096613216025,False
2765,AAA | ADM | GPM | KDA | QSF,0.7290312690291156,0.414185283893347,0.94245658087466,False
2766,BAA_Aggressive | BAA_Balanced | DM | KDA | VAA,0.7289433110451896,0.3512630769993555,0.9244038559107052,False
2767,AAA | BAA_Balanced | DAA | FAA | LAA,0.7289334094253739,0.48759873106542545,0.9713964695689841,False
2768,ADM | EAA | FAA | KDA | VAA,0.7288319709631277,0.5477661727078487,0.8639251997095134,False
2769,AAA | BAA_Balanced | LAA | PAA | RAA,0.7287947708001726,0.5048597299877837,0.8915509180853448,False
2770,GPM | PAA | QSF | RAA | VAA,0.7287854452143518,0.4815852393398689,0.9174277016742772,False
2771,AAA | DAA | KDA | QSF | RAA,0.7286303344417516,0.414185283893347,0.8815837063902626,False
2772,AAA | BAA_Balanced | DM | FAA | PAA,0.7285390354074371,0.5048597299877837,0.91337823237752,False
2773,ADM | BAA_Aggressive | BAA_Balanced | EAA | FAA,0.7285025324605932,0.3512630769993555,0.8809924643257977,False
2774,DAA | DM | FAA | GPM | KDA,0.7284723522190805,0.512192095569785,0.9345096613216025,False
2775,ADM | BAA_Balanced | GPM | PAA | QSF,0.7284565160722407,0.4815852393398689,0.94245658087466,False
2776,DAA | FAA | PAA | RAA | VAA,0.7284067512372967,0.47314574773044266,0.9685534591194968,False
2777,BAA_Balanced | KDA | LAA | PAA | VAA,0.7283973101725483,0.5048597299877837,0.9455331473025538,False
2778,AAA | ADM | DAA | EAA | QSF,0.7283953594446504,0.5014424797616902,0.94245658087466,False
2779,BAA_Balanced | DM | EAA | PAA | QSF,0.7283712186531982,0.4098810557547072,0.9345679012345679,False
2780,BAA_Aggressive | EAA | GPM | GTAA | RAA,0.7283681768535201,0.5418138608965833,0.8771150588205546,False
2781,ADM | BAA_Aggressive | EAA | PAA | VAA,0.7282636296699178,0.4098810557547072,0.8809924643257977,False
2782,AAA | BAA_Balanced | GPM | GTAA | LAA,0.7281560742573933,0.5226251714677641,0.8961763830349048,False
2783,AAA | DM | FAA | GPM | PAA,0.7281266896914204,0.4815852393398689,0.9345096613216025,False
2784,BAA_Balanced | EAA | GPM | LAA | QSF,0.7278973385675893,0.5226251714677641,0.884015491074939,False
2785,DAA | DM | FAA | GPM | PAA,0.7278826189734457,0.47314574773044266,0.9345096613216025,False
2786,ADM | BAA_Balanced | DAA | GTAA | VAA,0.7278754784142755,0.48759873106542545,0.8556662095013574,False
2787,BAA_Balanced | DAA | GPM | QSF | RAA,0.7278691129455288,0.48759873106542545,0.8446408529741863,False
2788,BAA_Aggressive | BAA_Balanced | EAA | LAA | RAA,0.7278557232844298,0.3512630769993555,0.9004281650931979,False
2789,BAA_Aggressive | BAA_Balanced | DM | PAA | VAA,0.7277779865039742,0.3512630769993555,0.9244038559107052,False
2790,BAA_Aggressive | BAA_Balanced | DAA | DM | FAA,0.7276605326683053,0.3512630769993555,0.9244038559107052,False
2791,AAA | BAA_Balanced | FAA | GPM | RAA,0.727644690769893,0.5226251714677641,0.9685534591194968,False
2792,ADM | BAA_Aggressive | DAA | GPM | VAA,0.7276402902182089,0.5416010540018475,0.8980435716546827,False
2793,ADM | GPM | KDA | PAA | QSF,0.7275442987543254,0.4815852393398689,0.94245658087466,False
2794,AAA | ADM | EAA | GPM | QSF,0.7275079315681244,0.5014424797616902,0.94245658087466,False
2795,DAA | DM | EAA | FAA | VAA,0.7273855403102533,0.5291632268870916,0.8979531271197937,False
2796,ADM | BAA_Balanced | EAA | FAA | KDA,0.7272652298982466,0.5477661727078487,0.8639251997095134,False
2797,BAA_Aggressive | DM | EAA | GPM | KDA,0.7272227598073168,0.5418138608965833,0.9345096613216025,False
2798,DAA | GTAA | PAA | RAA | VAA,0.7271060716563464,0.47314574773044266,0.9174277016742772,False
2799,BAA_Balanced | GTAA | KDA | QSF | VAA,0.7269825555056519,0.6193150680482424,0.8533479637646305,False
2800,BAA_Aggressive | EAA | FAA | KDA | QSF,0.7269055868850349,0.5477661727078487,0.8795173961840629,False
2801,BAA_Balanced | DM | EAA | GTAA | KDA,0.7268898285420418,0.5477661727078487,0.9067380633645694,False
2802,BAA_Balanced | DM | EAA | KDA | VAA,0.7267712619600526,0.5477661727078487,0.9067380633645694,False
2803,BAA_Aggressive | DAA | DM | EAA | GPM,0.7267443067554753,0.5291632268870916,0.9345096613216025,False
2804,AAA | BAA_Aggressive | BAA_Balanced | DM | VAA,0.7267211241369333,0.3512630769993555,0.9244038559107052,False
2805,ADM | EAA | GTAA | PAA | VAA,0.7265691061460109,0.4098810557547072,0.8783909420483494,False
2806,AAA | DAA | EAA | LAA | QSF,0.7265440819944771,0.5014424797616902,0.8915509180853448,False
2807,BAA_Balanced | GPM | GTAA | KDA | LAA,0.7265124138785473,0.5226251714677641,0.9090193586767458,False
2808,BAA_Balanced | DM | EAA | FAA | PAA,0.7265066571314844,0.4098810557547072,0.91337823237752,False
2809,AAA | DAA | GPM | GTAA | LAA,0.7263977022915558,0.543667640607394,0.8961763830349048,False
2810,BAA_Balanced | FAA | KDA | PAA | RAA,0.7263394994127534,0.5048597299877837,0.9685534591194968,False
2811,AAA | BAA_Aggressive | DAA | DM | PAA,0.7263153047924493,0.47314574773044266,0.9244038559107052,False
2812,BAA_Balanced | DAA | DM | EAA | GTAA,0.7263076946041844,0.48759873106542545,0.9067380633645694,False
2813,AAA | DAA | DM | FAA | GPM,0.7262997134709855,0.543667640607394,0.9345096613216025,False
2814,AAA | ADM | BAA_Aggressive | EAA | VAA,0.7262926093848828,0.5014424797616902,0.8809924643257977,False
2815,DAA | PAA | QSF | RAA | VAA,0.7262308456800014,0.47314574773044266,0.9174277016742772,False
2816,BAA_Aggressive | BAA_Balanced | DAA | GTAA | LAA,0.7261966716405369,0.3512630769993555,0.9004281650931979,False
2817,ADM | BAA_Aggressive | DAA | PAA | VAA,0.7261805051911454,0.47314574773044266,0.8809924643257977,False
2818,ADM | DAA | KDA | PAA | QSF,0.7261756347554593,0.47314574773044266,0.94245658087466,False
2819,AAA | BAA_Balanced | EAA | FAA | RAA,0.7261270585146209,0.5014424797616902,0.9685534591194968,False
2820,BAA_Aggressive | BAA_Balanced | DM | EAA | VAA,0.7261079019833507,0.3512630769993555,0.9244038559107052,False
2821,BAA_Balanced | DAA | EAA | QSF | RAA,0.7260212636359533,0.48759873106542545,0.8446408529741863,False
2822,AAA | BAA_Balanced | LAA | PAA | VAA,0.7260206097029906,0.5048597299877837,0.9455331473025538,False
2823,BAA_Aggressive | BAA_Balanced | EAA | FAA | RAA,0.7259666175678061,0.3512630769993555,0.9685534591194968,False
2824,AAA | BAA_Aggressive | FAA | KDA | QSF,0.7259599597993686,0.414185283893347,0.8795173961840629,False
2825,ADM | EAA | PAA | QSF | VAA,0.7259278331905985,0.4098810557547072,0.94245658087466,False
2826,AAA | FAA | GPM | KDA | LAA,0.7259120867076374,0.414185283893347,0.9713964695689841,False
2827,EAA | GPM | KDA | LAA | RAA,0.7258842549515137,0.5418138608965833,0.9090193586767458,False
2828,AAA | BAA_Aggressive | FAA | PAA | QSF,0.7258646462748971,0.5336021302606438,0.8795173961840629,False
2829,BAA_Aggressive | EAA | LAA | PAA | QSF,0.7257984844390858,0.4098810557547072,0.9004281650931979,False
2830,BAA_Aggressive | DAA | DM | EAA | KDA,0.7257913876472946,0.512192095569785,0.9244038559107052,False
2831,DAA | DM | GPM | GTAA | PAA,0.7256822126345168,0.47314574773044266,0.9345096613216025,False
2832,AAA | ADM | DAA | KDA | QSF,0.7256005630809623,0.414185283893347,0.94245658087466,False
2833,AAA | BAA_Balanced | DAA | GTAA | LAA,0.7254320076181682,0.48759873106542545,0.8961763830349048,False
2834,EAA | GTAA | LAA | PAA | QSF,0.7252196846289307,0.4098810557547072,0.8961763830349048,False
2835,AAA | ADM | BAA_Balanced | FAA | GPM,0.7252178292327149,0.5226251714677641,0.8980435716546827,False
2836,BAA_Balanced | EAA | GTAA | KDA | LAA,0.725204721750451,0.5477661727078487,0.9090193586767458,False
2837,AAA | ADM | DAA | FAA | GTAA,0.7251931175708715,0.543667640607394,0.8639251997095134,False
2838,AAA | BAA_Balanced | FAA | KDA | RAA,0.7251823536127311,0.414185283893347,0.9685534591194968,False
2839,ADM | DAA | GTAA | PAA | VAA,0.7251375981336201,0.47314574773044266,0.8783909420483494,False
2840,DAA | DM | GPM | GTAA | KDA,0.7251224527979179,0.512192095569785,0.9345096613216025,False
2841,BAA_Aggressive | FAA | GTAA | PAA | VAA,0.7249696645212206,0.6808625540157344,0.7760632796845709,False
2842,AAA | ADM | DAA | PAA | QSF,0.7249427924374899,0.47314574773044266,0.94245658087466,False
2843,AAA | DAA | EAA | LAA | RAA,0.7249413813329556,0.5014424797616902,0.8915509180853448,False
2844,DAA | DM | GTAA | KDA | VAA,0.7249214706590789,0.512192095569785,0.8979531271197937,False
2845,BAA_Balanced | DAA | DM | EAA | FAA,0.7249183213105386,0.48759873106542545,0.9067380633645694,False
2846,BAA_Aggressive | GPM | GTAA | PAA | RAA,0.7248680034922805,0.4815852393398689,0.8771150588205546,False
2847,ADM | FAA | GPM | KDA | PAA,0.7248491105003945,0.4815852393398689,0.8980435716546827,False
2848,EAA | GTAA | PAA | RAA | VAA,0.7248297758416504,0.4098810557547072,0.9174277016742772,False
2849,BAA_Balanced | DAA | FAA | GPM | LAA,0.7248044784561939,0.48759873106542545,0.9713964695689841,False
2850,BAA_Aggressive | BAA_Balanced | EAA | QSF | RAA,0.7247615106387861,0.3512630769993555,0.8446408529741863,False
2851,AAA | BAA_Aggressive | DM | GPM | PAA,0.7246483565970664,0.4815852393398689,0.9345096613216025,False
2852,AAA | ADM | BAA_Aggressive | BAA_Balanced | FAA,0.7245617636152817,0.3512630769993555,0.8809924643257977,False
2853,AAA | DAA | FAA | GTAA | QSF,0.7245132158303239,0.543667640607394,0.8795173961840629,False
2854,BAA_Balanced | DM | KDA | PAA | VAA,0.7244999371031676,0.5048597299877837,0.91337823237752,False
2855,ADM | BAA_Balanced | FAA | KDA | PAA,0.7244766853605917,0.5048597299877837,0.8783909420483494,False
2856,BAA_Balanced | DAA | EAA | LAA | RAA,0.7244733512533806,0.48759873106542545,0.884015491074939,False
2857,AAA | DM | EAA | FAA | GPM,0.724256338041104,0.5014424797616902,0.9345096613216025,False
2858,AAA | ADM | DM | EAA | PAA,0.724202679652901,0.4098810557547072,0.91337823237752,False
2859,AAA | ADM | BAA_Aggressive | GTAA | KDA,0.7241319630329919,0.414185283893347,0.8809924643257977,False
2860,BAA_Aggressive | BAA_Balanced | EAA | GTAA | LAA,0.7239841684557737,0.3512630769993555,0.9004281650931979,False
2861,EAA | FAA | GPM | KDA | RAA,0.7239238516233227,0.5418138608965833,0.9685534591194968,False
2862,BAA_Aggressive | DAA | DM | GPM | PAA,0.7239161604359272,0.47314574773044266,0.9345096613216025,False
2863,ADM | DAA | FAA | GTAA | KDA,0.7238555559745539,0.512192095569785,0.8639251997095134,False
2864,ADM | DAA | EAA | GTAA | VAA,0.7237534240041188,0.5291632268870916,0.8556662095013574,False
2865,AAA | ADM | EAA | FAA | GTAA,0.723752118137492,0.5014424797616902,0.8639251997095134,False
2866,DM | EAA | FAA | GPM | PAA,0.7237352904305608,0.4098810557547072,0.9345096613216025,False
2867,BAA_Aggressive | BAA_Balanced | EAA | LAA | VAA,0.7237255688799273,0.3512630769993555,0.9455331473025538,False
2868,AAA | ADM | DM | KDA | PAA,0.7236990343175049,0.414185283893347,0.91337823237752,False
2869,BAA_Aggressive | EAA | GPM | RAA | VAA,0.7236794486671153,0.5418138608965833,0.9174277016742772,False
2870,AAA | ADM | GPM | PAA | QSF,0.7236342503209573,0.4815852393398689,0.94245658087466,False
2871,BAA_Balanced | EAA | FAA | QSF | VAA,0.7235634981851875,0.6100633829970151,0.8795173961840629,False
2872,AAA | FAA | GPM | LAA | PAA,0.7235430148845726,0.4815852393398689,0.9713964695689841,False
2873,BAA_Balanced | DM | GPM | GTAA | PAA,0.7234304757107058,0.4815852393398689,0.9345096613216025,False
2874,EAA | FAA | GPM | GTAA | QSF,0.723367123084347,0.5418138608965833,0.8795173961840629,False
2875,BAA_Aggressive | BAA_Balanced | KDA | RAA | VAA,0.7233405838284956,0.3512630769993555,0.9174277016742772,False
2876,AAA | KDA | LAA | PAA | RAA,0.7232363850320617,0.414185283893347,0.9090193586767458,False
2877,BAA_Balanced | FAA | GTAA | PAA | QSF,0.7231671384814725,0.5048597299877837,0.8795173961840629,False
2878,ADM | EAA | FAA | GPM | KDA,0.7231401518927978,0.5418138608965833,0.8980435716546827,False
2879,DAA | KDA | LAA | PAA | RAA,0.7231180096820665,0.47314574773044266,0.9090193586767458,False
2880,BAA_Aggressive | GPM | PAA | RAA | VAA,0.7231045233667822,0.4815852393398689,0.9174277016742772,False
2881,BAA_Aggressive | DM | EAA | KDA | PAA,0.7229422504685592,0.4098810557547072,0.9244038559107052,False
2882,AAA | BAA_Aggressive | DAA | GPM | LAA,0.7229068708401987,0.543667640607394,0.9004281650931979,False
2883,DAA | EAA | GPM | LAA | QSF,0.7229024912271013,0.5291632268870916,0.8771347070300006,False
2884,ADM | BAA_Aggressive | BAA_Balanced | FAA | GPM,0.7228459721919177,0.3512630769993555,0.8980435716546827,False
2885,BAA_Aggressive | BAA_Balanced | LAA | PAA | VAA,0.7227601489892777,0.3512630769993555,0.9455331473025538,False
2886,BAA_Balanced | KDA | PAA | QSF | RAA,0.722760068215935,0.5048597299877837,0.8815837063902626,False
2887,AAA | BAA_Aggressive | DAA | KDA | LAA,0.7227562687380521,0.414185283893347,0.9090193586767458,False
2888,BAA_Aggressive | BAA_Balanced | GTAA | QSF | VAA,0.7227482072517917,0.3512630769993555,0.8533479637646305,False
2889,BAA_Aggressive | BAA_Balanced | FAA | QSF | VAA,0.7226189275806327,0.3512630769993555,0.8795173961840629,False
2890,BAA_Aggressive | DAA | GPM | KDA | LAA,0.7225715184083468,0.512192095569785,0.9090193586767458,False
2891,AAA | BAA_Aggressive | GPM | GTAA | QSF,0.7224823423139423,0.572727551709692,0.8533479637646305,False
2892,ADM | EAA | GTAA | KDA | VAA,0.7224812285168065,0.5477661727078487,0.8471589623827948,False
2893,AAA | BAA_Aggressive | BAA_Balanced | RAA | VAA,0.7223767992179643,0.3512630769993555,0.9174277016742772,False
2894,BAA_Balanced | EAA | GTAA | QSF | VAA,0.7223363648776073,0.6100633829970151,0.8533479637646305,False
2895,BAA_Balanced | DM | GPM | PAA | VAA,0.7223214008201115,0.4815852393398689,0.9345096613216025,False
2896,AAA | BAA_Balanced | DM | EAA | GTAA,0.722311372748172,0.5014424797616902,0.9067380633645694,False
2897,AAA | EAA | FAA | GPM | LAA,0.7223081676455295,0.5014424797616902,0.9713964695689841,False
2898,BAA_Aggressive | GPM | PAA | QSF | RAA,0.7222657919569948,0.4815852393398689,0.8446408529741863,False
2899,AAA | ADM | BAA_Aggressive | DAA | VAA,0.7221055317931073,0.5416010540018475,0.8809924643257977,False
2900,AAA | GPM | KDA | QSF | RAA,0.7220750561027135,0.414185283893347,0.8815837063902626,False
2901,BAA_Balanced | DAA | GPM | LAA | RAA,0.7220522992789196,0.48759873106542545,0.884015491074939,False
2902,DAA | EAA | KDA | QSF | RAA,0.721976237891736,0.512192095569785,0.8815837063902626,False
2903,BAA_Aggressive | DAA | GPM | RAA | VAA,0.7219117224490234,0.5416010540018475,0.9174277016742772,False
2904,EAA | GPM | KDA | LAA | QSF,0.7218557257699241,0.5418138608965833,0.9090193586767458,False
2905,AAA | BAA_Aggressive | KDA | LAA | PAA,0.7218026231510921,0.414185283893347,0.9090193586767458,False
2906,AAA | BAA_Balanced | EAA | GTAA | LAA,0.7217456644463188,0.5014424797616902,0.8961763830349048,False
2907,DAA | KDA | LAA | PAA | QSF,0.7217281417230875,0.47314574773044266,0.9090193586767458,False
2908,BAA_Balanced | DAA | EAA | FAA | LAA,0.7217131451514264,0.48759873106542545,0.9713964695689841,False
2909,BAA_Balanced | DM | GTAA | KDA | PAA,0.7216932556242506,0.5048597299877837,0.91337823237752,False
2910,AAA | ADM | EAA | FAA | VAA,0.7216492147531974,0.5014424797616902,0.8639251997095134,False
2911,BAA_Balanced | EAA | FAA | GPM | RAA,0.7215447939107438,0.5226251714677641,0.9685534591194968,False
2912,AAA | BAA_Balanced | DM | EAA | VAA,0.7214524121583117,0.5014424797616902,0.9067380633645694,False
2913,ADM | BAA_Balanced | FAA | GPM | PAA,0.7214177975469078,0.4815852393398689,0.8980435716546827,False
2914,AAA | ADM | EAA | GTAA | VAA,0.721383275012453,0.5014424797616902,0.8471589623827948,False
2915,DAA | GPM | GTAA | KDA | LAA,0.7213661398443361,0.512192095569785,0.9090193586767458,False
2916,BAA_Aggressive | BAA_Balanced | DM | GPM | VAA,0.7213613206650293,0.3512630769993555,0.9345096613216025,False
2917,BAA_Aggressive | DAA | KDA | LAA | PAA,0.7213095316066969,0.47314574773044266,0.9090193586767458,False
2918,BAA_Balanced | EAA | GPM | LAA | VAA,0.7212899045519764,0.5226251714677641,0.9455331473025538,False
2919,BAA_Aggressive | DAA | EAA | FAA | QSF,0.721242867812392,0.5291632268870916,0.8795173961840629,False
2920,DAA | EAA | FAA | GPM | LAA,0.7211629278920716,0.5291632268870916,0.9713964695689841,False
2921,AAA | BAA_Aggressive | DM | KDA | PAA,0.7211535272342197,0.414185283893347,0.9244038559107052,False
2922,BAA_Balanced | DAA | GTAA | KDA | LAA,0.7211111411239235,0.48759873106542545,0.9090193586767458,False
2923,BAA_Balanced | EAA | KDA | RAA | VAA,0.7210860578851574,0.5477661727078487,0.9174277016742772,False
2924,AAA | EAA | KDA | LAA | RAA,0.7210815428185386,0.414185283893347,0.9090193586767458,False
2925,AAA | BAA_Balanced | DM | PAA | VAA,0.7210038381438724,0.5048597299877837,0.91337823237752,False
2926,DAA | FAA | GPM | KDA | RAA,0.7208265021527136,0.512192095569785,0.9685534591194968,False
2927,ADM | BAA_Balanced | EAA | GPM | GTAA,0.7207996727815453,0.5226251714677641,0.8980435716546827,False
2928,AAA | DAA | LAA | PAA | QSF,0.7207946527763176,0.47314574773044266,0.8915509180853448,False
2929,BAA_Aggressive | BAA_Balanced | FAA | PAA | RAA,0.7207156116417255,0.3512630769993555,0.9685534591194968,False
2930,ADM | DAA | EAA | FAA | GPM,0.7206689009048884,0.5291632268870916,0.8980435716546827,False
2931,DAA | FAA | GTAA | KDA | QSF,0.7206540377428873,0.512192095569785,0.8795173961840629,False
2932,BAA_Aggressive | DAA | EAA | GTAA | QSF,0.7205814999566694,0.5291632268870916,0.8533479637646305,False
2933,BAA_Aggressive | BAA_Balanced | GTAA | KDA | RAA,0.7205540787035415,0.3512630769993555,0.8815837063902626,False
2934,BAA_Aggressive | EAA | GTAA | PAA | RAA,0.7204988083659961,0.4098810557547072,0.8771150588205546,False
2935,BAA_Aggressive | DAA | EAA | RAA | VAA,0.720480058176457,0.5291632268870916,0.9174277016742772,False
2936,DM | EAA | GPM | GTAA | KDA,0.7204261746756341,0.5418138608965833,0.9345096613216025,False
2937,BAA_Aggressive | BAA_Balanced | FAA | KDA | QSF,0.7203867062277579,0.3512630769993555,0.8795173961840629,False
2938,BAA_Balanced | FAA | GPM | LAA | PAA,0.7203379311167514,0.4815852393398689,0.9713964695689841,False
2939,AAA | BAA_Aggressive | BAA_Balanced | GTAA | RAA,0.7203306881008813,0.3512630769993555,0.8771150588205546,False
2940,BAA_Aggressive | DAA | PAA | RAA | VAA,0.7203262471161305,0.47314574773044266,0.9174277016742772,False
2941,BAA_Aggressive | BAA_Balanced | LAA | PAA | RAA,0.7202156445246429,0.3512630769993555,0.9004281650931979,False
2942,ADM | BAA_Aggressive | DAA | KDA | VAA,0.7201197715144517,0.512192095569785,0.8809924643257977,False
2943,AAA | DAA | LAA | PAA | RAA,0.7201012614233641,0.47314574773044266,0.8915509180853448,False
2944,BAA_Aggressive | BAA_Balanced | GTAA | LAA | PAA,0.7200935005042178,0.3512630769993555,0.9004281650931979,False
2945,BAA_Aggressive | FAA | GPM | GTAA | VAA,0.7200141928780034,0.6119069769138721,0.7760632796845709,False
2946,BAA_Aggressive | DAA | FAA | PAA | QSF,0.7200011699630017,0.47314574773044266,0.8795173961840629,False
2947,AAA | GPM | GTAA | QSF | VAA,0.7199622194781173,0.572727551709692,0.8533479637646305,False
2948,ADM | BAA_Aggressive | DAA | EAA | VAA,0.7199304454855378,0.5291632268870916,0.8809924643257977,False
2949,AAA | DAA | FAA | GPM | RAA,0.7199122657023436,0.543667640607394,0.9685534591194968,False
2950,BAA_Aggressive | GPM | GTAA | KDA | QSF,0.7199117776516951,0.568024067826069,0.8533479637646305,False
2951,ADM | DAA | FAA | PAA | VAA,0.7199060210069286,0.47314574773044266,0.8783909420483494,False
2952,AAA | BAA_Aggressive | DAA | DM | EAA,0.7199046239064307,0.5014424797616902,0.9244038559107052,False
2953,AAA | FAA | GPM | QSF | VAA,0.7198438227949291,0.572727551709692,0.8795173961840629,False
2954,AAA | BAA_Balanced | GTAA | KDA | LAA,0.7198050948138508,0.414185283893347,0.9090193586767458,False
2955,DM | GPM | GTAA | KDA | PAA,0.7197271049030946,0.4815852393398689,0.9345096613216025,False
2956,AAA | BAA_Balanced | DAA | DM | GTAA,0.7196070458445065,0.48759873106542545,0.9067380633645694,False
2957,BAA_Balanced | DAA | GPM | GTAA | LAA,0.7195041339496786,0.48759873106542545,0.8961763830349048,False
2958,AAA | ADM | BAA_Aggressive | KDA | VAA,0.7194533289586932,0.414185283893347,0.8809924643257977,False
2959,FAA | GPM | KDA | QSF | VAA,0.7194022448307622,0.568024067826069,0.8795173961840629,False
2960,AAA | DAA | EAA | QSF | RAA,0.7193590019105075,0.5014424797616902,0.8655053038787336,False
2961,BAA_Aggressive | DAA | EAA | KDA | LAA,0.719357105974397,0.512192095569785,0.9090193586767458,False
2962,FAA | GPM | KDA | PAA | RAA,0.7192289394649852,0.4815852393398689,0.9685534591194968,False
2963,ADM | DAA | EAA | GPM | GTAA,0.7190461763337409,0.5291632268870916,0.8980435716546827,False
2964,DM | GPM | KDA | PAA | VAA,0.719008069912846,0.4815852393398689,0.9345096613216025,False
2965,AAA | BAA_Balanced | GPM | RAA | VAA,0.7189666994527186,0.5226251714677641,0.9174277016742772,False
2966,AAA | BAA_Balanced | DM | GTAA | PAA,0.7189375506728262,0.5048597299877837,0.91337823237752,False
2967,BAA_Balanced | DAA | DM | FAA | KDA,0.7189123682089977,0.48759873106542545,0.9067380633645694,False
2968,AAA | DM | KDA | PAA | QSF,0.7189111816439692,0.414185283893347,0.9345679012345679,False
2969,GPM | KDA | LAA | PAA | RAA,0.71880026995947,0.4815852393398689,0.9090193586767458,False
2970,AAA | BAA_Balanced | FAA | PAA | RAA,0.7187573940534773,0.5048597299877837,0.9685534591194968,False
2971,DAA | EAA | FAA | GTAA | QSF,0.7187310090871393,0.5291632268870916,0.8795173961840629,False
2972,BAA_Aggressive | EAA | PAA | RAA | VAA,0.718701567767816,0.4098810557547072,0.9174277016742772,False
2973,DAA | DM | FAA | KDA | VAA,0.718670397801992,0.512192095569785,0.8979531271197937,False
2974,ADM | BAA_Balanced | DAA | FAA | VAA,0.7186644253113859,0.48759873106542545,0.8639251997095134,False
2975,AAA | BAA_Aggressive | DM | EAA | GPM,0.7186587899510543,0.5014424797616902,0.9345096613216025,False
2976,ADM | BAA_Aggressive | BAA_Balanced | EAA | GTAA,0.7186465034295698,0.3512630769993555,0.8809924643257977,False
2977,AAA | BAA_Balanced | PAA | QSF | RAA,0.7185776810087787,0.5048597299877837,0.8655053038787336,False
2978,BAA_Balanced | EAA | GPM | LAA | RAA,0.7184961725853963,0.5226251714677641,0.884015491074939,False
2979,AAA | DAA | DM | FAA | VAA,0.7184475202719002,0.5416010540018475,0.8979531271197937,False
2980,EAA | GTAA | PAA | QSF | RAA,0.7183774961668811,0.4098810557547072,0.8771150588205546,False
2981,AAA | EAA | GPM | LAA | RAA,0.7183675497349672,0.5014424797616902,0.8915509180853448,False
2982,AAA | BAA_Aggressive | DAA | LAA | PAA,0.7183649171980162,0.47314574773044266,0.9004281650931979,False
2983,BAA_Balanced | DAA | GTAA | QSF | VAA,0.7183596793289652,0.48759873106542545,0.8533479637646305,False
2984,DAA | GPM | GTAA | QSF | VAA,0.7183451664240811,0.5416010540018475,0.8533479637646305,False
2985,AAA | BAA_Aggressive | EAA | FAA | QSF,0.7182886311587271,0.5014424797616902,0.8795173961840629,False
2986,EAA | LAA | PAA | QSF | VAA,0.7182229614662764,0.4098810557547072,0.9455331473025538,False
2987,BAA_Balanced | DAA | LAA | PAA | QSF,0.7179367281977743,0.47314574773044266,0.884015491074939,False
2988,DAA | EAA | FAA | KDA | LAA,0.7179345094397686,0.512192095569785,0.9713964695689841,False
2989,BAA_Balanced | GPM | KDA | RAA | VAA,0.7179244292737564,0.5226251714677641,0.9174277016742772,False
2990,AAA | ADM | DAA | GTAA | VAA,0.7178478138870591,0.5416010540018475,0.8556662095013574,False
2991,AAA | FAA | KDA | LAA | PAA,0.7177726861776036,0.414185283893347,0.9713964695689841,False
2992,DAA | FAA | KDA | LAA | PAA,0.7177677200763729,0.47314574773044266,0.9713964695689841,False
2993,AAA | DM | GPM | GTAA | PAA,0.7176820959046452,0.4815852393398689,0.9345096613216025,False
2994,ADM | BAA_Aggressive | BAA_Balanced | GTAA | KDA,0.7175561214090379,0.3512630769993555,0.8809924643257977,False
2995,AAA | ADM | FAA | GPM | PAA,0.7175393439149065,0.4815852393398689,0.8980435716546827,False
2996,AAA | ADM | BAA_Balanced | EAA | FAA,0.7174220165173383,0.5014424797616902,0.8639251997095134,False
2997,AAA | BAA_Balanced | DAA | LAA | VAA,0.7173817442510001,0.48759873106542545,0.9455331473025538,False
2998,BAA_Balanced | GTAA | KDA | LAA | PAA,0.7173726444213865,0.5048597299877837,0.9090193586767458,False
2999,ADM | BAA_Balanced | EAA | PAA | QSF,0.7173591949761611,0.4098810557547072,0.94245658087466,False
3000,BAA_Balanced | DAA | FAA | KDA | RAA,0.7172540364214073,0.48759873106542545,0.9685534591194968,False
3001,AAA | BAA_Aggressive | GPM | KDA | LAA,0.7171762771498654,0.414185283893347,0.9090193586767458,False
3002,DM | EAA | FAA | KDA | PAA,0.7171626447175574,0.4098810557547072,0.91337823237752,False
3003,DAA | EAA | GPM | LAA | RAA,0.7171089007327449,0.5291632268870916,0.8771347070300006,False
3004,BAA_Balanced | EAA | GPM | GTAA | LAA,0.7171062432312325,0.5226251714677641,0.8961763830349048,False
3005,ADM | BAA_Aggressive | BAA_Balanced | GTAA | PAA,0.7170526976890128,0.3512630769993555,0.8809924643257977,False
3006,AAA | BAA_Balanced | EAA | RAA | VAA,0.7170256103811415,0.5014424797616902,0.9174277016742772,False
3007,ADM | BAA_Balanced | EAA | GPM | VAA,0.716964136869169,0.5226251714677641,0.8980435716546827,False
3008,BAA_Aggressive | BAA_Balanced | GPM | GTAA | LAA,0.7169422052827961,0.3512630769993555,0.9004281650931979,False
3009,AAA | ADM | BAA_Aggressive | BAA_Balanced | GTAA,0.7168943736271911,0.3512630769993555,0.8809924643257977,False
3010,FAA | GPM | GTAA | PAA | QSF,0.716838425418844,0.4815852393398689,0.8795173961840629,False
3011,DM | EAA | GPM | KDA | VAA,0.7167818916244793,0.5418138608965833,0.9345096613216025,False
3012,ADM | BAA_Aggressive | GPM | KDA | PAA,0.7167667373799633,0.4815852393398689,0.8980435716546827,False
3013,BAA_Aggressive | BAA_Balanced | GPM | LAA | VAA,0.7167173661796313,0.3512630769993555,0.9455331473025538,False
3014,BAA_Aggressive | DAA | GTAA | PAA | QSF,0.7165931315268688,0.47314574773044266,0.8533479637646305,False
3015,AAA | ADM | BAA_Balanced | GPM | GTAA,0.7165837226095086,0.5226251714677641,0.8980435716546827,False
3016,AAA | DM | EAA | GPM | GTAA,0.7165584148347393,0.5014424797616902,0.9345096613216025,False
3017,AAA | ADM | BAA_Balanced | FAA | PAA,0.7164562228221286,0.5048597299877837,0.8783909420483494,False
3018,AAA | EAA | GPM | LAA | QSF,0.7164222798653099,0.5014424797616902,0.8915509180853448,False
3019,BAA_Balanced | DAA | DM | GTAA | KDA,0.7164055778399995,0.48759873106542545,0.9067380633645694,False
3020,ADM | DAA | FAA | GPM | KDA,0.7163349985951019,0.512192095569785,0.8980435716546827,False
3021,AAA | DM | GPM | PAA | VAA,0.7162226669065255,0.4815852393398689,0.9345096613216025,False
3022,AAA | BAA_Aggressive | BAA_Balanced | FAA | QSF,0.7161617722314533,0.3512630769993555,0.8795173961840629,False
3023,AAA | BAA_Aggressive | DM | GPM | KDA,0.7161532982036943,0.414185283893347,0.9345096613216025,False
3024,AAA | BAA_Balanced | KDA | RAA | VAA,0.7161342586588008,0.414185283893347,0.9174277016742772,False
3025,AAA | BAA_Balanced | DM | FAA | KDA,0.7161316273457279,0.414185283893347,0.9067380633645694,False
3026,ADM | BAA_Balanced | DAA | FAA | GPM,0.7161282076706357,0.48759873106542545,0.8980435716546827,False
3027,BAA_Aggressive | BAA_Balanced | GPM | QSF | RAA,0.716086367126993,0.3512630769993555,0.8446408529741863,False
3028,AAA | BAA_Balanced | DAA | DM | FAA,0.7160290335079278,0.48759873106542545,0.9067380633645694,False
3029,BAA_Balanced | DAA | EAA | GTAA | LAA,0.7160231043012878,0.48759873106542545,0.8961763830349048,False
3030,AAA | ADM | BAA_Balanced | GPM | VAA,0.7159573095314545,0.5226251714677641,0.8980435716546827,False
3031,AAA | ADM | BAA_Aggressive | DAA | GPM,0.7159506195640251,0.543667640607394,0.8980435716546827,False
3032,AAA | ADM | DAA | DM | KDA,0.7159399796504519,0.414185283893347,0.8979531271197937,False
3033,AAA | FAA | GPM | KDA | RAA,0.7159333115046178,0.414185283893347,0.9685534591194968,False
3034,ADM | BAA_Aggressive | DAA | GPM | KDA,0.7159146205033725,0.512192095569785,0.8980435716546827,False
3035,EAA | LAA | PAA | QSF | RAA,0.7158798438352816,0.4098810557547072,0.8560660018993352,False
3036,ADM | DAA | EAA | FAA | VAA,0.7157751762970167,0.5291632268870916,0.8639251997095134,False
3037,BAA_Balanced | EAA | GPM | QSF | RAA,0.7157445044022401,0.5226251714677641,0.8446408529741863,False
3038,ADM | BAA_Balanced | DAA | GPM | GTAA,0.7157382884952759,0.48759873106542545,0.8980435716546827,False
3039,AAA | BAA_Balanced | GTAA | LAA | PAA,0.7157363379596998,0.5048597299877837,0.8961763830349048,False
3040,AAA | BAA_Balanced | DAA | FAA | RAA,0.7156291040180622,0.48759873106542545,0.9685534591194968,False
3041,AAA | DM | FAA | KDA | VAA,0.7156034539955074,0.414185283893347,0.875182117935741,False
3042,AAA | ADM | DAA | GPM | GTAA,0.7155483194373304,0.543667640607394,0.8980435716546827,False
3043,BAA_Aggressive | EAA | FAA | GPM | QSF,0.7154943703967932,0.5418138608965833,0.8795173961840629,False
3044,BAA_Balanced | DAA | DM | FAA | PAA,0.7154734568500429,0.47314574773044266,0.91337823237752,False
3045,BAA_Balanced | FAA | PAA | QSF | VAA,0.715462545435339,0.5048597299877837,0.8795173961840629,False
3046,ADM | DAA | FAA | GPM | PAA,0.7153828973893703,0.47314574773044266,0.8980435716546827,False
3047,ADM | BAA_Balanced | GPM | KDA | VAA,0.7153533965316791,0.5226251714677641,0.8980435716546827,False
3048,ADM | BAA_Balanced | GPM | GTAA | KDA,0.7152394156018621,0.5226251714677641,0.8980435716546827,False
3049,AAA | EAA | FAA | GPM | RAA,0.7152296913745759,0.5014424797616902,0.9685534591194968,False
3050,ADM | BAA_Aggressive | DAA | KDA | PAA,0.7151743966647961,0.47314574773044266,0.8809924643257977,False
3051,DAA | DM | EAA | PAA | QSF,0.7151616252929432,0.4098810557547072,0.9345679012345679,False
3052,AAA | DM | EAA | KDA | QSF,0.7150301443277407,0.414185283893347,0.9345679012345679,False
3053,BAA_Aggressive | EAA | PAA | QSF | RAA,0.7150266959573466,0.4098810557547072,0.8446408529741863,False
3054,AAA | GPM | KDA | LAA | VAA,0.7150214097502561,0.414185283893347,0.9455331473025538,False
3055,AAA | ADM | DAA | FAA | GPM,0.7149824049655452,0.543667640607394,0.8980435716546827,False
3056,BAA_Aggressive | GTAA | KDA | PAA | QSF,0.7149218225692032,0.5616983147823471,0.8533479637646305,False
3057,BAA_Aggressive | BAA_Balanced | GPM | LAA | RAA,0.7149116784886002,0.3512630769993555,0.9004281650931979,False
3058,EAA | GPM | KDA | LAA | VAA,0.7148528928676273,0.5418138608965833,0.9455331473025538,False
3059,AAA | DAA | GPM | LAA | VAA,0.7148217224552222,0.5416010540018475,0.9455331473025538,False
3060,DAA | DM | FAA | KDA | PAA,0.7148185019154687,0.47314574773044266,0.91337823237752,False
3061,BAA_Balanced | DM | EAA | GTAA | PAA,0.7147165333539408,0.4098810557547072,0.91337823237752,False
3062,DM | EAA | KDA | PAA | QSF,0.7146836759678694,0.4098810557547072,0.9345679012345679,False
3063,DAA | EAA | GPM | GTAA | LAA,0.7146297779897688,0.5291632268870916,0.8961763830349048,False
3064,AAA | BAA_Aggressive | DAA | EAA | LAA,0.7145897407232706,0.5014424797616902,0.9004281650931979,False
3065,GPM | KDA | LAA | PAA | VAA,0.7144435667447209,0.4815852393398689,0.9455331473025538,False
3066,BAA_Balanced | EAA | FAA | LAA | PAA,0.7142753064855843,0.4098810557547072,0.9713964695689841,False
3067,AAA | BAA_Aggressive | GTAA | PAA | QSF,0.7142124203909178,0.5336021302606438,0.8533479637646305,False
3068,BAA_Balanced | DAA | DM | GTAA | PAA,0.7141161595632785,0.47314574773044266,0.91337823237752,False
3069,AAA | KDA | LAA | PAA | QSF,0.7141076567090691,0.414185283893347,0.9090193586767458,False
3070,BAA_Aggressive | BAA_Balanced | FAA | GPM | RAA,0.7140318768390261,0.3512630769993555,0.9685534591194968,False
3071,AAA | ADM | EAA | FAA | GPM,0.7140076344648644,0.5014424797616902,0.8980435716546827,False
3072,BAA_Aggressive | BAA_Balanced | DAA | FAA | RAA,0.7139948230841614,0.3512630769993555,0.9685534591194968,False
3073,DAA | EAA | GPM | QSF | RAA,0.7139756250550315,0.5291632268870916,0.8446408529741863,False
3074,AAA | DM | FAA | GTAA | KDA,0.7139556275767331,0.414185283893347,0.875182117935741,False
3075,AAA | DAA | GPM | GTAA | RAA,0.7139459234664871,0.543667640607394,0.8771150588205546,False
3076,BAA_Balanced | EAA | GTAA | KDA | RAA,0.7138910523362948,0.5477661727078487,0.8815837063902626,False
3077,GPM | KDA | LAA | PAA | QSF,0.7138624314693125,0.4815852393398689,0.9090193586767458,False
3078,BAA_Aggressive | FAA | GPM | PAA | QSF,0.7138315583073965,0.4815852393398689,0.8795173961840629,False
3079,BAA_Balanced | DAA | KDA | LAA | VAA,0.7138012717646266,0.48759873106542545,0.9455331473025538,False
3080,EAA | GPM | KDA | QSF | RAA,0.7137800318434172,0.5418138608965833,0.8815837063902626,False
3081,EAA | FAA | KDA | LAA | PAA,0.7137211928029468,0.4098810557547072,0.9713964695689841,False
3082,BAA_Aggressive | GPM | KDA | LAA | PAA,0.713667498069223,0.4815852393398689,0.9090193586767458,False
3083,AAA | DM | GTAA | KDA | VAA,0.713610339404748,0.414185283893347,0.8707561728395063,False
3084,ADM | BAA_Balanced | EAA | FAA | PAA,0.7135800736678152,0.4098810557547072,0.8783909420483494,False
3085,DAA | FAA | GPM | LAA | PAA,0.7135800621655546,0.47314574773044266,0.9713964695689841,False
3086,BAA_Balanced | DM | EAA | PAA | VAA,0.7135736979906646,0.4098810557547072,0.91337823237752,False
3087,GPM | GTAA | KDA | QSF | VAA,0.7134358388083735,0.568024067826069,0.8533479637646305,False
3088,AAA | DAA | FAA | LAA | PAA,0.713434512977483,0.47314574773044266,0.9713964695689841,False
3089,ADM | BAA_Aggressive | BAA_Balanced | DAA | GTAA,0.7133997316096173,0.3512630769993555,0.8809924643257977,False
3090,ADM | BAA_Aggressive | BAA_Balanced | GPM | GTAA,0.7133796395045175,0.3512630769993555,0.8980435716546827,False
3091,BAA_Aggressive | DAA | DM | EAA | PAA,0.7132954977733086,0.4098810557547072,0.9244038559107052,False
3092,ADM | BAA_Aggressive | BAA_Balanced | KDA | VAA,0.7132278414422645,0.3512630769993555,0.8809924643257977,False
3093,AAA | BAA_Aggressive | GTAA | KDA | QSF,0.7131582408331555,0.414185283893347,0.8533479637646305,False
3094,AAA | GPM | LAA | PAA | RAA,0.713106315585369,0.4815852393398689,0.8915509180853448,False
3095,DAA | EAA | FAA | GPM | RAA,0.713094275567568,0.5291632268870916,0.9685534591194968,False
3096,AAA | BAA_Aggressive | DAA | DM | KDA,0.7130809983343915,0.414185283893347,0.9244038559107052,False
3097,ADM | BAA_Aggressive | EAA | GPM | KDA,0.7129385637766711,0.5418138608965833,0.8980435716546827,False
3098,AAA | DM | FAA | GPM | KDA,0.7128701035163914,0.414185283893347,0.9345096613216025,False
3099,AAA | EAA | KDA | LAA | QSF,0.7128621238041138,0.414185283893347,0.9090193586767458,False
3100,ADM | BAA_Aggressive | BAA_Balanced | DAA | FAA,0.7128229341498615,0.3512630769993555,0.8809924643257977,False
3101,AAA | GPM | LAA | PAA | VAA,0.7127775622281382,0.4815852393398689,0.9455331473025538,False
3102,DAA | FAA | GTAA | PAA | QSF,0.7126234256616427,0.47314574773044266,0.8795173961840629,False
3103,BAA_Balanced | DAA | DM | GPM | VAA,0.7126067356334966,0.48759873106542545,0.9345096613216025,False
3104,BAA_Aggressive | EAA | FAA | GTAA | VAA,0.7125569082683887,0.6616909988587124,0.7760632796845709,False
3105,AAA | ADM | DM | EAA | KDA,0.7125048169267745,0.414185283893347,0.8787598307092223,False
3106,AAA | BAA_Balanced | GPM | GTAA | RAA,0.7124783274390452,0.5226251714677641,0.8771150588205546,False
3107,AAA | FAA | GPM | PAA | RAA,0.712357530058684,0.4815852393398689,0.9685534591194968,False
3108,DAA | DM | EAA | FAA | KDA,0.7123497868675912,0.512192095569785,0.8979531271197937,False
3109,ADM | EAA | FAA | GPM | PAA,0.7123041737756863,0.4098810557547072,0.8980435716546827,False
3110,ADM | BAA_Balanced | EAA | KDA | VAA,0.7122368446829755,0.5477661727078487,0.8553173056097033,False
3111,AAA | DM | EAA | GPM | VAA,0.7121737377757132,0.5014424797616902,0.9345096613216025,False
3112,ADM | BAA_Balanced | EAA | GTAA | KDA,0.7121566242258405,0.5477661727078487,0.8553173056097033,False
3113,BAA_Aggressive | EAA | GPM | KDA | LAA,0.7121361866769296,0.5418138608965833,0.9090193586767458,False
3114,BAA_Aggressive | BAA_Balanced | PAA | QSF | RAA,0.7121051140154963,0.3512630769993555,0.8446408529741863,False
3115,BAA_Balanced | KDA | PAA | RAA | VAA,0.7120722200620642,0.5048597299877837,0.9174277016742772,False
3116,AAA | ADM | BAA_Aggressive | DAA | PAA,0.7119304288849159,0.47314574773044266,0.8809924643257977,False
3117,BAA_Aggressive | EAA | GTAA | KDA | QSF,0.7119152288758893,0.5477661727078487,0.8533479637646305,False
3118,FAA | GTAA | KDA | PAA | QSF,0.7118525839510219,0.5616983147823471,0.8795173961840629,False
3119,AAA | ADM | BAA_Aggressive | BAA_Balanced | VAA,0.7118256996525465,0.3512630769993555,0.8809924643257977,False
3120,AAA | DAA | EAA | FAA | LAA,0.7117785514984332,0.5014424797616902,0.9713964695689841,False
3121,ADM | BAA_Aggressive | BAA_Balanced | PAA | VAA,0.7117001489409525,0.3512630769993555,0.8809924643257977,False
3122,DM | EAA | GPM | PAA | QSF,0.7116300726719784,0.4098810557547072,0.9345679012345679,False
3123,AAA | BAA_Aggressive | FAA | GTAA | VAA,0.7115560605897657,0.6509201041906078,0.7760632796845709,False
3124,BAA_Balanced | GTAA | PAA | QSF | VAA,0.7114887415473485,0.5048597299877837,0.8533479637646305,False
3125,DAA | EAA | FAA | KDA | RAA,0.7114686393953782,0.512192095569785,0.9685534591194968,False
3126,ADM | BAA_Aggressive | DAA | EAA | GPM,0.7113677800358063,0.5291632268870916,0.8980435716546827,False
3127,AAA | EAA | GPM | LAA | VAA,0.7113641375085991,0.5014424797616902,0.9455331473025538,False
3128,ADM | BAA_Balanced | DAA | EAA | FAA,0.7112617751179428,0.48759873106542545,0.8639251997095134,False
3129,BAA_Balanced | DAA | EAA | FAA | RAA,0.7111701348681935,0.48759873106542545,0.9685534591194968,False
3130,ADM | DAA | GTAA | KDA | VAA,0.7111658435930358,0.512192095569785,0.8556662095013574,False
3131,DM | EAA | GPM | GTAA | PAA,0.7111020576008529,0.4098810557547072,0.9345096613216025,False
3132,AAA | BAA_Aggressive | DM | EAA | PAA,0.711098313771764,0.4098810557547072,0.9244038559107052,False
3133,AAA | DAA | FAA | KDA | LAA,0.7110643367358619,0.414185283893347,0.9713964695689841,False
3134,AAA | BAA_Aggressive | EAA | KDA | LAA,0.7110324845532319,0.414185283893347,0.9090193586767458,False
3135,ADM | DAA | GPM | GTAA | PAA,0.7110135022378123,0.47314574773044266,0.8980435716546827,False
3136,EAA | FAA | GTAA | KDA | QSF,0.7109652052534037,0.5477661727078487,0.8795173961840629,False
3137,ADM | BAA_Aggressive | DAA | EAA | KDA,0.7109251088214972,0.512192095569785,0.8809924643257977,False
3138,AAA | ADM | BAA_Aggressive | GPM | PAA,0.7108455634846845,0.4815852393398689,0.8980435716546827,False
3139,ADM | DAA | GPM | GTAA | KDA,0.7108161103613103,0.512192095569785,0.8980435716546827,False
3140,AAA | ADM | KDA | PAA | QSF,0.710748643547959,0.414185283893347,0.94245658087466,False
3141,BAA_Balanced | GPM | GTAA | KDA | RAA,0.7106956632522119,0.5226251714677641,0.8815837063902626,False
3142,AAA | BAA_Balanced | EAA | GTAA | RAA,0.7105709988401498,0.5014424797616902,0.8771150588205546,False
3143,DAA | GPM | KDA | LAA | VAA,0.7105305540158736,0.512192095569785,0.9455331473025538,False
3144,BAA_Aggressive | BAA_Balanced | DAA | LAA | VAA,0.710528785015138,0.3512630769993555,0.9455331473025538,False
3145,AAA | BAA_Balanced | DAA | GTAA | RAA,0.7105058708343701,0.48759873106542545,0.8771150588205546,False
3146,ADM | BAA_Balanced | DAA | EAA | GTAA,0.7104821595989596,0.48759873106542545,0.8556662095013574,False
3147,EAA | PAA | QSF | RAA | VAA,0.7104763608628339,0.4098810557547072,0.9174277016742772,False
3148,BAA_Aggressive | FAA | GTAA | KDA | VAA,0.7104354528616352,0.6193150680482424,0.7760632796845709,False
3149,BAA_Aggressive | BAA_Balanced | DM | EAA | KDA,0.7103827894083163,0.3512630769993555,0.9244038559107052,False
3150,DAA | DM | EAA | GPM | VAA,0.7103731575872707,0.5291632268870916,0.9345096613216025,False
3151,ADM | BAA_Aggressive | BAA_Balanced | EAA | VAA,0.7103687066206031,0.3512630769993555,0.8809924643257977,False
3152,BAA_Balanced | FAA | GPM | KDA | QSF,0.7103481669416682,0.5226251714677641,0.8795173961840629,False
3153,DAA | KDA | PAA | QSF | RAA,0.7102970492761957,0.47314574773044266,0.8815837063902626,False
3154,EAA | GPM | GTAA | KDA | LAA,0.7102791916465374,0.5418138608965833,0.9090193586767458,False
3155,AAA | GPM | LAA | PAA | QSF,0.7102517364071439,0.4815852393398689,0.8915509180853448,False
3156,BAA_Aggressive | BAA_Balanced | DM | KDA | PAA,0.7100521020666314,0.3512630769993555,0.9244038559107052,False
3157,BAA_Aggressive | DM | EAA | GPM | PAA,0.709987621868645,0.4098810557547072,0.9345096613216025,False
3158,DAA | FAA | GPM | QSF | VAA,0.7099825822930466,0.5416010540018475,0.8795173961840629,False
3159,AAA | BAA_Balanced | PAA | RAA | VAA,0.7098345234004937,0.5048597299877837,0.9174277016742772,False
3160,BAA_Balanced | DAA | FAA | GPM | RAA,0.709758386960782,0.48759873106542545,0.9685534591194968,False
3161,AAA | FAA | GTAA | PAA | QSF,0.7097545890825272,0.5336021302606438,0.8795173961840629,False
3162,BAA_Balanced | DAA | FAA | LAA | PAA,0.7096327762796577,0.47314574773044266,0.9713964695689841,False
3163,ADM | BAA_Balanced | KDA | PAA | VAA,0.7096268776258163,0.5048597299877837,0.8783909420483494,False
3164,BAA_Aggressive | BAA_Balanced | EAA | GTAA | RAA,0.7095783318291413,0.3512630769993555,0.8771150588205546,False
3165,AAA | DAA | PAA | QSF | RAA,0.709502564137413,0.47314574773044266,0.8655053038787336,False
3166,AAA | BAA_Aggressive | EAA | GTAA | QSF,0.7093830758551583,0.5014424797616902,0.8533479637646305,False
3167,AAA | DAA | DM | FAA | PAA,0.709365896326841,0.47314574773044266,0.91337823237752,False
3168,AAA | DAA | DM | GPM | VAA,0.7092406526468216,0.5416010540018475,0.9345096613216025,False
3169,EAA | FAA | GPM | QSF | VAA,0.7092115655081417,0.5418138608965833,0.8795173961840629,False
3170,BAA_Balanced | DAA | FAA | QSF | VAA,0.7091539861457663,0.48759873106542545,0.8795173961840629,False
3171,AAA | EAA | FAA | KDA | LAA,0.709121762575439,0.414185283893347,0.9713964695689841,False
3172,BAA_Balanced | GPM | LAA | PAA | VAA,0.7089669989206969,0.4815852393398689,0.9455331473025538,False
3173,AAA | DAA | DM | GTAA | PAA,0.7089644326872216,0.47314574773044266,0.91337823237752,False
3174,ADM | BAA_Aggressive | EAA | KDA | PAA,0.7088059343716884,0.4098810557547072,0.8809924643257977,False
3175,DAA | GPM | GTAA | KDA | RAA,0.7087753572112803,0.512192095569785,0.8815837063902626,False
3176,DAA | DM | EAA | GTAA | KDA,0.7086101911028055,0.512192095569785,0.8979531271197937,False
3177,AAA | BAA_Aggressive | BAA_Balanced | GTAA | QSF,0.7084890223236722,0.3512630769993555,0.8533479637646305,False
3178,AAA | EAA | GPM | QSF | RAA,0.7084855897467903,0.5014424797616902,0.8655053038787336,False
3179,AAA | BAA_Balanced | DM | KDA | VAA,0.7084712057812164,0.414185283893347,0.9067380633645694,False
3180,BAA_Aggressive | BAA_Balanced | EAA | RAA | VAA,0.7084153201119021,0.3512630769993555,0.9174277016742772,False
3181,AAA | ADM | BAA_Balanced | EAA | GTAA,0.7083982135505087,0.5014424797616902,0.8553173056097033,False
3182,DAA | DM | GTAA | KDA | PAA,0.7083322355702725,0.47314574773044266,0.91337823237752,False
3183,AAA | DAA | GTAA | QSF | VAA,0.7082852603965507,0.5416010540018475,0.8533479637646305,False
3184,BAA_Balanced | DAA | GPM | LAA | VAA,0.7082785082208702,0.48759873106542545,0.9455331473025538,False
3185,ADM | BAA_Aggressive | DAA | GPM | PAA,0.7082009915159838,0.47314574773044266,0.8980435716546827,False
3186,AAA | FAA | KDA | PAA | RAA,0.7081899836318278,0.414185283893347,0.9685534591194968,False
3187,AAA | BAA_Balanced | FAA | GPM | QSF,0.7081292877348571,0.5226251714677641,0.8795173961840629,False
3188,AAA | BAA_Aggressive | GPM | LAA | PAA,0.7080456775451437,0.4815852393398689,0.9004281650931979,False
3189,BAA_Aggressive | BAA_Balanced | DAA | GTAA | RAA,0.7080393638362754,0.3512630769993555,0.8771150588205546,False
3190,BAA_Balanced | GPM | LAA | PAA | QSF,0.7079904647586048,0.4815852393398689,0.884015491074939,False
3191,AAA | BAA_Aggressive | DAA | KDA | RAA,0.707977672173407,0.414185283893347,0.8815837063902626,False
3192,DAA | GPM | LAA | PAA | QSF,0.707914234803375,0.47314574773044266,0.8771347070300006,False
3193,AAA | ADM | BAA_Aggressive | KDA | PAA,0.7078609820157095,0.414185283893347,0.8809924643257977,False
3194,ADM | BAA_Balanced | GPM | GTAA | PAA,0.7078483813003584,0.4815852393398689,0.8980435716546827,False
3195,AAA | BAA_Aggressive | DM | EAA | KDA,0.7077478842250862,0.414185283893347,0.9244038559107052,False
3196,AAA | ADM | BAA_Balanced | EAA | VAA,0.7077380399997729,0.5014424797616902,0.8553173056097033,False
3197,AAA | ADM | DAA | FAA | VAA,0.7076809271370244,0.5416010540018475,0.8639251997095134,False
3198,AAA | EAA | GPM | GTAA | LAA,0.7075308302953804,0.5014424797616902,0.8961763830349048,False
3199,BAA_Aggressive | EAA | KDA | LAA | PAA,0.7074817943088735,0.4098810557547072,0.9090193586767458,False
3200,EAA | KDA | LAA | PAA | RAA,0.7074804199427843,0.4098810557547072,0.9090193586767458,False
3201,BAA_Balanced | EAA | GPM | RAA | VAA,0.7074690407163144,0.5226251714677641,0.9174277016742772,False
3202,AAA | DAA | DM | EAA | GTAA,0.7074196373773092,0.5014424797616902,0.8979531271197937,False
3203,BAA_Aggressive | DAA | EAA | KDA | RAA,0.7073398045338306,0.512192095569785,0.8815837063902626,False
3204,AAA | GPM | GTAA | KDA | LAA,0.7072385856948441,0.414185283893347,0.9090193586767458,False
3205,AAA | ADM | EAA | KDA | QSF,0.7072062484320047,0.414185283893347,0.94245658087466,False
3206,DAA | FAA | KDA | PAA | RAA,0.7071948414770471,0.47314574773044266,0.9685534591194968,False
3207,ADM | EAA | GPM | GTAA | KDA,0.7071884371682271,0.5418138608965833,0.8980435716546827,False
3208,EAA | GPM | GTAA | QSF | VAA,0.7071413231483972,0.5418138608965833,0.8533479637646305,False
3209,DAA | EAA | GTAA | KDA | LAA,0.7071154995311983,0.512192095569785,0.9090193586767458,False
3210,ADM | DAA | FAA | KDA | VAA,0.7070837595485779,0.512192095569785,0.8639251997095134,False
3211,AAA | EAA | FAA | GTAA | QSF,0.7070444595424635,0.5014424797616902,0.8795173961840629,False
3212,AAA | DAA | EAA | GTAA | LAA,0.7070443442954398,0.5014424797616902,0.8961763830349048,False
3213,AAA | ADM | BAA_Balanced | PAA | VAA,0.7069508237850591,0.5048597299877837,0.8783909420483494,False
3214,GPM | GTAA | KDA | LAA | PAA,0.7069446174627246,0.4815852393398689,0.9090193586767458,False
3215,ADM | BAA_Balanced | GPM | PAA | VAA,0.7069380934488885,0.4815852393398689,0.8980435716546827,False
3216,EAA | FAA | KDA | PAA | RAA,0.70689978538125,0.4098810557547072,0.9685534591194968,False
3217,BAA_Balanced | DAA | DM | EAA | VAA,0.7068303241304497,0.48759873106542545,0.9067380633645694,False
3218,AAA | BAA_Aggressive | KDA | PAA | RAA,0.7066684892091406,0.414185283893347,0.8815837063902626,False
3219,AAA | KDA | LAA | PAA | VAA,0.7066371298844132,0.414185283893347,0.9455331473025538,False
3220,BAA_Aggressive | BAA_Balanced | GTAA | KDA | QSF,0.7066291536143998,0.3512630769993555,0.8533479637646305,False
3221,ADM | BAA_Balanced | GTAA | KDA | PAA,0.7066214091077747,0.5048597299877837,0.8783909420483494,False
3222,DAA | DM | EAA | FAA | PAA,0.7066154247752623,0.4098810557547072,0.91337823237752,False
3223,AAA | EAA | KDA | QSF | RAA,0.7065282159657073,0.414185283893347,0.8815837063902626,False
3224,AAA | BAA_Aggressive | DAA | GPM | RAA,0.7065254919954403,0.543667640607394,0.8655053038787336,False
3225,BAA_Aggressive | BAA_Balanced | DAA | DM | VAA,0.7065204480430466,0.3512630769993555,0.9244038559107052,False
3226,AAA | BAA_Aggressive | BAA_Balanced | KDA | LAA,0.7064391620034641,0.3512630769993555,0.9090193586767458,False
3227,DM | EAA | GPM | PAA | VAA,0.7064335057684111,0.4098810557547072,0.9345096613216025,False
3228,ADM | EAA | FAA | KDA | PAA,0.7062417759565547,0.4098810557547072,0.8783909420483494,False
3229,ADM | GPM | GTAA | KDA | PAA,0.7061507251954133,0.4815852393398689,0.8980435716546827,False
3230,DAA | DM | GPM | KDA | VAA,0.7060688826972108,0.512192095569785,0.9345096613216025,False
3231,BAA_Aggressive | DAA | GPM | KDA | RAA,0.7060511357556012,0.512192095569785,0.8815837063902626,False
3232,BAA_Balanced | DAA | GTAA | KDA | RAA,0.7060460005321383,0.48759873106542545,0.8815837063902626,False
3233,AAA | GPM | GTAA | LAA | PAA,0.706019006954013,0.4815852393398689,0.8961763830349048,False
3234,AAA | DAA | GTAA | LAA | PAA,0.705953635194079,0.47314574773044266,0.8961763830349048,False
3235,AAA | ADM | FAA | KDA | VAA,0.7059291915496548,0.414185283893347,0.8639251997095134,False
3236,BAA_Balanced | DAA | LAA | PAA | RAA,0.7058969009929705,0.47314574773044266,0.884015491074939,False
3237,AAA | ADM | BAA_Aggressive | DAA | EAA,0.7058583901991715,0.5014424797616902,0.8809924643257977,False
3238,AAA | BAA_Balanced | GTAA | KDA | RAA,0.7057301302756158,0.414185283893347,0.8815837063902626,False
3239,ADM | EAA | KDA | PAA | QSF,0.7056773669934986,0.4098810557547072,0.94245658087466,False
3240,ADM | GPM | KDA | PAA | VAA,0.7056304772442893,0.4815852393398689,0.8980435716546827,False
3241,FAA | GPM | PAA | QSF | VAA,0.705608115903545,0.4815852393398689,0.8795173961840629,False
3242,DAA | DM | GPM | PAA | VAA,0.7056043737525227,0.47314574773044266,0.9345096613216025,False
3243,AAA | DAA | EAA | FAA | RAA,0.70545168526203,0.5014424797616902,0.9685534591194968,False
3244,AAA | BAA_Balanced | DM | GTAA | KDA,0.7053806495288834,0.414185283893347,0.9067380633645694,False
3245,ADM | BAA_Balanced | DAA | FAA | KDA,0.7052795477762245,0.48759873106542545,0.8639251997095134,False
3246,AAA | ADM | BAA_Aggressive | EAA | GPM,0.7051946390389467,0.5014424797616902,0.8980435716546827,False
3247,BAA_Aggressive | DAA | KDA | PAA | RAA,0.7051852216111952,0.47314574773044266,0.8815837063902626,False
3248,BAA_Balanced | EAA | FAA | KDA | QSF,0.7051612698731586,0.5477661727078487,0.8795173961840629,False
3249,ADM | BAA_Aggressive | BAA_Balanced | GPM | VAA,0.7051356031682326,0.3512630769993555,0.8980435716546827,False
3250,EAA | GPM | KDA | RAA | VAA,0.7051091692708076,0.5418138608965833,0.9174277016742772,False
3251,AAA | DM | FAA | KDA | PAA,0.705104586015656,0.414185283893347,0.91337823237752,False
3252,AAA | DAA | DM | EAA | FAA,0.7050744304365181,0.5014424797616902,0.8979531271197937,False
3253,ADM | DAA | EAA | PAA | QSF,0.705062985629549,0.4098810557547072,0.94245658087466,False
3254,AAA | BAA_Aggressive | GPM | QSF | VAA,0.7050106600398619,0.572727551709692,0.8082844022884673,False
3255,DAA | EAA | GPM | GTAA | RAA,0.7049392942887789,0.5291632268870916,0.8771150588205546,False
3256,BAA_Balanced | FAA | GPM | PAA | RAA,0.7049363022440331,0.4815852393398689,0.9685534591194968,False
3257,AAA | ADM | GPM | GTAA | PAA,0.7049257613155022,0.4815852393398689,0.8980435716546827,False
3258,AAA | DM | EAA | PAA | QSF,0.704850864732985,0.4098810557547072,0.9345679012345679,False
3259,BAA_Aggressive | EAA | GPM | GTAA | QSF,0.704789872393915,0.5418138608965833,0.8533479637646305,False
3260,BAA_Balanced | DAA | EAA | LAA | VAA,0.7047637180997978,0.48759873106542545,0.9455331473025538,False
3261,AAA | BAA_Aggressive | EAA | GPM | LAA,0.7046916153104047,0.5014424797616902,0.9004281650931979,False
3262,AAA | ADM | BAA_Balanced | GTAA | PAA,0.7046857492748886,0.5048597299877837,0.8783909420483494,False
3263,AAA | ADM | BAA_Balanced | DAA | GTAA,0.7046252817176423,0.48759873106542545,0.8556662095013574,False
3264,FAA | KDA | PAA | QSF | VAA,0.7045380308052344,0.5616983147823471,0.8795173961840629,False
3265,AAA | ADM | BAA_Balanced | FAA | KDA,0.7044111827205162,0.414185283893347,0.8639251997095134,False
3266,DAA | GPM | GTAA | LAA | PAA,0.7043002416828412,0.47314574773044266,0.8961763830349048,False
3267,DAA | GTAA | KDA | LAA | PAA,0.704202039587392,0.47314574773044266,0.9090193586767458,False
3268,BAA_Balanced | EAA | GPM | GTAA | RAA,0.7041897915369631,0.5226251714677641,0.8771150588205546,False
3269,AAA | ADM | EAA | GPM | GTAA,0.7041407224458706,0.5014424797616902,0.8980435716546827,False
3270,AAA | ADM | FAA | GTAA | KDA,0.7040825780917563,0.414185283893347,0.8639251997095134,False
3271,DAA | DM | EAA | GTAA | PAA,0.7040253220927102,0.4098810557547072,0.91337823237752,False
3272,BAA_Aggressive | BAA_Balanced | DAA | GTAA | QSF,0.7039365584230799,0.3512630769993555,0.8533479637646305,False
3273,AAA | DM | EAA | FAA | PAA,0.7039301153305532,0.4098810557547072,0.91337823237752,False
3274,BAA_Balanced | DAA | EAA | GTAA | RAA,0.7038582626415687,0.48759873106542545,0.8771150588205546,False
3275,BAA_Aggressive | BAA_Balanced | EAA | KDA | LAA,0.703758092515435,0.3512630769993555,0.9090193586767458,False
3276,ADM | EAA | GPM | KDA | VAA,0.7037429411561968,0.5418138608965833,0.8980435716546827,False
3277,AAA | BAA_Aggressive | DAA | QSF | VAA,0.7037183123711016,0.5416010540018475,0.8314121945074326,False
3278,AAA | KDA | PAA | QSF | RAA,0.7036667403157273,0.414185283893347,0.8815837063902626,False
3279,AAA | ADM | GPM | PAA | VAA,0.7036651193565071,0.4815852393398689,0.8980435716546827,False
3280,AAA | EAA | FAA | KDA | RAA,0.7036460685845987,0.414185283893347,0.9685534591194968,False
3281,BAA_Balanced | EAA | FAA | PAA | RAA,0.7033767588250451,0.4098810557547072,0.9685534591194968,False
3282,BAA_Aggressive | BAA_Balanced | DAA | FAA | QSF,0.703365120883015,0.3512630769993555,0.8795173961840629,False
3283,BAA_Aggressive | BAA_Balanced | PAA | RAA | VAA,0.7033428916663174,0.3512630769993555,0.9174277016742772,False
3284,AAA | BAA_Balanced | DAA | DM | VAA,0.7033387982050938,0.48759873106542545,0.9067380633645694,False
3285,AAA | ADM | BAA_Balanced | DAA | FAA,0.7032162581936927,0.48759873106542545,0.8639251997095134,False
3286,BAA_Aggressive | GPM | KDA | QSF | VAA,0.7031804893854858,0.568024067826069,0.8082844022884673,False
3287,BAA_Aggressive | DAA | EAA | GPM | LAA,0.7030582501137823,0.5291632268870916,0.9004281650931979,False
3288,EAA | FAA | GPM | LAA | PAA,0.7030420635471548,0.4098810557547072,0.9713964695689841,False
3289,DAA | GPM | LAA | PAA | RAA,0.7030299536175864,0.47314574773044266,0.8771347070300006,False
3290,BAA_Aggressive | BAA_Balanced | EAA | FAA | QSF,0.7030169623392655,0.3512630769993555,0.8795173961840629,False
3291,AAA | DAA | FAA | PAA | RAA,0.7030006381861444,0.47314574773044266,0.9685534591194968,False
3292,BAA_Aggressive | BAA_Balanced | DM | GPM | KDA,0.7029158750391994,0.3512630769993555,0.9345096613216025,False
3293,BAA_Balanced | DAA | GPM | GTAA | RAA,0.7028362110777804,0.48759873106542545,0.8771150588205546,False
3294,ADM | DAA | FAA | KDA | PAA,0.7028290282252649,0.47314574773044266,0.8783909420483494,False
3295,AAA | ADM | BAA_Aggressive | GPM | KDA,0.7027128730514094,0.414185283893347,0.8980435716546827,False
3296,AAA | BAA_Aggressive | DAA | EAA | RAA,0.7027114430906914,0.5014424797616902,0.8655053038787336,False
3297,AAA | ADM | FAA | GPM | KDA,0.7026451256999742,0.414185283893347,0.8980435716546827,False
3298,AAA | BAA_Aggressive | BAA_Balanced | DM | PAA,0.7026001870998393,0.3512630769993555,0.9244038559107052,False
3299,AAA | GPM | KDA | RAA | VAA,0.7025163910293576,0.414185283893347,0.9174277016742772,False
3300,BAA_Balanced | EAA | LAA | PAA | VAA,0.7024809174732247,0.4098810557547072,0.9455331473025538,False
3301,AAA | DAA | GTAA | KDA | LAA,0.7024339658702243,0.414185283893347,0.9090193586767458,False
3302,BAA_Balanced | DAA | PAA | QSF | RAA,0.7024284955120401,0.47314574773044266,0.8446408529741863,False
3303,AAA | BAA_Aggressive | DAA | PAA | RAA,0.7023796110105017,0.47314574773044266,0.8655053038787336,False
3304,ADM | EAA | GPM | PAA | QSF,0.7021135158037359,0.4098810557547072,0.94245658087466,False
3305,BAA_Balanced | GTAA | KDA | PAA | RAA,0.701951966452295,0.5048597299877837,0.8815837063902626,False
3306,AAA | FAA | GTAA | KDA | QSF,0.7019388817431078,0.414185283893347,0.8795173961840629,False
3307,BAA_Balanced | GPM | GTAA | LAA | PAA,0.7018580895390467,0.4815852393398689,0.8961763830349048,False
3308,AAA | DAA | FAA | KDA | RAA,0.7018371715673926,0.414185283893347,0.9685534591194968,False
3309,AAA | ADM | GTAA | KDA | VAA,0.7017670881462664,0.414185283893347,0.8378093664869878,False
3310,AAA | EAA | GPM | RAA | VAA,0.7017594177197666,0.5014424797616902,0.9174277016742772,False
3311,AAA | FAA | PAA | QSF | VAA,0.7016996419288687,0.5336021302606438,0.8795173961840629,False
3312,GPM | KDA | PAA | QSF | RAA,0.7016797289878703,0.4815852393398689,0.8815837063902626,False
3313,AAA | BAA_Aggressive | GPM | KDA | RAA,0.7016460705506701,0.414185283893347,0.8815837063902626,False
3314,AAA | EAA | FAA | LAA | PAA,0.7016080619056803,0.4098810557547072,0.9713964695689841,False
3315,BAA_Aggressive | BAA_Balanced | GTAA | PAA | RAA,0.7015806553226501,0.3512630769993555,0.8771150588205546,False
3316,AAA | BAA_Balanced | DAA | RAA | VAA,0.7015511953258096,0.48759873106542545,0.9174277016742772,False
3317,ADM | BAA_Balanced | DAA | FAA | PAA,0.701478268457173,0.47314574773044266,0.8783909420483494,False
3318,AAA | DAA | GPM | RAA | VAA,0.7014655314887609,0.5416010540018475,0.9174277016742772,False
3319,EAA | GPM | GTAA | KDA | RAA,0.7014398801911104,0.5418138608965833,0.8815837063902626,False
3320,DAA | FAA | GPM | PAA | RAA,0.7014044012861158,0.47314574773044266,0.9685534591194968,False
3321,AAA | DM | GPM | GTAA | KDA,0.7012760166473824,0.414185283893347,0.9345096613216025,False
3322,BAA_Balanced | DAA | GTAA | LAA | PAA,0.7011960648491086,0.47314574773044266,0.8961763830349048,False
3323,AAA | BAA_Aggressive | BAA_Balanced | DM | EAA,0.7011081235990788,0.3512630769993555,0.9244038559107052,False
3324,BAA_Aggressive | KDA | PAA | QSF | VAA,0.7010820218912184,0.5616983147823471,0.8082844022884673,False
3325,BAA_Aggressive | EAA | FAA | PAA | QSF,0.7010800770285198,0.4098810557547072,0.8795173961840629,False
3326,AAA | BAA_Balanced | DAA | GTAA | QSF,0.7010653351184638,0.48759873106542545,0.8533479637646305,False
3327,BAA_Balanced | DAA | DM | KDA | VAA,0.700877724208458,0.48759873106542545,0.9067380633645694,False
3328,AAA | DM | GPM | KDA | VAA,0.7008408564305497,0.414185283893347,0.9345096613216025,False
3329,BAA_Balanced | FAA | GPM | GTAA | VAA,0.7008303797936504,0.5226251714677641,0.7711169900058789,False
3330,BAA_Aggressive | BAA_Balanced | KDA | LAA | PAA,0.7007919007624767,0.3512630769993555,0.9090193586767458,False
3331,GPM | GTAA | PAA | QSF | VAA,0.7007912029633899,0.4815852393398689,0.8533479637646305,False
3332,EAA | FAA | KDA | QSF | VAA,0.7007254040467098,0.5477661727078487,0.8795173961840629,False
3333,ADM | DAA | EAA | FAA | KDA,0.7006989553776618,0.512192095569785,0.8639251997095134,False
3334,ADM | BAA_Balanced | DAA | GTAA | KDA,0.7006037685945972,0.48759873106542545,0.8556662095013574,False
3335,GPM | KDA | PAA | RAA | VAA,0.700592834592966,0.4815852393398689,0.9174277016742772,False
3336,AAA | BAA_Balanced | GTAA | PAA | RAA,0.7004546637985956,0.5048597299877837,0.8771150588205546,False
3337,BAA_Aggressive | GPM | GTAA | PAA | QSF,0.7003803897241078,0.4815852393398689,0.8533479637646305,False
3338,DM | EAA | GTAA | KDA | PAA,0.7002435518815823,0.4098810557547072,0.91337823237752,False
3339,AAA | BAA_Aggressive | EAA | KDA | RAA,0.7000053591662156,0.414185283893347,0.8815837063902626,False
3340,AAA | ADM | EAA | GPM | VAA,0.6999548324259692,0.5014424797616902,0.8980435716546827,False
3341,BAA_Aggressive | FAA | GTAA | KDA | PAA,0.6998803822808826,0.5616983147823471,0.7760632796845709,False
3342,BAA_Aggressive | BAA_Balanced | FAA | GPM | QSF,0.699854204106701,0.3512630769993555,0.8795173961840629,False
3343,DAA | EAA | GPM | LAA | VAA,0.699844675319113,0.5291632268870916,0.9455331473025538,False
3344,BAA_Aggressive | DAA | FAA | GTAA | VAA,0.6996643485171392,0.5416010540018475,0.7760632796845709,False
3345,AAA | BAA_Balanced | DAA | FAA | QSF,0.699661671514205,0.48759873106542545,0.8795173961840629,False
3346,AAA | BAA_Aggressive | PAA | QSF | VAA,0.6996322257050619,0.5336021302606438,0.8082844022884673,False
3347,ADM | BAA_Balanced | EAA | GTAA | PAA,0.6996209610776425,0.4098810557547072,0.8783909420483494,False
3348,AAA | BAA_Aggressive | KDA | QSF | VAA,0.6996023149285866,0.414185283893347,0.8082844022884673,False
3349,BAA_Balanced | GPM | LAA | PAA | RAA,0.6994986080849795,0.4815852393398689,0.884015491074939,False
3350,DM | EAA | KDA | PAA | VAA,0.6994907564186519,0.4098810557547072,0.91337823237752,False
3351,AAA | BAA_Balanced | GPM | GTAA | QSF,0.6994898211919601,0.5226251714677641,0.8533479637646305,False
3352,AAA | BAA_Balanced | FAA | KDA | QSF,0.6993928014329276,0.414185283893347,0.8795173961840629,False
3353,BAA_Aggressive | EAA | GPM | KDA | RAA,0.699367275201813,0.5418138608965833,0.8815837063902626,False
3354,BAA_Aggressive | BAA_Balanced | DAA | DM | KDA,0.6992469222398924,0.3512630769993555,0.9244038559107052,False
3355,BAA_Aggressive | DAA | KDA | QSF | VAA,0.6992109356013269,0.512192095569785,0.8314121945074326,False
3356,BAA_Balanced | DAA | FAA | KDA | QSF,0.6992033446056175,0.48759873106542545,0.8795173961840629,False
3357,AAA | DAA | EAA | GTAA | RAA,0.6990956466825502,0.5014424797616902,0.8771150588205546,False
3358,DAA | GTAA | KDA | QSF | VAA,0.6990816736114083,0.512192095569785,0.8533479637646305,False
3359,AAA | GPM | PAA | RAA | VAA,0.6990658338843704,0.4815852393398689,0.9174277016742772,False
3360,AAA | ADM | BAA_Aggressive | DAA | KDA,0.6990584903869549,0.414185283893347,0.8809924643257977,False
3361,DAA | EAA | GTAA | KDA | RAA,0.6990277981103215,0.512192095569785,0.8815837063902626,False
3362,BAA_Aggressive | BAA_Balanced | DAA | KDA | LAA,0.6990128954225259,0.3512630769993555,0.9090193586767458,False
3363,BAA_Balanced | EAA | LAA | PAA | RAA,0.6989483687330409,0.4098810557547072,0.884015491074939,False
3364,AAA | EAA | GPM | GTAA | RAA,0.6988305226479405,0.5014424797616902,0.8771150588205546,False
3365,AAA | BAA_Aggressive | BAA_Balanced | DM | GPM,0.69874392691294,0.3512630769993555,0.9345096613216025,False
3366,AAA | GTAA | PAA | QSF | VAA,0.6986816716880232,0.5336021302606438,0.8533479637646305,False
3367,ADM | BAA_Balanced | EAA | PAA | VAA,0.698676912753491,0.4098810557547072,0.8783909420483494,False
3368,BAA_Aggressive | FAA | KDA | PAA | VAA,0.6986697238409623,0.5616983147823471,0.7760632796845709,False
3369,BAA_Balanced | EAA | LAA | PAA | QSF,0.6986682429104505,0.4098810557547072,0.884015491074939,False
3370,AAA | BAA_Aggressive | BAA_Balanced | DAA | LAA,0.6986375519014028,0.3512630769993555,0.9004281650931979,False
3371,AAA | GPM | PAA | QSF | RAA,0.698208037733689,0.4815852393398689,0.8655053038787336,False
3372,AAA | ADM | DAA | FAA | PAA,0.6981964677551756,0.47314574773044266,0.8783909420483494,False
3373,AAA | DAA | FAA | QSF | VAA,0.6981237335662066,0.5416010540018475,0.8795173961840629,False
3374,ADM | BAA_Aggressive | DAA | EAA | PAA,0.6980668509874144,0.4098810557547072,0.8809924643257977,False
3375,BAA_Aggressive | BAA_Balanced | GPM | GTAA | RAA,0.6980332874439845,0.3512630769993555,0.8771150588205546,False
3376,BAA_Balanced | DAA | FAA | GPM | QSF,0.6979818442897597,0.48759873106542545,0.8795173961840629,False
3377,ADM | BAA_Balanced | DAA | GTAA | PAA,0.6979519823577791,0.47314574773044266,0.8783909420483494,False
3378,AAA | BAA_Balanced | EAA | FAA | QSF,0.6978396729833694,0.5014424797616902,0.8795173961840629,False
3379,BAA_Balanced | DAA | KDA | RAA | VAA,0.6978317190314488,0.48759873106542545,0.9174277016742772,False
3380,AAA | EAA | KDA | LAA | VAA,0.6978076288017528,0.414185283893347,0.9455331473025538,False
3381,AAA | ADM | BAA_Aggressive | EAA | PAA,0.6977820427934314,0.4098810557547072,0.8809924643257977,False
3382,AAA | BAA_Aggressive | BAA_Balanced | DAA | DM,0.6977521802290318,0.3512630769993555,0.9244038559107052,False
3383,BAA_Aggressive | DAA | GPM | LAA | PAA,0.697594599382961,0.47314574773044266,0.9004281650931979,False
3384,BAA_Balanced | DAA | GPM | GTAA | QSF,0.6975865651947091,0.48759873106542545,0.8533479637646305,False
3385,BAA_Balanced | DAA | DM | PAA | VAA,0.6975640371504499,0.47314574773044266,0.91337823237752,False
3386,ADM | EAA | GPM | GTAA | PAA,0.6975019521333492,0.4098810557547072,0.8980435716546827,False
3387,BAA_Balanced | EAA | FAA | GPM | QSF,0.6974482982123271,0.5226251714677641,0.8795173961840629,False
3388,BAA_Balanced | DM | EAA | GPM | KDA,0.6973933494551339,0.5226251714677641,0.9345096613216025,False
3389,AAA | DAA | GPM | GTAA | QSF,0.6973498417315656,0.543667640607394,0.8533479637646305,False
3390,AAA | DAA | LAA | PAA | VAA,0.6972691429459701,0.47314574773044266,0.9455331473025538,False
3391,EAA | KDA | LAA | PAA | VAA,0.6971878746325016,0.4098810557547072,0.9455331473025538,False
3392,DAA | EAA | GTAA | QSF | VAA,0.6971052917761111,0.5291632268870916,0.8533479637646305,False
3393,DAA | GPM | KDA | RAA | VAA,0.6970353592414251,0.512192095569785,0.9174277016742772,False
3394,AAA | BAA_Aggressive | BAA_Balanced | DM | KDA,0.6969543068197872,0.3512630769993555,0.9244038559107052,False
3395,BAA_Aggressive | BAA_Balanced | GPM | RAA | VAA,0.696904036199427,0.3512630769993555,0.9174277016742772,False
3396,BAA_Aggressive | BAA_Balanced | FAA | PAA | QSF,0.6968566471046169,0.3512630769993555,0.8795173961840629,False
3397,BAA_Aggressive | GPM | KDA | PAA | RAA,0.6967915780391711,0.4815852393398689,0.8815837063902626,False
3398,AAA | DAA | FAA | GPM | QSF,0.696789287179471,0.543667640607394,0.8795173961840629,False
3399,AAA | BAA_Aggressive | EAA | LAA | PAA,0.696757256101816,0.4098810557547072,0.9004281650931979,False
3400,AAA | EAA | LAA | PAA | RAA,0.6966837478857052,0.4098810557547072,0.8915509180853448,False
3401,AAA | ADM | EAA | PAA | QSF,0.6966646008771524,0.4098810557547072,0.94245658087466,False
3402,ADM | BAA_Balanced | DAA | GPM | VAA,0.6964934655333471,0.48759873106542545,0.8980435716546827,False
3403,BAA_Aggressive | BAA_Balanced | DAA | DM | EAA,0.6963721325640805,0.3512630769993555,0.9244038559107052,False
3404,DAA | KDA | LAA | PAA | VAA,0.6962579413471544,0.47314574773044266,0.9455331473025538,False
3405,DAA | EAA | KDA | LAA | VAA,0.6962461532300541,0.512192095569785,0.9455331473025538,False
3406,ADM | DAA | EAA | GPM | VAA,0.6962418764299649,0.5291632268870916,0.8980435716546827,False
3407,AAA | EAA | FAA | QSF | VAA,0.6960642643278986,0.5014424797616902,0.8795173961840629,False
3408,AAA | GTAA | KDA | LAA | PAA,0.6959628182407764,0.414185283893347,0.9090193586767458,False
3409,AAA | ADM | DAA | GPM | VAA,0.6959531423678765,0.5416010540018475,0.8980435716546827,False
3410,BAA_Balanced | EAA | FAA | GTAA | VAA,0.6957930505477089,0.6100633829970151,0.7711169900058789,False
3411,AAA | EAA | GTAA | QSF | VAA,0.6957929646674635,0.5014424797616902,0.8533479637646305,False
3412,AAA | BAA_Aggressive | FAA | GTAA | PAA,0.6957712619504773,0.5336021302606438,0.7760632796845709,False
3413,BAA_Aggressive | BAA_Balanced | DM | EAA | GPM,0.6957229515387081,0.3512630769993555,0.9345096613216025,False
3414,AAA | GPM | GTAA | KDA | RAA,0.6956379791153382,0.414185283893347,0.8815837063902626,False
3415,AAA | ADM | DAA | GTAA | PAA,0.695626015302927,0.47314574773044266,0.8783909420483494,False
3416,BAA_Balanced | GPM | GTAA | KDA | QSF,0.6956238976931944,0.5226251714677641,0.8533479637646305,False
3417,FAA | GPM | GTAA | PAA | VAA,0.6956230586109969,0.4815852393398689,0.7711169900058789,False
3418,DAA | FAA | GPM | KDA | QSF,0.6956202643179086,0.512192095569785,0.8795173961840629,False
3419,AAA | BAA_Aggressive | BAA_Balanced | EAA | LAA,0.6956028251959351,0.3512630769993555,0.9004281650931979,False
3420,GTAA | KDA | PAA | QSF | VAA,0.6954352578588121,0.5616983147823471,0.8533479637646305,False
3421,AAA | DAA | EAA | LAA | VAA,0.6954346039864245,0.5014424797616902,0.9455331473025538,False
3422,BAA_Balanced | EAA | GTAA | LAA | PAA,0.6954057685642562,0.4098810557547072,0.8961763830349048,False
3423,ADM | BAA_Aggressive | EAA | GPM | PAA,0.6953410578779023,0.4098810557547072,0.8980435716546827,False
3424,BAA_Aggressive | EAA | KDA | QSF | VAA,0.6951501801369983,0.5477661727078487,0.8082844022884673,False
3425,BAA_Aggressive | EAA | KDA | PAA | RAA,0.6951089554910007,0.4098810557547072,0.8815837063902626,False
3426,BAA_Balanced | FAA | KDA | PAA | QSF,0.6950595452610016,0.5048597299877837,0.8795173961840629,False
3427,AAA | ADM | FAA | KDA | PAA,0.6950274881330138,0.414185283893347,0.8783909420483494,False
3428,DAA | FAA | KDA | QSF | VAA,0.695004949486641,0.512192095569785,0.8795173961840629,False
3429,BAA_Balanced | DAA | FAA | PAA | RAA,0.6949827574414896,0.47314574773044266,0.9685534591194968,False
3430,BAA_Aggressive | FAA | GPM | GTAA | PAA,0.6949651984446815,0.4815852393398689,0.7760632796845709,False
3431,AAA | EAA | FAA | PAA | RAA,0.6949256582919706,0.4098810557547072,0.9685534591194968,False
3432,AAA | FAA | KDA | QSF | VAA,0.6949082033707363,0.414185283893347,0.8795173961840629,False
3433,DAA | GPM | PAA | QSF | RAA,0.6948803600763701,0.47314574773044266,0.8446408529741863,False
3434,AAA | ADM | BAA_Aggressive | EAA | KDA,0.6947939812068504,0.414185283893347,0.8809924643257977,False
3435,ADM | DAA | EAA | GTAA | KDA,0.694790370800247,0.512192095569785,0.8556662095013574,False
3436,AAA | ADM | BAA_Balanced | KDA | VAA,0.6947805593825,0.414185283893347,0.8553173056097033,False
3437,AAA | DAA | KDA | LAA | VAA,0.6947737424034023,0.414185283893347,0.9455331473025538,False
3438,BAA_Aggressive | DAA | GPM | QSF | VAA,0.6946612940948148,0.5416010540018475,0.8314121945074326,False
3439,EAA | FAA | GPM | PAA | RAA,0.694617873845345,0.4098810557547072,0.9685534591194968,False
3440,ADM | BAA_Aggressive | BAA_Balanced | EAA | KDA,0.6946031265688759,0.3512630769993555,0.8809924643257977,False
3441,ADM | DAA | EAA | FAA | PAA,0.6946022253252361,0.4098810557547072,0.8783909420483494,False
3442,DAA | EAA | FAA | LAA | PAA,0.694574489349346,0.4098810557547072,0.9713964695689841,False
3443,EAA | FAA | GPM | GTAA | VAA,0.6945677880987949,0.5418138608965833,0.7711169900058789,False
3444,AAA | BAA_Aggressive | BAA_Balanced | QSF | VAA,0.6945430565187571,0.3512630769993555,0.8421090534979424,False
3445,AAA | KDA | PAA | RAA | VAA,0.6945281838207585,0.414185283893347,0.9174277016742772,False
3446,BAA_Balanced | DAA | GTAA | KDA | QSF,0.6945222055042994,0.48759873106542545,0.8533479637646305,False
3447,AAA | BAA_Aggressive | BAA_Balanced | LAA | PAA,0.6944593842854224,0.3512630769993555,0.9004281650931979,False
3448,AAA | ADM | DAA | EAA | GTAA,0.6944198621932889,0.5014424797616902,0.8556662095013574,False
3449,EAA | GTAA | KDA | QSF | VAA,0.694369301680698,0.5477661727078487,0.8533479637646305,False
3450,AAA | ADM | DAA | EAA | FAA,0.694243644065127,0.5014424797616902,0.8639251997095134,False
3451,BAA_Aggressive | FAA | GPM | GTAA | KDA,0.6942053494491784,0.568024067826069,0.7760632796845709,False
3452,ADM | DAA | GTAA | KDA | PAA,0.6941737730674395,0.47314574773044266,0.8783909420483494,False
3453,BAA_Aggressive | BAA_Balanced | GPM | KDA | LAA,0.6940295567643433,0.3512630769993555,0.9090193586767458,False
3454,BAA_Aggressive | DAA | FAA | GPM | GTAA,0.6940197887828838,0.5711544972082562,0.7760632796845709,False
3455,GPM | GTAA | KDA | PAA | RAA,0.6939982974523624,0.4815852393398689,0.8815837063902626,False
3456,ADM | BAA_Aggressive | BAA_Balanced | KDA | PAA,0.6939337970269166,0.3512630769993555,0.8809924643257977,False
3457,AAA | DAA | GTAA | PAA | RAA,0.6938979290262542,0.47314574773044266,0.8771150588205546,False
3458,AAA | ADM | EAA | FAA | PAA,0.6938292916880886,0.4098810557547072,0.8783909420483494,False
3459,AAA | BAA_Aggressive | FAA | PAA | VAA,0.6938202095026857,0.5336021302606438,0.7760632796845709,False
3460,AAA | DM | EAA | FAA | KDA,0.6938181580022184,0.414185283893347,0.8787598307092223,False
3461,EAA | KDA | LAA | PAA | QSF,0.6937705989564112,0.4098810557547072,0.9090193586767458,False
3462,BAA_Aggressive | BAA_Balanced | KDA | QSF | VAA,0.693423581817356,0.3512630769993555,0.8421090534979424,False
3463,AAA | BAA_Aggressive | FAA | GPM | GTAA,0.6933761959593057,0.572727551709692,0.7760632796845709,False
3464,AAA | GPM | GTAA | PAA | RAA,0.693211690751638,0.4815852393398689,0.8771150588205546,False
3465,BAA_Aggressive | BAA_Balanced | EAA | GTAA | QSF,0.6931555733885515,0.3512630769993555,0.8533479637646305,False
3466,AAA | DM | EAA | GTAA | PAA,0.6930958252001547,0.4098810557547072,0.91337823237752,False
3467,EAA | FAA | GTAA | PAA | QSF,0.6930507162607792,0.4098810557547072,0.8795173961840629,False
3468,ADM | EAA | GPM | PAA | VAA,0.693032187340032,0.4098810557547072,0.8980435716546827,False
3469,BAA_Balanced | DAA | LAA | PAA | VAA,0.6928619267085248,0.47314574773044266,0.9455331473025538,False
3470,AAA | DM | KDA | PAA | VAA,0.6928304595940054,0.414185283893347,0.91337823237752,False
3471,DAA | GPM | LAA | PAA | VAA,0.6924403870730919,0.47314574773044266,0.9455331473025538,False
3472,BAA_Balanced | FAA | GTAA | PAA | VAA,0.6923508179146592,0.5048597299877837,0.7711169900058789,False
3473,DAA | DM | KDA | PAA | VAA,0.6921701530577898,0.47314574773044266,0.91337823237752,False
3474,AAA | DAA | DM | PAA | VAA,0.6920619561668679,0.47314574773044266,0.91337823237752,False
3475,AAA | BAA_Aggressive | EAA | GPM | RAA,0.6920617076432753,0.5014424797616902,0.8655053038787336,False
3476,DAA | GTAA | KDA | PAA | RAA,0.6920073296115801,0.47314574773044266,0.8815837063902626,False
3477,BAA_Aggressive | EAA | FAA | GPM | GTAA,0.6919692904172796,0.5418138608965833,0.7760632796845709,False
3478,ADM | DAA | GPM | KDA | VAA,0.6919613272997275,0.512192095569785,0.8980435716546827,False
3479,AAA | BAA_Aggressive | EAA | QSF | VAA,0.6918776331083961,0.5014424797616902,0.8082844022884673,False
3480,BAA_Balanced | GPM | PAA | QSF | RAA,0.6917306220383204,0.4815852393398689,0.8446408529741863,False
3481,BAA_Balanced | DAA | EAA | RAA | VAA,0.691694464298686,0.48759873106542545,0.9174277016742772,False
3482,AAA | DM | EAA | PAA | VAA,0.6916026357293534,0.4098810557547072,0.91337823237752,False
3483,AAA | DAA | GTAA | KDA | RAA,0.6915849693252687,0.414185283893347,0.8815837063902626,False
3484,AAA | BAA_Aggressive | GTAA | PAA | VAA,0.6914977074547568,0.5336021302606438,0.7711169900058789,False
3485,AAA | ADM | BAA_Balanced | GTAA | KDA,0.6914912160910426,0.414185283893347,0.8553173056097033,False
3486,BAA_Aggressive | BAA_Balanced | DAA | RAA | VAA,0.6914670650694841,0.3512630769993555,0.9174277016742772,False
3487,AAA | BAA_Aggressive | GPM | PAA | RAA,0.6913087613230792,0.4815852393398689,0.8655053038787336,False
3488,ADM | BAA_Balanced | DAA | EAA | VAA,0.6912035761643491,0.48759873106542545,0.8556662095013574,False
3489,DAA | GTAA | PAA | QSF | VAA,0.6911762858311105,0.47314574773044266,0.8533479637646305,False
3490,ADM | DAA | GPM | PAA | VAA,0.6911344503949428,0.47314574773044266,0.8980435716546827,False
3491,AAA | FAA | GPM | GTAA | VAA,0.6911031200505139,0.572727551709692,0.7711169900058789,False
3492,BAA_Aggressive | BAA_Balanced | DAA | DM | GPM,0.6910785557152578,0.3512630769993555,0.9345096613216025,False
3493,BAA_Balanced | GPM | PAA | RAA | VAA,0.6910391265300997,0.4815852393398689,0.9174277016742772,False
3494,AAA | BAA_Aggressive | BAA_Balanced | GPM | LAA,0.6909770071278216,0.3512630769993555,0.9004281650931979,False
3495,AAA | GTAA | KDA | QSF | VAA,0.6907407400476571,0.414185283893347,0.8533479637646305,False
3496,BAA_Balanced | DAA | GPM | RAA | VAA,0.6907061732075792,0.48759873106542545,0.9174277016742772,False
3497,BAA_Balanced | DAA | EAA | FAA | QSF,0.6906216097009557,0.48759873106542545,0.8795173961840629,False
3498,BAA_Aggressive | DAA | FAA | GTAA | PAA,0.690526521971179,0.47314574773044266,0.7760632796845709,False
3499,DAA | GPM | GTAA | PAA | RAA,0.6905027494269163,0.47314574773044266,0.8771150588205546,False
3500,AAA | EAA | LAA | PAA | VAA,0.6904191524329407,0.4098810557547072,0.9455331473025538,False
3501,BAA_Aggressive | BAA_Balanced | GPM | GTAA | QSF,0.6903825114996103,0.3512630769993555,0.8533479637646305,False
3502,AAA | DM | GTAA | KDA | PAA,0.6903741322226133,0.414185283893347,0.91337823237752,False
3503,BAA_Aggressive | BAA_Balanced | DM | EAA | PAA,0.6902984733563247,0.3512630769993555,0.9244038559107052,False
3504,BAA_Aggressive | GTAA | KDA | PAA | VAA,0.6902624190874563,0.5616983147823471,0.7711169900058789,False
3505,AAA | BAA_Balanced | DM | EAA | GPM,0.6901247384353899,0.5014424797616902,0.9345096613216025,False
3506,BAA_Aggressive | FAA | GPM | KDA | VAA,0.6901032034210333,0.568024067826069,0.7760632796845709,False
3507,DAA | GPM | GTAA | KDA | QSF,0.6900960161644262,0.512192095569785,0.8533479637646305,False
3508,AAA | EAA | GTAA | KDA | LAA,0.6900585652190225,0.414185283893347,0.9090193586767458,False
3509,BAA_Balanced | EAA | GTAA | KDA | QSF,0.6900473042810618,0.5477661727078487,0.8533479637646305,False
3510,AAA | BAA_Balanced | GPM | QSF | VAA,0.6899861162836357,0.5226251714677641,0.8421090534979424,False
3511,AAA | BAA_Balanced | FAA | GTAA | VAA,0.689969361514521,0.6173868639610561,0.7711169900058789,False
3512,ADM | DAA | EAA | GTAA | PAA,0.6898431338300548,0.4098810557547072,0.8783909420483494,False
3513,BAA_Aggressive | FAA | GPM | PAA | VAA,0.6898387836352494,0.4815852393398689,0.7760632796845709,False
3514,BAA_Balanced | DAA | EAA | GTAA | QSF,0.6898366342622817,0.48759873106542545,0.8533479637646305,False
3515,AAA | EAA | KDA | RAA | VAA,0.6898056912930335,0.414185283893347,0.9174277016742772,False
3516,EAA | GTAA | KDA | LAA | PAA,0.6897226858231872,0.4098810557547072,0.9090193586767458,False
3517,ADM | BAA_Aggressive | BAA_Balanced | DAA | VAA,0.6897126477510982,0.3512630769993555,0.8809924643257977,False
3518,AAA | BAA_Balanced | FAA | PAA | QSF,0.6895606992136578,0.5048597299877837,0.8795173961840629,False
3519,DAA | EAA | LAA | PAA | RAA,0.6895367660806062,0.4098810557547072,0.8771347070300006,False
3520,DAA | DM | EAA | KDA | VAA,0.6895228605294166,0.512192095569785,0.8979531271197937,False
3521,BAA_Aggressive | EAA | FAA | GTAA | KDA,0.6894683978903595,0.5477661727078487,0.7760632796845709,False
3522,BAA_Aggressive | DAA | EAA | GPM | RAA,0.689438166393103,0.5291632268870916,0.8420708406819517,False
3523,AAA | DAA | DM | FAA | KDA,0.6893700620871263,0.414185283893347,0.8979531271197937,False
3524,AAA | BAA_Aggressive | GPM | GTAA | VAA,0.6893475207993942,0.572727551709692,0.7711169900058789,False
3525,DAA | EAA | GPM | RAA | VAA,0.6892497794767305,0.5291632268870916,0.9174277016742772,False
3526,BAA_Aggressive | DAA | EAA | LAA | PAA,0.6892355581023171,0.4098810557547072,0.9004281650931979,False
3527,DAA | EAA | FAA | QSF | VAA,0.6891324039886998,0.5291632268870916,0.8795173961840629,False
3528,BAA_Balanced | EAA | PAA | RAA | VAA,0.6890561262948067,0.4098810557547072,0.9174277016742772,False
3529,BAA_Aggressive | BAA_Balanced | DAA | DM | PAA,0.6890464830992806,0.3512630769993555,0.9244038559107052,False
3530,AAA | BAA_Aggressive | DAA | GPM | QSF,0.6889274759267628,0.543667640607394,0.8314121945074326,False
3531,AAA | ADM | GPM | GTAA | KDA,0.6888820500183362,0.414185283893347,0.8980435716546827,False
3532,AAA | BAA_Balanced | EAA | GTAA | QSF,0.6888105100968492,0.5014424797616902,0.8533479637646305,False
3533,AAA | ADM | GPM | KDA | VAA,0.6886456768406279,0.414185283893347,0.8980435716546827,False
3534,AAA | ADM | BAA_Balanced | DAA | VAA,0.6885558211173541,0.48759873106542545,0.8556662095013574,False
3535,AAA | BAA_Aggressive | FAA | GPM | VAA,0.6885336559232894,0.572727551709692,0.7760632796845709,False
3536,BAA_Aggressive | BAA_Balanced | EAA | KDA | RAA,0.6885148230815891,0.3512630769993555,0.8815837063902626,False
3537,AAA | BAA_Aggressive | BAA_Balanced | KDA | RAA,0.6884345974455395,0.3512630769993555,0.8815837063902626,False
3538,BAA_Aggressive | BAA_Balanced | FAA | GTAA | VAA,0.6883501131254224,0.3512630769993555,0.7760632796845709,False
3539,BAA_Balanced | DAA | DM | EAA | GPM,0.6880379553037324,0.48759873106542545,0.9345096613216025,False
3540,FAA | GPM | GTAA | KDA | VAA,0.6879764575328899,0.568024067826069,0.7711169900058789,False
3541,BAA_Aggressive | BAA_Balanced | DM | GPM | PAA,0.6879761878339017,0.3512630769993555,0.9345096613216025,False
3542,EAA | KDA | PAA | RAA | VAA,0.6878402236929259,0.4098810557547072,0.9174277016742772,False
3543,AAA | DAA | DM | GTAA | KDA,0.6878191053652731,0.414185283893347,0.8979531271197937,False
3544,AAA | DAA | DM | EAA | VAA,0.6875919127960493,0.5014424797616902,0.8979531271197937,False
3545,BAA_Balanced | FAA | GTAA | KDA | VAA,0.6875533949498721,0.6193150680482424,0.7711169900058789,False
3546,AAA | ADM | BAA_Aggressive | BAA_Balanced | PAA,0.687301927178663,0.3512630769993555,0.8809924643257977,False
3547,DAA | EAA | KDA | RAA | VAA,0.6872540396677846,0.512192095569785,0.9174277016742772,False
3548,BAA_Aggressive | EAA | GTAA | PAA | QSF,0.6872392121016077,0.4098810557547072,0.8533479637646305,False
3549,ADM | EAA | GTAA | KDA | PAA,0.6871536943079504,0.4098810557547072,0.8783909420483494,False
3550,BAA_Aggressive | DAA | EAA | FAA | GTAA,0.6871094997037706,0.5291632268870916,0.7760632796845709,False
3551,AAA | BAA_Balanced | DAA | DM | GPM,0.6869541825990256,0.48759873106542545,0.9345096613216025,False
3552,BAA_Balanced | EAA | PAA | QSF | RAA,0.6869114814023454,0.4098810557547072,0.8446408529741863,False
3553,DAA | EAA | FAA | PAA | RAA,0.6869019096820861,0.4098810557547072,0.9685534591194968,False
3554,EAA | GPM | LAA | PAA | VAA,0.6868788490134655,0.4098810557547072,0.9455331473025538,False
3555,AAA | BAA_Aggressive | DAA | FAA | GTAA,0.686875477536516,0.543667640607394,0.7760632796845709,False
3556,BAA_Balanced | GPM | KDA | QSF | VAA,0.6868605867927411,0.5226251714677641,0.8421090534979424,False
3557,ADM | BAA_Aggressive | BAA_Balanced | GPM | KDA,0.6866496900657098,0.3512630769993555,0.8980435716546827,False
3558,BAA_Balanced | EAA | GPM | GTAA | QSF,0.6866201926264976,0.5226251714677641,0.8533479637646305,False
3559,ADM | EAA | KDA | PAA | VAA,0.6865996858841446,0.4098810557547072,0.8783909420483494,False
3560,AAA | DAA | EAA | RAA | VAA,0.6865814942321422,0.5014424797616902,0.9174277016742772,False
3561,AAA | BAA_Balanced | GTAA | KDA | QSF,0.6864674748837633,0.414185283893347,0.8533479637646305,False
3562,BAA_Balanced | DAA | DM | GPM | KDA,0.6864428698203929,0.48759873106542545,0.9345096613216025,False
3563,EAA | FAA | GPM | KDA | QSF,0.6863976607611235,0.5418138608965833,0.8795173961840629,False
3564,BAA_Aggressive | DAA | GPM | KDA | QSF,0.6863698603749911,0.512192095569785,0.8314121945074326,False
3565,AAA | ADM | BAA_Aggressive | BAA_Balanced | EAA,0.6861485058781767,0.3512630769993555,0.8809924643257977,False
3566,EAA | KDA | PAA | QSF | RAA,0.6860909776871482,0.4098810557547072,0.8815837063902626,False
3567,DAA | FAA | PAA | QSF | VAA,0.6859500686241096,0.47314574773044266,0.8795173961840629,False
3568,BAA_Aggressive | GPM | GTAA | PAA | VAA,0.685717338888011,0.4815852393398689,0.7711169900058789,False
3569,BAA_Balanced | DM | GPM | KDA | PAA,0.6857051763728188,0.4815852393398689,0.9345096613216025,False
3570,DAA | EAA | LAA | PAA | QSF,0.6856490647701794,0.4098810557547072,0.8771347070300006,False
3571,DAA | EAA | FAA | GPM | QSF,0.685390204381315,0.5291632268870916,0.8795173961840629,False
3572,BAA_Aggressive | EAA | FAA | KDA | VAA,0.6853324913895327,0.5477661727078487,0.7760632796845709,False
3573,ADM | BAA_Balanced | DAA | KDA | VAA,0.68527470200218,0.48759873106542545,0.8556662095013574,False
3574,BAA_Aggressive | EAA | FAA | GTAA | PAA,0.6850836180391685,0.4098810557547072,0.7760632796845709,False
3575,AAA | EAA | LAA | PAA | QSF,0.6850571862112644,0.4098810557547072,0.8915509180853448,False
3576,BAA_Aggressive | DAA | FAA | GTAA | KDA,0.6850274249109901,0.512192095569785,0.7760632796845709,False
3577,BAA_Balanced | DAA | GTAA | PAA | RAA,0.6849242146344543,0.47314574773044266,0.8771150588205546,False
3578,DAA | EAA | GTAA | LAA | PAA,0.6849049725230093,0.4098810557547072,0.8961763830349048,False
3579,BAA_Balanced | GPM | GTAA | PAA | RAA,0.6848346292898421,0.4815852393398689,0.8771150588205546,False
3580,BAA_Aggressive | GPM | GTAA | KDA | VAA,0.6848322655915611,0.568024067826069,0.7711169900058789,False
3581,AAA | GTAA | KDA | PAA | RAA,0.6847582843185146,0.414185283893347,0.8815837063902626,False
3582,AAA | BAA_Aggressive | EAA | PAA | RAA,0.6845234210919304,0.4098810557547072,0.8655053038787336,False
3583,BAA_Aggressive | DAA | EAA | QSF | VAA,0.6844576473260328,0.5291632268870916,0.8314121945074326,False
3584,AAA | DAA | PAA | RAA | VAA,0.6843090246367527,0.47314574773044266,0.9174277016742772,False
3585,BAA_Aggressive | BAA_Balanced | GTAA | PAA | QSF,0.6842485875734925,0.3512630769993555,0.8533479637646305,False
3586,BAA_Aggressive | EAA | GPM | QSF | VAA,0.6841090672855124,0.5418138608965833,0.8082844022884673,False
3587,AAA | BAA_Aggressive | DAA | KDA | QSF,0.6841055069599619,0.414185283893347,0.8314121945074326,False
3588,AAA | ADM | EAA | FAA | KDA,0.6840797023198505,0.414185283893347,0.8639251997095134,False
3589,BAA_Aggressive | EAA | FAA | GPM | VAA,0.6839176275469412,0.5418138608965833,0.7760632796845709,False
3590,DAA | DM | EAA | PAA | VAA,0.6839137227380343,0.4098810557547072,0.91337823237752,False
3591,DAA | EAA | GPM | GTAA | QSF,0.6837621198904766,0.5291632268870916,0.8533479637646305,False
3592,AAA | EAA | GTAA | LAA | PAA,0.6836943576314973,0.4098810557547072,0.8961763830349048,False
3593,AAA | BAA_Aggressive | EAA | FAA | GTAA,0.6835365267175086,0.5014424797616902,0.7760632796845709,False
3594,BAA_Aggressive | DAA | PAA | QSF | VAA,0.6833945269571383,0.47314574773044266,0.8314121945074326,False
3595,BAA_Balanced | DAA | DM | EAA | KDA,0.6833867913681415,0.48759873106542545,0.9067380633645694,False
3596,EAA | GPM | GTAA | LAA | PAA,0.6833294165736625,0.4098810557547072,0.8961763830349048,False
3597,AAA | ADM | BAA_Aggressive | BAA_Balanced | GPM,0.6832977870579887,0.3512630769993555,0.8980435716546827,False
3598,DAA | KDA | PAA | RAA | VAA,0.6831588192299496,0.47314574773044266,0.9174277016742772,False
3599,AAA | DAA | KDA | RAA | VAA,0.683020333717054,0.414185283893347,0.9174277016742772,False
3600,AAA | FAA | GPM | KDA | QSF,0.6829882133057991,0.414185283893347,0.8795173961840629,False
3601,AAA | EAA | GTAA | KDA | RAA,0.6829610398516958,0.414185283893347,0.8815837063902626,False
3602,BAA_Balanced | EAA | GTAA | PAA | RAA,0.6828853895272308,0.4098810557547072,0.8771150588205546,False
3603,AAA | BAA_Balanced | GPM | KDA | LAA,0.6826493372959055,0.414185283893347,0.9090193586767458,False
3604,BAA_Aggressive | GPM | PAA | QSF | VAA,0.6826248326766113,0.4815852393398689,0.8082844022884673,False
3605,BAA_Aggressive | EAA | GPM | GTAA | VAA,0.6825428533801132,0.5418138608965833,0.7711169900058789,False
3606,DAA | DM | EAA | GPM | KDA,0.6825179483899734,0.512192095569785,0.9345096613216025,False
3607,BAA_Balanced | EAA | GPM | KDA | LAA,0.6824320881775343,0.5226251714677641,0.9090193586767458,False
3608,ADM | BAA_Aggressive | BAA_Balanced | DAA | KDA,0.6823986544712511,0.3512630769993555,0.8809924643257977,False
3609,ADM | BAA_Balanced | EAA | GPM | KDA,0.6823082168074923,0.5226251714677641,0.8980435716546827,False
3610,AAA | ADM | BAA_Aggressive | BAA_Balanced | KDA,0.6820184148587075,0.3512630769993555,0.8809924643257977,False
3611,DAA | FAA | GPM | GTAA | VAA,0.6818606158812285,0.5416010540018475,0.7711169900058789,False
3612,AAA | DM | EAA | GTAA | KDA,0.6818343747895863,0.414185283893347,0.8787598307092223,False
3613,EAA | FAA | PAA | QSF | VAA,0.6817866462727985,0.4098810557547072,0.8795173961840629,False
3614,AAA | ADM | BAA_Aggressive | BAA_Balanced | DAA,0.6817239575789287,0.3512630769993555,0.8809924643257977,False
3615,ADM | BAA_Balanced | DAA | PAA | VAA,0.6815986469840751,0.47314574773044266,0.8783909420483494,False
3616,AAA | BAA_Balanced | DM | GPM | KDA,0.6815010464969468,0.414185283893347,0.9345096613216025,False
3617,BAA_Aggressive | BAA_Balanced | KDA | PAA | RAA,0.6814416227736956,0.3512630769993555,0.8815837063902626,False
3618,AAA | DM | EAA | KDA | VAA,0.6813654541000718,0.414185283893347,0.8787598307092223,False
3619,EAA | GTAA | KDA | PAA | RAA,0.681279447025004,0.4098810557547072,0.8815837063902626,False
3620,BAA_Balanced | EAA | KDA | QSF | VAA,0.6812502329079266,0.5477661727078487,0.8421090534979424,False
3621,AAA | EAA | PAA | RAA | VAA,0.6812105053013522,0.4098810557547072,0.9174277016742772,False
3622,BAA_Aggressive | BAA_Balanced | DAA | EAA | LAA,0.6811479521598933,0.3512630769993555,0.9004281650931979,False
3623,EAA | GPM | LAA | PAA | RAA,0.6809008925333305,0.4098810557547072,0.8271683266569142,False
3624,AAA | BAA_Balanced | KDA | QSF | VAA,0.6808795263449504,0.414185283893347,0.8421090534979424,False
3625,AAA | ADM | EAA | GTAA | PAA,0.6808260127450609,0.4098810557547072,0.8783909420483494,False
3626,FAA | GPM | KDA | PAA | QSF,0.6807934392942181,0.4815852393398689,0.8795173961840629,False
3627,AAA | ADM | KDA | PAA | VAA,0.6807831599378587,0.414185283893347,0.8783909420483494,False
3628,FAA | GTAA | KDA | PAA | VAA,0.6806408644975248,0.5616983147823471,0.7711169900058789,False
3629,AAA | BAA_Aggressive | BAA_Balanced | EAA | RAA,0.6804985595700767,0.3512630769993555,0.8655053038787336,False
3630,AAA | FAA | GTAA | PAA | VAA,0.680487560174616,0.5336021302606438,0.7711169900058789,False
3631,AAA | BAA_Balanced | DM | GPM | PAA,0.6802593161955204,0.4815852393398689,0.9345096613216025,False
3632,BAA_Aggressive | BAA_Balanced | DAA | KDA | RAA,0.6800181548110511,0.3512630769993555,0.8815837063902626,False
3633,BAA_Balanced | FAA | GPM | PAA | QSF,0.6799304972370487,0.4815852393398689,0.8795173961840629,False
3634,BAA_Aggressive | EAA | FAA | PAA | VAA,0.6799234427570549,0.4098810557547072,0.7760632796845709,False
3635,BAA_Aggressive | DAA | GPM | PAA | RAA,0.6798675071073463,0.47314574773044266,0.8420708406819517,False
3636,AAA | EAA | FAA | GPM | QSF,0.679786759824309,0.5014424797616902,0.8795173961840629,False
3637,AAA | BAA_Aggressive | BAA_Balanced | DAA | RAA,0.6797818150979154,0.3512630769993555,0.8655053038787336,False
3638,BAA_Balanced | DM | EAA | KDA | PAA,0.6796778065941679,0.4098810557547072,0.91337823237752,False
3639,BAA_Aggressive | EAA | GTAA | KDA | VAA,0.6796718572164372,0.5477661727078487,0.7711169900058789,False
3640,BAA_Aggressive | DAA | GPM | GTAA | VAA,0.6796168911869442,0.5416010540018475,0.7711169900058789,False
3641,AAA | ADM | EAA | PAA | VAA,0.6795316103133843,0.4098810557547072,0.8783909420483494,False
3642,AAA | BAA_Balanced | DAA | GPM | LAA,0.6795029898866787,0.48759873106542545,0.8915509180853448,False
3643,ADM | BAA_Aggressive | BAA_Balanced | DAA | EAA,0.6795001390356168,0.3512630769993555,0.8809924643257977,False
3644,ADM | BAA_Aggressive | BAA_Balanced | EAA | GPM,0.6794330408053961,0.3512630769993555,0.8980435716546827,False
3645,AAA | BAA_Balanced | EAA | QSF | VAA,0.679273044715843,0.5014424797616902,0.8421090534979424,False
3646,AAA | BAA_Aggressive | EAA | GTAA | VAA,0.6790843947412921,0.5014424797616902,0.7711169900058789,False
3647,AAA | BAA_Balanced | EAA | KDA | LAA,0.678925500062945,0.414185283893347,0.9090193586767458,False
3648,AAA | ADM | DAA | PAA | VAA,0.678922325821698,0.47314574773044266,0.8783909420483494,False
3649,BAA_Aggressive | DAA | EAA | KDA | QSF,0.6788865466570049,0.512192095569785,0.8314121945074326,False
3650,AAA | BAA_Balanced | DAA | DM | EAA,0.6787953864637961,0.48759873106542545,0.9067380633645694,False
3651,AAA | BAA_Aggressive | EAA | FAA | VAA,0.6786602262088107,0.5014424797616902,0.7760632796845709,False
3652,AAA | DAA | DM | EAA | GPM,0.6786372394386029,0.5014424797616902,0.9345096613216025,False
3653,AAA | ADM | DAA | FAA | KDA,0.6785630014755576,0.414185283893347,0.8639251997095134,False
3654,ADM | DAA | KDA | PAA | VAA,0.6782104775940816,0.47314574773044266,0.8783909420483494,False
3655,AAA | ADM | GTAA | KDA | PAA,0.6781280455273422,0.414185283893347,0.8783909420483494,False
3656,BAA_Balanced | DAA | GPM | KDA | LAA,0.6778722786183082,0.48759873106542545,0.9090193586767458,False
3657,AAA | BAA_Balanced | GTAA | PAA | QSF,0.6777848657467271,0.5048597299877837,0.8533479637646305,False
3658,DAA | GPM | PAA | RAA | VAA,0.677738482675774,0.47314574773044266,0.9174277016742772,False
3659,AAA | EAA | PAA | QSF | RAA,0.6775165687499887,0.4098810557547072,0.8655053038787336,False
3660,DAA | EAA | FAA | KDA | QSF,0.6774904190643575,0.512192095569785,0.8795173961840629,False
3661,AAA | BAA_Aggressive | DAA | GTAA | VAA,0.6774468850015263,0.5416010540018475,0.7711169900058789,False
3662,BAA_Aggressive | EAA | GPM | LAA | PAA,0.677275390740164,0.4098810557547072,0.9004281650931979,False
3663,BAA_Balanced | GTAA | KDA | PAA | QSF,0.6771989090884941,0.5048597299877837,0.8533479637646305,False
3664,DAA | EAA | PAA | QSF | RAA,0.6771182712553535,0.4098810557547072,0.8446408529741863,False
3665,BAA_Balanced | DAA | EAA | KDA | LAA,0.6770778215480314,0.48759873106542545,0.9090193586767458,False
3666,EAA | GTAA | PAA | QSF | VAA,0.6765800369890201,0.4098810557547072,0.8533479637646305,False
3667,AAA | BAA_Aggressive | DAA | EAA | QSF,0.6763414445257984,0.5014424797616902,0.8314121945074326,False
3668,AAA | BAA_Balanced | EAA | GPM | LAA,0.6762828756475281,0.5014424797616902,0.8915509180853448,False
3669,AAA | BAA_Balanced | DAA | QSF | VAA,0.6761185826879054,0.48759873106542545,0.8421090534979424,False
3670,BAA_Aggressive | DAA | EAA | PAA | RAA,0.6760115470388814,0.4098810557547072,0.8420708406819517,False
3671,AAA | FAA | GPM | PAA | QSF,0.6760052891998491,0.4815852393398689,0.8795173961840629,False
3672,BAA_Aggressive | BAA_Balanced | EAA | QSF | VAA,0.6760004847493144,0.3512630769993555,0.8421090534979424,False
3673,EAA | GPM | PAA | RAA | VAA,0.6759284157937766,0.4098810557547072,0.9174277016742772,False
3674,ADM | DAA | EAA | KDA | VAA,0.6759018272659825,0.512192095569785,0.8556662095013574,False
3675,BAA_Aggressive | DAA | GTAA | PAA | VAA,0.6758787450394304,0.47314574773044266,0.7711169900058789,False
3676,AAA | ADM | BAA_Balanced | EAA | GPM,0.6758596509062865,0.5014424797616902,0.8980435716546827,False
3677,BAA_Aggressive | DAA | KDA | PAA | QSF,0.6758226544258018,0.47314574773044266,0.8314121945074326,False
3678,DAA | DM | GPM | KDA | PAA,0.6757483926929165,0.47314574773044266,0.9345096613216025,False
3679,BAA_Balanced | DAA | PAA | RAA | VAA,0.6756856643524778,0.47314574773044266,0.9174277016742772,False
3680,AAA | BAA_Balanced | DAA | KDA | LAA,0.6756541429571221,0.414185283893347,0.9090193586767458,False
3681,DAA | EAA | GTAA | PAA | RAA,0.6756105614792632,0.4098810557547072,0.8771150588205546,False
3682,AAA | BAA_Balanced | DM | EAA | KDA,0.6755155878820116,0.414185283893347,0.9067380633645694,False
3683,BAA_Aggressive | EAA | GTAA | PAA | VAA,0.675412301666193,0.4098810557547072,0.7711169900058789,False
3684,AAA | EAA | GTAA | PAA | RAA,0.6753901226413015,0.4098810557547072,0.8771150588205546,False
3685,AAA | BAA_Aggressive | BAA_Balanced | PAA | RAA,0.6752481101046286,0.3512630769993555,0.8655053038787336,False
3686,AAA | BAA_Aggressive | DAA | PAA | QSF,0.6751003031370407,0.47314574773044266,0.8314121945074326,False
3687,AAA | ADM | DAA | GTAA | KDA,0.6748430559410753,0.414185283893347,0.8556662095013574,False
3688,AAA | ADM | DAA | EAA | VAA,0.6747909246511534,0.5014424797616902,0.8556662095013574,False
3689,EAA | FAA | GTAA | PAA | VAA,0.6746714898536142,0.4098810557547072,0.7711169900058789,False
3690,AAA | BAA_Aggressive | FAA | GTAA | KDA,0.6744258454696246,0.414185283893347,0.7760632796845709,False
3691,BAA_Aggressive | BAA_Balanced | GPM | KDA | RAA,0.6742832061183183,0.3512630769993555,0.8815837063902626,False
3692,AAA | BAA_Aggressive | GPM | KDA | QSF,0.6742259348060463,0.414185283893347,0.8082844022884673,False
3693,ADM | BAA_Aggressive | BAA_Balanced | EAA | PAA,0.6741564425567875,0.3512630769993555,0.8809924643257977,False
3694,BAA_Balanced | EAA | GPM | QSF | VAA,0.673907364883851,0.5226251714677641,0.8421090534979424,False
3695,AAA | BAA_Balanced | KDA | LAA | PAA,0.6738406497749238,0.414185283893347,0.9090193586767458,False
3696,AAA | DAA | EAA | GTAA | QSF,0.6737275824514131,0.5014424797616902,0.8533479637646305,False
3697,ADM | BAA_Aggressive | BAA_Balanced | DAA | GPM,0.6737200400527448,0.3512630769993555,0.8980435716546827,False
3698,AAA | DAA | DM | GPM | PAA,0.6736904345839917,0.47314574773044266,0.9345096613216025,False
3699,AAA | BAA_Balanced | DAA | EAA | LAA,0.6736058151334238,0.48759873106542545,0.8915509180853448,False
3700,BAA_Aggressive | BAA_Balanced | DAA | GPM | LAA,0.673592753929096,0.3512630769993555,0.9004281650931979,False
3701,AAA | DAA | EAA | FAA | QSF,0.6735567242429418,0.5014424797616902,0.8795173961840629,False
3702,BAA_Balanced | DAA | FAA | PAA | QSF,0.6735249229656839,0.47314574773044266,0.8795173961840629,False
3703,AAA | BAA_Aggressive | FAA | KDA | VAA,0.6734990618031198,0.414185283893347,0.7760632796845709,False
3704,EAA | GPM | LAA | PAA | QSF,0.673465220691725,0.4098810557547072,0.8560660018993352,False
3705,EAA | GPM | GTAA | PAA | RAA,0.6732833954953663,0.4098810557547072,0.8771150588205546,False
3706,BAA_Aggressive | BAA_Balanced | GPM | QSF | VAA,0.673261183333055,0.3512630769993555,0.8421090534979424,False
3707,AAA | BAA_Balanced | DM | KDA | PAA,0.6730662420052635,0.414185283893347,0.91337823237752,False
3708,DAA | EAA | LAA | PAA | VAA,0.673011357440578,0.4098810557547072,0.9455331473025538,False
3709,DAA | FAA | GPM | PAA | QSF,0.6727910207912948,0.47314574773044266,0.8795173961840629,False
3710,AAA | DAA | FAA | KDA | QSF,0.6724400438997525,0.414185283893347,0.8795173961840629,False
3711,DAA | FAA | KDA | PAA | QSF,0.6723073118374587,0.47314574773044266,0.8795173961840629,False
3712,BAA_Aggressive | DAA | EAA | GTAA | VAA,0.6722831452915259,0.5291632268870916,0.7711169900058789,False
3713,EAA | FAA | GTAA | KDA | VAA,0.6721695176222015,0.5477661727078487,0.7711169900058789,False
3714,BAA_Balanced | DAA | DM | KDA | PAA,0.6721197325258332,0.47314574773044266,0.91337823237752,False
3715,AAA | DAA | DM | KDA | VAA,0.6719408976262063,0.414185283893347,0.8979531271197937,False
3716,ADM | BAA_Balanced | DAA | EAA | GPM,0.6718604919670674,0.48759873106542545,0.8980435716546827,False
3717,BAA_Aggressive | BAA_Balanced | EAA | GPM | LAA,0.6718464796770314,0.3512630769993555,0.9004281650931979,False
3718,ADM | BAA_Aggressive | BAA_Balanced | DAA | PAA,0.6718358473705426,0.3512630769993555,0.8809924643257977,False
3719,AAA | ADM | BAA_Balanced | DAA | GPM,0.6716204901407214,0.48759873106542545,0.8980435716546827,False
3720,DAA | EAA | GTAA | KDA | QSF,0.6715764745672519,0.512192095569785,0.8533479637646305,False
3721,BAA_Aggressive | BAA_Balanced | DAA | QSF | VAA,0.6713721827342907,0.3512630769993555,0.8421090534979424,False
3722,AAA | BAA_Aggressive | BAA_Balanced | GPM | RAA,0.6713696602897838,0.3512630769993555,0.8655053038787336,False
3723,ADM | BAA_Aggressive | BAA_Balanced | GPM | PAA,0.6713476349003153,0.3512630769993555,0.8980435716546827,False
3724,BAA_Balanced | KDA | PAA | QSF | VAA,0.6713270857762654,0.5048597299877837,0.8421090534979424,False
3725,BAA_Aggressive | BAA_Balanced | DAA | LAA | PAA,0.6711867982838203,0.3512630769993555,0.9004281650931979,False
3726,AAA | BAA_Balanced | PAA | QSF | VAA,0.6711726484266273,0.5048597299877837,0.8421090534979424,False
3727,BAA_Aggressive | DAA | FAA | GPM | VAA,0.6705588388629933,0.5416010540018475,0.7760632796845709,False
3728,EAA | GPM | GTAA | KDA | QSF,0.6704405861168622,0.5418138608965833,0.8533479637646305,False
3729,BAA_Balanced | DM | EAA | GPM | PAA,0.6704214228216637,0.4098810557547072,0.9345096613216025,False
3730,BAA_Balanced | DAA | KDA | QSF | VAA,0.6703158470816121,0.48759873106542545,0.8421090534979424,False
3731,ADM | BAA_Balanced | DAA | GPM | KDA,0.6702891322435504,0.48759873106542545,0.8980435716546827,False
3732,ADM | BAA_Balanced | GPM | KDA | PAA,0.670281401524903,0.4815852393398689,0.8980435716546827,False
3733,BAA_Aggressive | DAA | GTAA | KDA | VAA,0.6702544236782946,0.512192095569785,0.7711169900058789,False
3734,AAA | DAA | FAA | PAA | QSF,0.6701963678584885,0.47314574773044266,0.8795173961840629,False
3735,AAA | EAA | FAA | GTAA | VAA,0.6701934624568471,0.5014424797616902,0.7711169900058789,False
3736,AAA | BAA_Aggressive | GTAA | KDA | VAA,0.6700270666729572,0.414185283893347,0.7711169900058789,False
3737,BAA_Aggressive | BAA_Balanced | PAA | QSF | VAA,0.6700187469951617,0.3512630769993555,0.8421090534979424,False
3738,BAA_Balanced | DAA | GTAA | PAA | QSF,0.6699932769465995,0.47314574773044266,0.8533479637646305,False
3739,BAA_Aggressive | DAA | FAA | PAA | VAA,0.669957059639513,0.47314574773044266,0.7760632796845709,False
3740,ADM | DAA | EAA | PAA | VAA,0.6699303215145035,0.4098810557547072,0.8783909420483494,False
3741,AAA | ADM | EAA | GTAA | KDA,0.6699269302945894,0.414185283893347,0.8471589623827948,False
3742,AAA | EAA | GPM | GTAA | QSF,0.6699144878856247,0.5014424797616902,0.8533479637646305,False
3743,AAA | ADM | EAA | KDA | VAA,0.6696567966441993,0.414185283893347,0.8471589623827948,False
3744,BAA_Balanced | EAA | FAA | PAA | QSF,0.6695989713218451,0.4098810557547072,0.8795173961840629,False
3745,AAA | BAA_Aggressive | KDA | PAA | QSF,0.6695670616597333,0.414185283893347,0.8082844022884673,False
3746,BAA_Balanced | DAA | GPM | QSF | VAA,0.6694644504025101,0.48759873106542545,0.8421090534979424,False
3747,BAA_Aggressive | EAA | PAA | QSF | VAA,0.6694498945814297,0.4098810557547072,0.8082844022884673,False
3748,BAA_Balanced | DAA | DM | GPM | PAA,0.6693548200983026,0.47314574773044266,0.9345096613216025,False
3749,AAA | BAA_Balanced | DAA | DM | PAA,0.6693510784639332,0.47314574773044266,0.91337823237752,False
3750,AAA | BAA_Aggressive | BAA_Balanced | DAA | QSF,0.6693393450482529,0.3512630769993555,0.8421090534979424,False
3751,AAA | GPM | GTAA | KDA | QSF,0.6692197777044705,0.414185283893347,0.8533479637646305,False
3752,AAA | BAA_Balanced | DM | EAA | PAA,0.6691292287338911,0.4098810557547072,0.91337823237752,False
3753,AAA | DAA | GPM | QSF | VAA,0.6688773728318413,0.5416010540018475,0.8314121945074326,False
3754,AAA | DAA | GTAA | KDA | QSF,0.6687147384455796,0.414185283893347,0.8533479637646305,False
3755,AAA | DAA | GPM | KDA | LAA,0.6686824447263549,0.414185283893347,0.9090193586767458,False
3756,BAA_Balanced | EAA | GPM | KDA | RAA,0.6686782036760517,0.5226251714677641,0.8815837063902626,False
3757,DAA | GPM | GTAA | PAA | QSF,0.6684162657200461,0.47314574773044266,0.8533479637646305,False
3758,ADM | DAA | EAA | GPM | KDA,0.6683461997559748,0.512192095569785,0.8980435716546827,False
3759,AAA | BAA_Aggressive | BAA_Balanced | KDA | QSF,0.668170007719931,0.3512630769993555,0.8421090534979424,False
3760,DM | EAA | GPM | KDA | PAA,0.668125937936925,0.4098810557547072,0.9345096613216025,False
3761,BAA_Balanced | GPM | KDA | LAA | PAA,0.6681084106839461,0.4815852393398689,0.9090193586767458,False
3762,BAA_Balanced | DAA | FAA | GTAA | VAA,0.6679053495058163,0.48759873106542545,0.7711169900058789,False
3763,DAA | EAA | GPM | KDA | LAA,0.6677471023323576,0.512192095569785,0.9090193586767458,False
3764,ADM | BAA_Balanced | DAA | EAA | KDA,0.6677195759253483,0.48759873106542545,0.8556662095013574,False
3765,AAA | DAA | GTAA | PAA | QSF,0.6676205554865493,0.47314574773044266,0.8533479637646305,False
3766,BAA_Aggressive | BAA_Balanced | DAA | KDA | QSF,0.6674924254494563,0.3512630769993555,0.8421090534979424,False
3767,BAA_Aggressive | EAA | GPM | KDA | QSF,0.6673660467938086,0.5418138608965833,0.8082844022884673,False
3768,AAA | DAA | DM | GPM | KDA,0.6673437387074123,0.414185283893347,0.9345096613216025,False
3769,AAA | ADM | BAA_Balanced | GPM | KDA,0.6672596847276658,0.414185283893347,0.8980435716546827,False
3770,BAA_Aggressive | DAA | EAA | GPM | QSF,0.6672590576610448,0.5291632268870916,0.8314121945074326,False
3771,BAA_Aggressive | BAA_Balanced | FAA | GTAA | KDA,0.6669529461315868,0.3512630769993555,0.7760632796845709,False
3772,AAA | BAA_Balanced | EAA | KDA | RAA,0.6669134016495627,0.414185283893347,0.8815837063902626,False
3773,AAA | BAA_Aggressive | DAA | FAA | VAA,0.6665898899782657,0.5416010540018475,0.7760632796845709,False
3774,BAA_Aggressive | BAA_Balanced | FAA | KDA | VAA,0.6663765165726073,0.3512630769993555,0.7760632796845709,False
3775,BAA_Aggressive | BAA_Balanced | EAA | FAA | GTAA,0.6663652121316198,0.3512630769993555,0.7760632796845709,False
3776,BAA_Balanced | GPM | GTAA | PAA | QSF,0.6663557210708088,0.4815852393398689,0.8533479637646305,False
3777,AAA | BAA_Balanced | GPM | KDA | RAA,0.6661341576703441,0.414185283893347,0.8815837063902626,False
3778,BAA_Aggressive | BAA_Balanced | EAA | LAA | PAA,0.6660481184653495,0.3512630769993555,0.9004281650931979,False
3779,AAA | BAA_Balanced | DAA | DM | KDA,0.6658535607006738,0.414185283893347,0.9067380633645694,False
3780,BAA_Aggressive | FAA | GPM | KDA | PAA,0.665816877924793,0.4815852393398689,0.7760632796845709,False
3781,AAA | BAA_Aggressive | BAA_Balanced | GTAA | VAA,0.6657532470501575,0.3512630769993555,0.7711169900058789,False
3782,AAA | ADM | BAA_Balanced | GPM | PAA,0.6656555864661426,0.4815852393398689,0.8980435716546827,False
3783,AAA | FAA | KDA | PAA | QSF,0.6655635936282257,0.414185283893347,0.8795173961840629,False
3784,BAA_Aggressive | DAA | FAA | KDA | VAA,0.665482231360611,0.512192095569785,0.7760632796845709,False
3785,AAA | BAA_Aggressive | BAA_Balanced | FAA | GTAA,0.665413096688739,0.3512630769993555,0.7760632796845709,False
3786,DAA | FAA | GTAA | PAA | VAA,0.6653567232024541,0.47314574773044266,0.7711169900058789,False
3787,AAA | ADM | DAA | EAA | GPM,0.6652855359231424,0.5014424797616902,0.8980435716546827,False
3788,BAA_Aggressive | BAA_Balanced | DAA | EAA | RAA,0.6650535104804846,0.3512630769993555,0.8420708406819517,False
3789,AAA | DAA | EAA | GPM | LAA,0.6649857918707248,0.5014424797616902,0.8915509180853448,False
3790,BAA_Aggressive | BAA_Balanced | FAA | GTAA | PAA,0.6648636170137701,0.3512630769993555,0.7760632796845709,False
3791,AAA | BAA_Balanced | GPM | GTAA | VAA,0.664824772759404,0.5226251714677641,0.7711169900058789,False
3792,ADM | BAA_Balanced | EAA | KDA | PAA,0.6647405538803011,0.4098810557547072,0.8783909420483494,False
3793,BAA_Balanced | DAA | EAA | GPM | LAA,0.6644772105148271,0.48759873106542545,0.884015491074939,False
3794,BAA_Balanced | EAA | FAA | GPM | GTAA,0.6644250139490494,0.5226251714677641,0.7521807116679974,False
3795,BAA_Balanced | FAA | GPM | KDA | VAA,0.6644087041274759,0.5226251714677641,0.7521807116679974,False
3796,BAA_Balanced | EAA | KDA | LAA | PAA,0.6643426622872698,0.4098810557547072,0.9090193586767458,False
3797,BAA_Balanced | EAA | FAA | GPM | VAA,0.6643413284444671,0.5226251714677641,0.7521807116679974,False
3798,EAA | GPM | PAA | QSF | RAA,0.664182817142349,0.4098810557547072,0.8446408529741863,False
3799,AAA | BAA_Balanced | FAA | GPM | VAA,0.6641345154662506,0.5226251714677641,0.7521807116679974,False
3800,AAA | BAA_Aggressive | BAA_Balanced | FAA | VAA,0.6640962731218886,0.3512630769993555,0.7760632796845709,False
3801,BAA_Balanced | DAA | EAA | KDA | RAA,0.6640755470810992,0.48759873106542545,0.8815837063902626,False
3802,AAA | ADM | BAA_Balanced | DAA | EAA,0.663948216139541,0.48759873106542545,0.8556662095013574,False
3803,BAA_Aggressive | GPM | KDA | PAA | QSF,0.663881040322599,0.4815852393398689,0.8082844022884673,False
3804,DAA | EAA | FAA | GTAA | VAA,0.6638803384502454,0.5291632268870916,0.7711169900058789,False
3805,AAA | DM | GPM | KDA | PAA,0.6638733943329275,0.414185283893347,0.9345096613216025,False
3806,AAA | BAA_Aggressive | EAA | KDA | QSF,0.6638132409253763,0.414185283893347,0.8082844022884673,False
3807,AAA | BAA_Balanced | GPM | LAA | PAA,0.6637819489963854,0.4815852393398689,0.8915509180853448,False
3808,BAA_Aggressive | BAA_Balanced | EAA | KDA | QSF,0.6636691406926001,0.3512630769993555,0.8421090534979424,False
3809,DAA | GTAA | KDA | PAA | QSF,0.6636466967599426,0.47314574773044266,0.8533479637646305,False
3810,BAA_Aggressive | DAA | EAA | FAA | VAA,0.6636147893111982,0.5291632268870916,0.7760632796845709,False
3811,AAA | GPM | GTAA | PAA | QSF,0.6633863466807542,0.4815852393398689,0.8533479637646305,False
3812,BAA_Aggressive | EAA | GPM | PAA | RAA,0.6632997696421782,0.4098810557547072,0.8420708406819517,False
3813,BAA_Aggressive | BAA_Balanced | FAA | PAA | VAA,0.6632629186735036,0.3512630769993555,0.7760632796845709,False
3814,BAA_Balanced | DAA | KDA | LAA | PAA,0.6631752582944499,0.47314574773044266,0.9090193586767458,False
3815,DAA | DM | EAA | GPM | PAA,0.6631344479345088,0.4098810557547072,0.9345096613216025,False
3816,BAA_Balanced | EAA | GPM | GTAA | VAA,0.6628429466946877,0.5226251714677641,0.7711169900058789,False
3817,DAA | EAA | PAA | RAA | VAA,0.6628125342554395,0.4098810557547072,0.9174277016742772,False
3818,AAA | BAA_Balanced | EAA | GPM | RAA,0.6626679949540326,0.5014424797616902,0.8655053038787336,False
3819,DAA | GPM | KDA | QSF | VAA,0.6623639412725731,0.512192095569785,0.8314121945074326,False
3820,AAA | BAA_Aggressive | EAA | GPM | QSF,0.6621437385472035,0.5014424797616902,0.8082844022884673,False
3821,AAA | BAA_Balanced | DAA | GPM | RAA,0.6621366380155543,0.48759873106542545,0.8655053038787336,False
3822,GPM | GTAA | KDA | PAA | QSF,0.6620896940695464,0.4815852393398689,0.8533479637646305,False
3823,BAA_Balanced | EAA | FAA | KDA | VAA,0.6620579474596485,0.5477661727078487,0.7168017319161111,False
3824,BAA_Aggressive | BAA_Balanced | GTAA | KDA | VAA,0.6619486877952994,0.3512630769993555,0.7711169900058789,False
3825,AAA | EAA | FAA | KDA | QSF,0.6619289878895643,0.414185283893347,0.8795173961840629,False
3826,BAA_Aggressive | EAA | FAA | GPM | KDA,0.6618964936987936,0.5418138608965833,0.7760632796845709,False
3827,BAA_Aggressive | BAA_Balanced | EAA | FAA | VAA,0.6618392657304472,0.3512630769993555,0.7760632796845709,False
3828,AAA | DM | EAA | GPM | KDA,0.661825237064424,0.414185283893347,0.9345096613216025,False
3829,AAA | ADM | BAA_Balanced | EAA | KDA,0.6617607482467799,0.414185283893347,0.8553173056097033,False
3830,BAA_Balanced | DAA | EAA | QSF | VAA,0.6616807589974012,0.48759873106542545,0.8421090534979424,False
3831,AAA | BAA_Balanced | DAA | LAA | PAA,0.6615260027222878,0.47314574773044266,0.8915509180853448,False
3832,BAA_Aggressive | BAA_Balanced | GPM | LAA | PAA,0.6614642115609518,0.3512630769993555,0.9004281650931979,False
3833,BAA_Aggressive | BAA_Balanced | EAA | GTAA | VAA,0.6613076006157834,0.3512630769993555,0.7711169900058789,False
3834,ADM | DAA | GPM | KDA | PAA,0.6612380018586437,0.47314574773044266,0.8980435716546827,False
3835,BAA_Balanced | DAA | DM | EAA | PAA,0.6611541127993571,0.4098810557547072,0.91337823237752,False
3836,AAA | BAA_Balanced | FAA | GPM | GTAA,0.6610090781365108,0.5226251714677641,0.7521807116679974,False
3837,AAA | BAA_Balanced | DAA | EAA | RAA,0.6607425444744786,0.48759873106542545,0.8655053038787336,False
3838,BAA_Balanced | FAA | GPM | GTAA | KDA,0.660542872789865,0.5226251714677641,0.7521807116679974,False
3839,AAA | BAA_Aggressive | GPM | PAA | QSF,0.6604814829184394,0.4815852393398689,0.8082844022884673,False
3840,BAA_Balanced | DAA | GPM | KDA | RAA,0.6603669229391966,0.48759873106542545,0.8815837063902626,False
3841,BAA_Aggressive | BAA_Balanced | FAA | GPM | GTAA,0.6603325530256915,0.3512630769993555,0.7760632796845709,False
3842,AAA | GPM | KDA | QSF | VAA,0.660106112696492,0.414185283893347,0.7783415624581407,False
3843,AAA | ADM | DAA | GPM | PAA,0.660000088868257,0.47314574773044266,0.8980435716546827,False
3844,BAA_Aggressive | BAA_Balanced | GTAA | PAA | VAA,0.6599845829784294,0.3512630769993555,0.7711169900058789,False
3845,AAA | BAA_Balanced | DAA | KDA | RAA,0.6598905733661108,0.414185283893347,0.8815837063902626,False
3846,EAA | FAA | KDA | PAA | QSF,0.6596923027142674,0.4098810557547072,0.8795173961840629,False
3847,BAA_Balanced | FAA | KDA | PAA | VAA,0.6595401910251966,0.5048597299877837,0.7411081400974965,False
3848,AAA | ADM | DAA | KDA | VAA,0.6591636352411331,0.414185283893347,0.8556662095013574,False
3849,AAA | BAA_Aggressive | FAA | GPM | PAA,0.6590176023685136,0.4815852393398689,0.7760632796845709,False
3850,BAA_Balanced | GPM | GTAA | KDA | VAA,0.6590141587150524,0.5226251714677641,0.7711169900058789,False
3851,AAA | ADM | BAA_Balanced | KDA | PAA,0.6589727601697575,0.414185283893347,0.8783909420483494,False
3852,AAA | DAA | FAA | GTAA | VAA,0.6587747426926838,0.5416010540018475,0.7711169900058789,False
3853,BAA_Aggressive | EAA | FAA | KDA | PAA,0.658621870097394,0.4098810557547072,0.7760632796845709,False
3854,AAA | BAA_Aggressive | FAA | KDA | PAA,0.6584769321009134,0.414185283893347,0.7760632796845709,False
3855,DAA | GPM | KDA | LAA | PAA,0.6583420422240276,0.47314574773044266,0.9090193586767458,False
3856,AAA | DM | EAA | GPM | PAA,0.6582880560296234,0.4098810557547072,0.9345096613216025,False
3857,BAA_Balanced | EAA | FAA | GTAA | KDA,0.6582258765947191,0.5477661727078487,0.716141963885919,False
3858,BAA_Aggressive | BAA_Balanced | GPM | KDA | QSF,0.6582095062255447,0.3512630769993555,0.8421090534979424,False
3859,EAA | GPM | KDA | QSF | VAA,0.6581177982745615,0.5418138608965833,0.7735873718503452,False
3860,AAA | BAA_Aggressive | BAA_Balanced | EAA | QSF,0.65773613649302,0.3512630769993555,0.8421090534979424,False
3861,AAA | BAA_Balanced | KDA | PAA | RAA,0.6577215428066061,0.414185283893347,0.8815837063902626,False
3862,AAA | DAA | GPM | LAA | PAA,0.6574034826048404,0.47314574773044266,0.8915509180853448,False
3863,AAA | BAA_Aggressive | DAA | GPM | GTAA,0.6574032119313883,0.543667640607394,0.7568485291943027,False
3864,AAA | BAA_Aggressive | BAA_Balanced | GPM | QSF,0.6573792197089429,0.3512630769993555,0.8421090534979424,False
3865,DAA | EAA | GPM | KDA | RAA,0.6572191858241544,0.512192095569785,0.8815837063902626,False
3866,BAA_Aggressive | DAA | FAA | KDA | PAA,0.6571070737517324,0.47314574773044266,0.7760632796845709,False
3867,BAA_Aggressive | DAA | FAA | GPM | KDA,0.6569892917867256,0.512192095569785,0.7760632796845709,False
3868,AAA | BAA_Balanced | EAA | GTAA | VAA,0.656981602064975,0.5014424797616902,0.7711169900058789,False
3869,AAA | EAA | GPM | QSF | VAA,0.6568513060354529,0.5014424797616902,0.7783415624581407,False
3870,BAA_Aggressive | DAA | GPM | PAA | QSF,0.6567790890667203,0.47314574773044266,0.8314121945074326,False
3871,DAA | DM | EAA | KDA | PAA,0.656778074729224,0.4098810557547072,0.91337823237752,False
3872,AAA | EAA | GPM | KDA | LAA,0.6567732730078517,0.414185283893347,0.9090193586767458,False
3873,AAA | BAA_Balanced | EAA | FAA | VAA,0.656681041115445,0.5014424797616902,0.7168017319161111,False
3874,BAA_Balanced | GPM | PAA | QSF | VAA,0.6565681413890684,0.4815852393398689,0.8421090534979424,False
3875,BAA_Balanced | EAA | GTAA | KDA | VAA,0.6562737057036017,0.5477661727078487,0.7711169900058789,False
3876,AAA | GPM | KDA | LAA | PAA,0.656185925865082,0.414185283893347,0.9090193586767458,False
3877,AAA | BAA_Aggressive | DAA | FAA | GPM,0.6561471891863773,0.543667640607394,0.7760632796845709,False
3878,ADM | BAA_Balanced | DAA | KDA | PAA,0.6561138748827655,0.47314574773044266,0.8783909420483494,False
3879,AAA | BAA_Balanced | FAA | PAA | VAA,0.6559860355234385,0.5048597299877837,0.7411081400974965,False
3880,BAA_Aggressive | BAA_Balanced | FAA | GPM | VAA,0.6558403670972005,0.3512630769993555,0.7760632796845709,False
3881,BAA_Aggressive | BAA_Balanced | GPM | GTAA | VAA,0.6556983983261601,0.3512630769993555,0.7711169900058789,False
3882,BAA_Aggressive | BAA_Balanced | KDA | PAA | QSF,0.6556866310761387,0.3512630769993555,0.8421090534979424,False
3883,BAA_Balanced | EAA | GTAA | PAA | QSF,0.6556344988119818,0.4098810557547072,0.8533479637646305,False
3884,AAA | DAA | GPM | KDA | RAA,0.6553932330940728,0.414185283893347,0.8815837063902626,False
3885,AAA | ADM | BAA_Balanced | EAA | PAA,0.6550120211385626,0.4098810557547072,0.8783909420483494,False
3886,BAA_Aggressive | BAA_Balanced | EAA | GPM | RAA,0.6550004279630726,0.3512630769993555,0.8420708406819517,False
3887,ADM | BAA_Balanced | EAA | GPM | PAA,0.6549739222139253,0.4098810557547072,0.8980435716546827,False
3888,AAA | BAA_Balanced | EAA | LAA | PAA,0.6549134829167308,0.4098810557547072,0.8915509180853448,False
3889,DAA | EAA | FAA | GPM | GTAA,0.6548853022170615,0.5291632268870916,0.7521807116679974,False
3890,FAA | GPM | KDA | PAA | VAA,0.6548750388173794,0.4815852393398689,0.7521807116679974,False
3891,ADM | EAA | GPM | KDA | PAA,0.6546841520318528,0.4098810557547072,0.8980435716546827,False
3892,AAA | DAA | EAA | GPM | RAA,0.6545968791705088,0.5014424797616902,0.8655053038787336,False
3893,BAA_Balanced | FAA | GPM | PAA | VAA,0.6544074956468938,0.4815852393398689,0.7521807116679974,False
3894,AAA | ADM | BAA_Balanced | DAA | PAA,0.6541652659394039,0.47314574773044266,0.8783909420483494,False
3895,AAA | ADM | DAA | GPM | KDA,0.6540157609517745,0.414185283893347,0.8980435716546827,False
3896,EAA | FAA | GPM | PAA | QSF,0.6536845403231297,0.4098810557547072,0.8795173961840629,False
3897,AAA | BAA_Balanced | EAA | FAA | GTAA,0.6535893642583869,0.5014424797616902,0.716141963885919,False
3898,AAA | BAA_Balanced | GTAA | PAA | VAA,0.6535399258925582,0.5048597299877837,0.7711169900058789,False
3899,BAA_Aggressive | EAA | KDA | PAA | QSF,0.653426435278213,0.4098810557547072,0.8082844022884673,False
3900,AAA | BAA_Aggressive | EAA | FAA | GPM,0.6532744673000686,0.5014424797616902,0.7760632796845709,False
3901,AAA | GPM | PAA | QSF | VAA,0.6532484128914888,0.4815852393398689,0.7783415624581407,False
3902,BAA_Aggressive | BAA_Balanced | DAA | FAA | GTAA,0.6532351816728978,0.3512630769993555,0.7760632796845709,False
3903,BAA_Aggressive | BAA_Balanced | DAA | GPM | RAA,0.6529952310375081,0.3512630769993555,0.8420708406819517,False
3904,AAA | BAA_Aggressive | DAA | FAA | PAA,0.6529850043108515,0.47314574773044266,0.7760632796845709,False
3905,DAA | FAA | GTAA | KDA | VAA,0.6529708740596614,0.512192095569785,0.7711169900058789,False
3906,EAA | FAA | GPM | KDA | VAA,0.6528952921065796,0.5418138608965833,0.7521807116679974,False
3907,ADM | BAA_Balanced | DAA | GPM | PAA,0.6528387145613633,0.47314574773044266,0.8980435716546827,False
3908,BAA_Balanced | FAA | GTAA | KDA | PAA,0.6527828720993609,0.5048597299877837,0.7411081400974965,False
3909,BAA_Aggressive | DAA | EAA | FAA | KDA,0.6527655752857264,0.512192095569785,0.7760632796845709,False
3910,GPM | KDA | PAA | QSF | VAA,0.652692154288152,0.4815852393398689,0.7735873718503452,False
3911,EAA | FAA | GPM | GTAA | KDA,0.6525889377108159,0.5418138608965833,0.7521807116679974,False
3912,AAA | BAA_Aggressive | FAA | GPM | KDA,0.6524708173330299,0.414185283893347,0.7760632796845709,False
3913,AAA | FAA | GTAA | KDA | VAA,0.6522553916111593,0.414185283893347,0.7711169900058789,False
3914,AAA | DAA | FAA | GPM | GTAA,0.6521874596801489,0.543667640607394,0.7521807116679974,False
3915,BAA_Aggressive | DAA | GPM | GTAA | KDA,0.6521605118261598,0.512192095569785,0.7568485291943027,False
3916,DAA | EAA | GPM | QSF | VAA,0.6520805281564306,0.5291632268870916,0.8314121945074326,False
3917,AAA | FAA | GPM | PAA | VAA,0.6520315792685963,0.4815852393398689,0.7521807116679974,False
3918,AAA | DAA | EAA | KDA | LAA,0.6520156593083529,0.414185283893347,0.9090193586767458,False
3919,AAA | DAA | KDA | LAA | PAA,0.6518494264055898,0.414185283893347,0.9090193586767458,False
3920,FAA | GPM | GTAA | KDA | PAA,0.6516434363607093,0.4815852393398689,0.7521807116679974,False
3921,AAA | BAA_Aggressive | BAA_Balanced | PAA | QSF,0.6515763777190041,0.3512630769993555,0.8421090534979424,False
3922,BAA_Balanced | FAA | GPM | GTAA | PAA,0.6515659330905698,0.4815852393398689,0.7521807116679974,False
3923,BAA_Balanced | DAA | FAA | GPM | GTAA,0.6514803710240105,0.48759873106542545,0.7521807116679974,False
3924,AAA | ADM | GPM | KDA | PAA,0.6512753793062162,0.414185283893347,0.8980435716546827,False
3925,AAA | BAA_Aggressive | DAA | GTAA | PAA,0.6511046601318287,0.47314574773044266,0.7568485291943027,False
3926,AAA | ADM | BAA_Balanced | DAA | KDA,0.6510301161362412,0.414185283893347,0.8556662095013574,False
3927,BAA_Balanced | GTAA | KDA | PAA | VAA,0.6510092786887391,0.5048597299877837,0.7711169900058789,False
3928,BAA_Aggressive | BAA_Balanced | DAA | PAA | RAA,0.6509853480494764,0.3512630769993555,0.8420708406819517,False
3929,BAA_Balanced | EAA | KDA | PAA | RAA,0.650984850443031,0.4098810557547072,0.8815837063902626,False
3930,AAA | DAA | DM | KDA | PAA,0.6508846034159458,0.414185283893347,0.91337823237752,False
3931,BAA_Aggressive | DAA | EAA | FAA | GPM,0.6507643352986606,0.5291632268870916,0.7760632796845709,False
3932,AAA | BAA_Balanced | DAA | GPM | QSF,0.6505473274960162,0.48759873106542545,0.8421090534979424,False
3933,BAA_Balanced | GPM | KDA | PAA | RAA,0.6502475176275283,0.4815852393398689,0.8815837063902626,False
3934,BAA_Balanced | GPM | GTAA | PAA | VAA,0.6501624433167039,0.4815852393398689,0.7711169900058789,False
3935,BAA_Aggressive | BAA_Balanced | DAA | EAA | QSF,0.6500299477674416,0.3512630769993555,0.8421090534979424,False
3936,AAA | BAA_Balanced | FAA | GTAA | PAA,0.649969110605474,0.5048597299877837,0.7411081400974965,False
3937,BAA_Balanced | DAA | EAA | GPM | RAA,0.6498721537677816,0.48759873106542545,0.8411873322878888,False
3938,BAA_Aggressive | DAA | EAA | GPM | GTAA,0.6498317190007388,0.5291632268870916,0.7568485291943027,False
3939,AAA | EAA | FAA | PAA | QSF,0.6498014349369203,0.4098810557547072,0.8795173961840629,False
3940,AAA | DAA | DM | EAA | PAA,0.6496173989373208,0.4098810557547072,0.91337823237752,False
3941,BAA_Aggressive | BAA_Balanced | EAA | PAA | RAA,0.6495981394086344,0.3512630769993555,0.8420708406819517,False
3942,AAA | ADM | EAA | GPM | KDA,0.6495658642379868,0.414185283893347,0.8980435716546827,False
3943,AAA | FAA | GPM | GTAA | PAA,0.6495403708197974,0.4815852393398689,0.7521807116679974,False
3944,DAA | EAA | FAA | PAA | QSF,0.6495165466910496,0.4098810557547072,0.8795173961840629,False
3945,BAA_Aggressive | DAA | GTAA | KDA | PAA,0.6491419268671328,0.47314574773044266,0.7568485291943027,False
3946,AAA | GPM | GTAA | PAA | VAA,0.6487423605855517,0.4815852393398689,0.7711169900058789,False
3947,AAA | EAA | FAA | GPM | GTAA,0.6486631213274585,0.5014424797616902,0.7521807116679974,False
3948,AAA | GTAA | KDA | PAA | QSF,0.6486587911028634,0.414185283893347,0.8533479637646305,False
3949,ADM | DAA | EAA | GPM | PAA,0.6486003313404134,0.4098810557547072,0.8980435716546827,False
3950,AAA | DAA | DM | EAA | KDA,0.6484153319074357,0.414185283893347,0.8979531271197937,False
3951,DAA | FAA | GPM | GTAA | KDA,0.6483333522651297,0.512192095569785,0.7521807116679974,False
3952,AAA | EAA | FAA | GPM | VAA,0.6482290817153511,0.5014424797616902,0.7521807116679974,False
3953,BAA_Aggressive | GPM | GTAA | KDA | PAA,0.6478086008930377,0.4815852393398689,0.7568485291943027,False
3954,AAA | EAA | GTAA | KDA | QSF,0.6477708559446125,0.414185283893347,0.8533479637646305,False
3955,BAA_Aggressive | DAA | FAA | GPM | PAA,0.6476897574015454,0.47314574773044266,0.7760632796845709,False
3956,AAA | BAA_Aggressive | DAA | EAA | GTAA,0.6476870814037876,0.5014424797616902,0.7568485291943027,False
3957,AAA | EAA | GPM | GTAA | VAA,0.647686533612717,0.5014424797616902,0.7711169900058789,False
3958,BAA_Aggressive | DAA | EAA | GTAA | KDA,0.6475470989815373,0.512192095569785,0.7568485291943027,False
3959,AAA | EAA | GPM | KDA | RAA,0.6472355325531985,0.414185283893347,0.8815837063902626,False
3960,AAA | BAA_Aggressive | GPM | GTAA | PAA,0.647094128042335,0.4815852393398689,0.7568485291943027,False
3961,BAA_Balanced | DAA | EAA | FAA | GTAA,0.6469900373085703,0.48759873106542545,0.716141963885919,False
3962,DAA | FAA | GPM | GTAA | PAA,0.6469448387438401,0.47314574773044266,0.7521807116679974,False
3963,BAA_Balanced | EAA | FAA | PAA | VAA,0.6469121101323723,0.4098810557547072,0.7411081400974965,False
3964,AAA | BAA_Aggressive | DAA | EAA | FAA,0.6468207550023999,0.5014424797616902,0.7760632796845709,False
3965,BAA_Aggressive | BAA_Balanced | DAA | GPM | QSF,0.6467436508206807,0.3512630769993555,0.8421090534979424,False
3966,AAA | BAA_Aggressive | EAA | FAA | PAA,0.6467198768581365,0.4098810557547072,0.7760632796845709,False
3967,BAA_Balanced | DAA | GPM | KDA | QSF,0.646694353107726,0.48759873106542545,0.8421090534979424,False
3968,BAA_Aggressive | EAA | GPM | GTAA | KDA,0.6466348872474486,0.5418138608965833,0.7568485291943027,False
3969,EAA | GPM | GTAA | KDA | VAA,0.6462679412983685,0.5418138608965833,0.7711169900058789,False
3970,AAA | DAA | GPM | GTAA | VAA,0.646234411406634,0.5416010540018475,0.7711169900058789,False
3971,BAA_Balanced | DAA | KDA | PAA | RAA,0.6460659752725822,0.47314574773044266,0.8815837063902626,False
3972,AAA | BAA_Balanced | GPM | PAA | RAA,0.6460600597479548,0.4815852393398689,0.8655053038787336,False
3973,BAA_Balanced | EAA | PAA | QSF | VAA,0.6458131586575597,0.4098810557547072,0.8421090534979424,False
3974,AAA | ADM | EAA | GPM | PAA,0.6456663152430895,0.4098810557547072,0.8980435716546827,False
3975,GPM | GTAA | KDA | PAA | VAA,0.6455010174287577,0.4815852393398689,0.7711169900058789,False
3976,AAA | BAA_Balanced | FAA | KDA | VAA,0.645401676518671,0.414185283893347,0.7168017319161111,False
3977,AAA | BAA_Aggressive | EAA | FAA | KDA,0.645317720669347,0.414185283893347,0.7760632796845709,False
3978,AAA | DAA | EAA | QSF | VAA,0.6452213530790072,0.5014424797616902,0.8314121945074326,False
3979,ADM | BAA_Balanced | DAA | EAA | PAA,0.6451245293964669,0.4098810557547072,0.8783909420483494,False
3980,AAA | BAA_Aggressive | EAA | PAA | QSF,0.6449241601910752,0.4098810557547072,0.8082844022884673,False
3981,BAA_Balanced | DAA | GPM | GTAA | VAA,0.6449218432108755,0.48759873106542545,0.7711169900058789,False
3982,BAA_Balanced | DAA | PAA | QSF | VAA,0.6447626497426252,0.47314574773044266,0.8421090534979424,False
3983,DAA | EAA | GTAA | PAA | QSF,0.6447520952761777,0.4098810557547072,0.8533479637646305,False
3984,AAA | BAA_Balanced | GPM | KDA | QSF,0.6447227274748597,0.414185283893347,0.8421090534979424,False
3985,AAA | BAA_Balanced | DAA | PAA | RAA,0.6445557235084073,0.47314574773044266,0.8655053038787336,False
3986,BAA_Aggressive | GPM | KDA | PAA | VAA,0.6445149558175103,0.4815852393398689,0.7460545933273917,False
3987,EAA | GPM | KDA | LAA | PAA,0.6443289173925213,0.4098810557547072,0.9090193586767458,False
3988,BAA_Aggressive | BAA_Balanced | EAA | FAA | KDA,0.6442298083172886,0.3512630769993555,0.7760632796845709,False
3989,AAA | DAA | KDA | QSF | VAA,0.644158025915367,0.414185283893347,0.8314121945074326,False
3990,BAA_Aggressive | DAA | EAA | PAA | QSF,0.64415114650204,0.4098810557547072,0.8314121945074326,False
3991,BAA_Balanced | EAA | FAA | GTAA | PAA,0.6441043080487299,0.4098810557547072,0.7411081400974965,False
3992,AAA | BAA_Aggressive | EAA | GPM | GTAA,0.6440976635543004,0.5014424797616902,0.7568485291943027,False
3993,BAA_Aggressive | DAA | GPM | GTAA | PAA,0.6440104705232131,0.47314574773044266,0.7568485291943027,False
3994,DAA | EAA | KDA | QSF | VAA,0.6438106392027172,0.512192095569785,0.8314121945074326,False
3995,DAA | GPM | KDA | PAA | RAA,0.6437071171608892,0.47314574773044266,0.8815837063902626,False
3996,BAA_Aggressive | BAA_Balanced | FAA | KDA | PAA,0.6436526893980365,0.3512630769993555,0.7760632796845709,False
3997,DAA | EAA | GPM | GTAA | VAA,0.6435344920662917,0.5291632268870916,0.7711169900058789,False
3998,AAA | DAA | EAA | KDA | RAA,0.64322952888825,0.414185283893347,0.8815837063902626,False
3999,BAA_Aggressive | BAA_Balanced | DAA | GTAA | VAA,0.643201109598288,0.3512630769993555,0.7711169900058789,False
4000,BAA_Balanced | DAA | GPM | LAA | PAA,0.6431585708981242,0.47314574773044266,0.884015491074939,False
4001,AAA | BAA_Aggressive | GPM | PAA | VAA,0.6430600889589366,0.4815852393398689,0.7306975293160801,False
4002,AAA | DAA | GPM | PAA | RAA,0.6429075613496893,0.47314574773044266,0.8655053038787336,False
4003,ADM | DAA | EAA | KDA | PAA,0.6427542060290001,0.4098810557547072,0.8783909420483494,False
4004,BAA_Aggressive | EAA | FAA | GPM | PAA,0.6427130824022333,0.4098810557547072,0.7760632796845709,False
4005,BAA_Balanced | EAA | GPM | KDA | QSF,0.6426856808171868,0.5226251714677641,0.8421090534979424,False
4006,AAA | GPM | KDA | PAA | RAA,0.6425411768554936,0.414185283893347,0.8815837063902626,False
4007,AAA | KDA | PAA | QSF | VAA,0.6424366136831094,0.414185283893347,0.7783415624581407,False
4008,BAA_Balanced | EAA | GTAA | PAA | VAA,0.6422773614585591,0.4098810557547072,0.7711169900058789,False
4009,AAA | BAA_Aggressive | GTAA | KDA | PAA,0.6422675977684673,0.414185283893347,0.7568485291943027,False
4010,AAA | BAA_Aggressive | KDA | PAA | VAA,0.6421493150545805,0.414185283893347,0.7460545933273917,False
4011,AAA | DAA | PAA | QSF | VAA,0.6420395741750498,0.47314574773044266,0.8314121945074326,False
4012,AAA | BAA_Balanced | DAA | KDA | QSF,0.6420271137018052,0.414185283893347,0.8421090534979424,False
4013,AAA | DM | EAA | KDA | PAA,0.6419736962065512,0.4098810557547072,0.91337823237752,False
4014,AAA | BAA_Balanced | DAA | FAA | GTAA,0.6419331737867511,0.48759873106542545,0.716141963885919,False
4015,AAA | BAA_Balanced | GTAA | KDA | VAA,0.6418060738055569,0.414185283893347,0.7711169900058789,False
4016,AAA | BAA_Aggressive | DAA | FAA | KDA,0.6416989712106821,0.414185283893347,0.7760632796845709,False
4017,AAA | BAA_Balanced | EAA | PAA | RAA,0.6416946748804793,0.4098810557547072,0.8655053038787336,False
4018,DAA | EAA | KDA | LAA | PAA,0.6416333456423098,0.4098810557547072,0.9090193586767458,False
4019,BAA_Balanced | DAA | EAA | KDA | QSF,0.6416309947534129,0.48759873106542545,0.8421090534979424,False
4020,EAA | FAA | GPM | GTAA | PAA,0.6413165472781465,0.4098810557547072,0.7521807116679974,False
4021,EAA | GTAA | KDA | PAA | QSF,0.6405988611459723,0.4098810557547072,0.8533479637646305,False
4022,EAA | FAA | GPM | PAA | VAA,0.6405986328926232,0.4098810557547072,0.7521807116679974,False
4023,BAA_Aggressive | BAA_Balanced | GPM | PAA | RAA,0.6405111512920578,0.3512630769993555,0.8420708406819517,False
4024,BAA_Aggressive | EAA | GPM | KDA | VAA,0.640415994111015,0.5418138608965833,0.7460545933273917,False
4025,AAA | BAA_Balanced | DAA | EAA | QSF,0.6403812514587248,0.48759873106542545,0.8421090534979424,False
4026,AAA | BAA_Balanced | DAA | GTAA | VAA,0.6403489510345659,0.48759873106542545,0.7711169900058789,False
4027,BAA_Aggressive | EAA | GTAA | KDA | PAA,0.6402238967220155,0.4098810557547072,0.7568485291943027,False
4028,BAA_Balanced | DAA | EAA | GTAA | VAA,0.6400080526791303,0.48759873106542545,0.7711169900058789,False
4029,DAA | GPM | PAA | QSF | VAA,0.6396599220469061,0.47314574773044266,0.8314121945074326,False
4030,AAA | BAA_Aggressive | GPM | GTAA | KDA,0.6393978499246178,0.414185283893347,0.7568485291943027,False
4031,AAA | DAA | KDA | PAA | RAA,0.6389562874305517,0.414185283893347,0.8815837063902626,False
4032,EAA | GPM | GTAA | PAA | QSF,0.6388769587611022,0.4098810557547072,0.8533479637646305,False
4033,DAA | KDA | PAA | QSF | VAA,0.6388061094563141,0.47314574773044266,0.8314121945074326,False
4034,BAA_Balanced | DAA | FAA | GTAA | KDA,0.6387897623247067,0.48759873106542545,0.716141963885919,False
4035,AAA | BAA_Balanced | EAA | GPM | QSF,0.6387587314071002,0.5014424797616902,0.8421090534979424,False
4036,AAA | BAA_Aggressive | DAA | GTAA | KDA,0.6386691339494256,0.414185283893347,0.7568485291943027,False
4037,AAA | EAA | KDA | QSF | VAA,0.6386234304639522,0.414185283893347,0.7783415624581407,False
4038,AAA | FAA | GPM | KDA | VAA,0.6385980421505089,0.414185283893347,0.7521807116679974,False
4039,AAA | BAA_Balanced | FAA | GTAA | KDA,0.6383604828194196,0.414185283893347,0.716141963885919,False
4040,BAA_Aggressive | DAA | EAA | FAA | PAA,0.638321412053852,0.4098810557547072,0.7760632796845709,False
4041,BAA_Balanced | EAA | GPM | LAA | PAA,0.6378345035459704,0.4098810557547072,0.884015491074939,False
4042,AAA | ADM | DAA | KDA | PAA,0.6377045055940828,0.414185283893347,0.8783909420483494,False
4043,BAA_Balanced | DAA | EAA | LAA | PAA,0.6372194849811533,0.4098810557547072,0.884015491074939,False
4044,AAA | BAA_Aggressive | EAA | GPM | VAA,0.6371383764099956,0.5014424797616902,0.7306975293160801,False
4045,DAA | GPM | GTAA | KDA | VAA,0.6370358952939088,0.512192095569785,0.7711169900058789,False
4046,BAA_Aggressive | EAA | KDA | PAA | VAA,0.6368964911738064,0.4098810557547072,0.7460545933273917,False
4047,AAA | EAA | GTAA | PAA | QSF,0.6367927960742021,0.4098810557547072,0.8533479637646305,False
4048,AAA | BAA_Balanced | EAA | KDA | QSF,0.6367299889578628,0.414185283893347,0.8421090534979424,False
4049,EAA | FAA | KDA | PAA | VAA,0.6366100426381106,0.4098810557547072,0.7411081400974965,False
4050,AAA | EAA | KDA | LAA | PAA,0.6365478491206804,0.4098810557547072,0.9090193586767458,False
4051,BAA_Aggressive | BAA_Balanced | EAA | GPM | QSF,0.6364288947188509,0.3512630769993555,0.8421090534979424,False
4052,AAA | ADM | DAA | EAA | PAA,0.6364135753556354,0.4098810557547072,0.8783909420483494,False
4053,AAA | BAA_Aggressive | GPM | KDA | VAA,0.6363880796225062,0.414185283893347,0.7460545933273917,False
4054,AAA | DAA | FAA | GPM | VAA,0.6363441330184891,0.5416010540018475,0.7521807116679974,False
4055,AAA | BAA_Aggressive | BAA_Balanced | FAA | PAA,0.636142717888782,0.3512630769993555,0.7760632796845709,False
4056,BAA_Balanced | DAA | FAA | GPM | VAA,0.6359873984698758,0.48759873106542545,0.7521807116679974,False
4057,DAA | EAA | FAA | GPM | VAA,0.6358328527210795,0.5291632268870916,0.7521807116679974,False
4058,DAA | GPM | GTAA | PAA | VAA,0.635772606073566,0.47314574773044266,0.7711169900058789,False
4059,AAA | EAA | GPM | LAA | PAA,0.6356104339749573,0.4098810557547072,0.8915509180853448,False
4060,AAA | DAA | EAA | LAA | PAA,0.6355920683401444,0.4098810557547072,0.8915509180853448,False
4061,AAA | ADM | DAA | EAA | KDA,0.635573876285847,0.414185283893347,0.8556662095013574,False
4062,BAA_Aggressive | BAA_Balanced | FAA | GPM | KDA,0.6355105766332463,0.3512630769993555,0.7760632796845709,False
4063,EAA | GPM | GTAA | PAA | VAA,0.6351207751666458,0.4098810557547072,0.7711169900058789,False
4064,AAA | FAA | GPM | GTAA | KDA,0.635082564920423,0.414185283893347,0.7521807116679974,False
4065,BAA_Aggressive | BAA_Balanced | DAA | PAA | QSF,0.6350524760278656,0.3512630769993555,0.8421090534979424,False
4066,AAA | BAA_Aggressive | DAA | GPM | VAA,0.6350346377375311,0.5416010540018475,0.7306975293160801,False
4067,AAA | BAA_Aggressive | BAA_Balanced | EAA | FAA,0.6348970859655887,0.3512630769993555,0.7760632796845709,False
4068,BAA_Balanced | DAA | FAA | GTAA | PAA,0.6345520706900972,0.47314574773044266,0.7411081400974965,False
4069,AAA | BAA_Aggressive | EAA | GTAA | PAA,0.6344067061883346,0.4098810557547072,0.7568485291943027,False
4070,BAA_Aggressive | DAA | EAA | GTAA | PAA,0.6342524288318965,0.4098810557547072,0.7568485291943027,False
4071,AAA | GPM | GTAA | KDA | VAA,0.6341593303852304,0.414185283893347,0.7711169900058789,False
4072,BAA_Balanced | DAA | EAA | GPM | QSF,0.6337017505848628,0.48759873106542545,0.8421090534979424,False
4073,EAA | GPM | KDA | PAA | RAA,0.6334454635070117,0.4098810557547072,0.8815837063902626,False
4074,EAA | FAA | GTAA | KDA | PAA,0.6334122006541223,0.4098810557547072,0.7411081400974965,False
4075,BAA_Aggressive | BAA_Balanced | DAA | FAA | VAA,0.6332999482221728,0.3512630769993555,0.7760632796845709,False
4076,DAA | FAA | GPM | KDA | VAA,0.6332304196113409,0.512192095569785,0.7521807116679974,False
4077,AAA | DAA | FAA | GTAA | PAA,0.6331231613493289,0.47314574773044266,0.7411081400974965,False
4078,DAA | EAA | FAA | GTAA | KDA,0.6330734078849423,0.512192095569785,0.710178099565871,False
4079,DAA | FAA | GTAA | KDA | PAA,0.6325490207748421,0.47314574773044266,0.7411081400974965,False
4080,AAA | BAA_Aggressive | BAA_Balanced | FAA | KDA,0.6324451109666182,0.3512630769993555,0.7760632796845709,False
4081,BAA_Balanced | DAA | GTAA | KDA | VAA,0.6318611308748158,0.48759873106542545,0.7711169900058789,False
4082,AAA | BAA_Aggressive | EAA | GTAA | KDA,0.6318550569173116,0.414185283893347,0.7568485291943027,False
4083,AAA | DAA | EAA | FAA | GTAA,0.6318247976169835,0.5014424797616902,0.710178099565871,False
4084,AAA | BAA_Aggressive | DAA | PAA | VAA,0.6316275735261963,0.47314574773044266,0.7306975293160801,False
4085,AAA | FAA | KDA | PAA | VAA,0.6315935310513225,0.414185283893347,0.7411081400974965,False
4086,DAA | EAA | KDA | PAA | RAA,0.6315015017913505,0.4098810557547072,0.8815837063902626,False
4087,BAA_Balanced | DAA | EAA | FAA | VAA,0.6314633042817539,0.48759873106542545,0.7168017319161111,False
4088,AAA | BAA_Aggressive | BAA_Balanced | FAA | GPM,0.6312805719645246,0.3512630769993555,0.7760632796845709,False
4089,EAA | KDA | PAA | QSF | VAA,0.6311675608918962,0.4098810557547072,0.7735873718503452,False
4090,DAA | FAA | GPM | PAA | VAA,0.6308176373087644,0.47314574773044266,0.7521807116679974,False
4091,DAA | EAA | GPM | LAA | PAA,0.6307379438787992,0.4098810557547072,0.8771347070300006,False
4092,BAA_Aggressive | DAA | GPM | KDA | VAA,0.6305323316401737,0.512192095569785,0.7460545933273917,False
4093,BAA_Aggressive | DAA | KDA | PAA | VAA,0.6304052342693713,0.47314574773044266,0.7460545933273917,False
4094,AAA | DAA | GPM | KDA | QSF,0.630374227410752,0.414185283893347,0.8314121945074326,False
4095,AAA | BAA_Aggressive | EAA | PAA | VAA,0.6303389066322544,0.4098810557547072,0.7306975293160801,False
4096,AAA | ADM | EAA | KDA | PAA,0.6298622033138889,0.4098810557547072,0.8783909420483494,False
4097,BAA_Aggressive | BAA_Balanced | EAA | GTAA | KDA,0.629811310918108,0.3512630769993555,0.7568485291943027,False
4098,AAA | BAA_Balanced | DAA | FAA | VAA,0.6296155635942569,0.48759873106542545,0.7168017319161111,False
4099,AAA | BAA_Aggressive | EAA | KDA | VAA,0.6288115261425182,0.414185283893347,0.7460545933273917,False
4100,AAA | EAA | FAA | PAA | VAA,0.6286638654063494,0.4098810557547072,0.7411081400974965,False
4101,BAA_Aggressive | EAA | GPM | GTAA | PAA,0.628600969033122,0.4098810557547072,0.7568485291943027,False
4102,BAA_Aggressive | EAA | GPM | PAA | QSF,0.6278913985741579,0.4098810557547072,0.8082844022884673,False
4103,BAA_Balanced | EAA | FAA | GPM | KDA,0.627841531021359,0.5226251714677641,0.7521807116679974,False
4104,BAA_Balanced | DAA | GTAA | PAA | VAA,0.6277486635411531,0.47314574773044266,0.7711169900058789,False
4105,DAA | EAA | GPM | KDA | QSF,0.6276190874774528,0.512192095569785,0.8314121945074326,False
4106,AAA | EAA | KDA | PAA | RAA,0.627406181323271,0.4098810557547072,0.8815837063902626,False
4107,BAA_Balanced | DAA | FAA | KDA | VAA,0.6272125461400836,0.48759873106542545,0.7168017319161111,False
4108,BAA_Aggressive | BAA_Balanced | EAA | KDA | VAA,0.62711813425084,0.3512630769993555,0.7460545933273917,False
4109,AAA | DAA | EAA | GPM | QSF,0.6270800401357398,0.5014424797616902,0.8314121945074326,False
4110,AAA | DAA | GTAA | PAA | VAA,0.6269252337400048,0.47314574773044266,0.7711169900058789,False
4111,EAA | GTAA | KDA | PAA | VAA,0.6268463249058657,0.4098810557547072,0.7711169900058789,False
4112,BAA_Aggressive | BAA_Balanced | KDA | PAA | VAA,0.6267195928120838,0.3512630769993555,0.7460545933273917,False
4113,AAA | BAA_Balanced | KDA | PAA | QSF,0.6266288208063384,0.414185283893347,0.8421090534979424,False
4114,AAA | EAA | PAA | QSF | VAA,0.6266211018122549,0.4098810557547072,0.7783415624581407,False
4115,BAA_Aggressive | BAA_Balanced | EAA | FAA | GPM,0.626615811352434,0.3512630769993555,0.7760632796845709,False
4116,AAA | BAA_Aggressive | BAA_Balanced | EAA | GTAA,0.6265633912719849,0.3512630769993555,0.7568485291943027,False
4117,DAA | EAA | FAA | GTAA | PAA,0.6265402655169587,0.4098810557547072,0.7411081400974965,False
4118,BAA_Aggressive | BAA_Balanced | GTAA | KDA | PAA,0.6264875214184453,0.3512630769993555,0.7568485291943027,False
4119,AAA | EAA | FAA | GTAA | PAA,0.6262064174302323,0.4098810557547072,0.7411081400974965,False
4120,BAA_Aggressive | DAA | EAA | KDA | VAA,0.6258851583228695,0.512192095569785,0.7460545933273917,False
4121,AAA | DAA | EAA | PAA | RAA,0.6255992282971722,0.4098810557547072,0.8655053038787336,False
4122,EAA | GPM | PAA | QSF | VAA,0.6255299021375145,0.4098810557547072,0.738450008477058,False
4123,AAA | DAA | EAA | GTAA | VAA,0.6254482925271636,0.5014424797616902,0.7711169900058789,False
4124,AAA | BAA_Aggressive | DAA | EAA | VAA,0.6252847467372488,0.5014424797616902,0.7306975293160801,False
4125,AAA | FAA | GTAA | KDA | PAA,0.6251865662330122,0.414185283893347,0.7411081400974965,False
4126,AAA | BAA_Aggressive | BAA_Balanced | GTAA | PAA,0.6250623526147677,0.3512630769993555,0.7568485291943027,False
4127,AAA | EAA | GTAA | PAA | VAA,0.6249849503796815,0.4098810557547072,0.7711169900058789,False
4128,AAA | EAA | GPM | PAA | RAA,0.624865983897435,0.4098810557547072,0.8655053038787336,False
4129,AAA | BAA_Aggressive | BAA_Balanced | DAA | GTAA,0.6246884108247465,0.3512630769993555,0.7568485291943027,False
4130,AAA | BAA_Aggressive | BAA_Balanced | PAA | VAA,0.624554030000535,0.3512630769993555,0.7306975293160801,False
4131,BAA_Balanced | DAA | GPM | PAA | RAA,0.6244465055961436,0.47314574773044266,0.8411873322878888,False
4132,BAA_Aggressive | DAA | EAA | GPM | VAA,0.6242540219725596,0.5291632268870916,0.7091522244848897,False
4133,BAA_Aggressive | BAA_Balanced | DAA | FAA | KDA,0.6241420775808943,0.3512630769993555,0.7760632796845709,False
4134,AAA | GTAA | KDA | PAA | VAA,0.6240184523620105,0.414185283893347,0.7711169900058789,False
4135,BAA_Balanced | GPM | KDA | PAA | QSF,0.6233456854600956,0.4815852393398689,0.8421090534979424,False
4136,AAA | BAA_Aggressive | BAA_Balanced | GPM | GTAA,0.623336573614544,0.3512630769993555,0.7568485291943027,False
4137,AAA | BAA_Balanced | DAA | PAA | QSF,0.6232851211840857,0.47314574773044266,0.8421090534979424,False
4138,AAA | BAA_Aggressive | BAA_Balanced | EAA | VAA,0.6231298205968457,0.3512630769993555,0.7306975293160801,False
4139,BAA_Balanced | DAA | EAA | PAA | RAA,0.6230105008913517,0.4098810557547072,0.8411873322878888,False
4140,BAA_Balanced | EAA | GPM | PAA | RAA,0.6228739094216186,0.4098810557547072,0.8158084364000328,False
4141,BAA_Balanced | DAA | KDA | PAA | QSF,0.6227121136363282,0.47314574773044266,0.8421090534979424,False
4142,AAA | BAA_Aggressive | BAA_Balanced | DAA | FAA,0.6225892790275711,0.3512630769993555,0.7760632796845709,False
4143,BAA_Aggressive | BAA_Balanced | EAA | FAA | PAA,0.6221972189074086,0.3512630769993555,0.7760632796845709,False
4144,BAA_Balanced | DAA | FAA | PAA | VAA,0.6219505857241872,0.47314574773044266,0.7411081400974965,False
4145,BAA_Aggressive | BAA_Balanced | GPM | GTAA | KDA,0.621481775577689,0.3512630769993555,0.7568485291943027,False
4146,BAA_Aggressive | DAA | GPM | PAA | VAA,0.6213580215559402,0.47314574773044266,0.7284918706559762,False
4147,BAA_Aggressive | EAA | GPM | PAA | VAA,0.6213578071154016,0.4098810557547072,0.7284918706559762,False
4148,DAA | EAA | GTAA | KDA | VAA,0.6213524940974164,0.512192095569785,0.7711169900058789,False
4149,BAA_Aggressive | BAA_Balanced | EAA | PAA | QSF,0.6213453143596295,0.3512630769993555,0.8421090534979424,False
4150,AAA | BAA_Balanced | GPM | PAA | QSF,0.6212414868924545,0.4815852393398689,0.8421090534979424,False
4151,BAA_Aggressive | BAA_Balanced | GPM | PAA | QSF,0.6210303087392683,0.3512630769993555,0.8421090534979424,False
4152,DAA | GTAA | KDA | PAA | VAA,0.6210066844678123,0.47314574773044266,0.7711169900058789,False
4153,AAA | BAA_Aggressive | BAA_Balanced | KDA | VAA,0.6207311987774246,0.3512630769993555,0.7460545933273917,False
4154,AAA | BAA_Balanced | EAA | FAA | GPM,0.6205148634591524,0.5014424797616902,0.7521807116679974,False
4155,AAA | EAA | FAA | KDA | VAA,0.620374957134956,0.414185283893347,0.7089540542048693,False
4156,DAA | FAA | KDA | PAA | VAA,0.620337575709278,0.47314574773044266,0.7411081400974965,False
4157,AAA | BAA_Aggressive | DAA | KDA | VAA,0.62021631612508,0.414185283893347,0.7460545933273917,False
4158,AAA | BAA_Aggressive | BAA_Balanced | GTAA | KDA,0.6202152526103702,0.3512630769993555,0.7568485291943027,False
4159,AAA | DAA | FAA | PAA | VAA,0.6201713222758938,0.47314574773044266,0.7411081400974965,False
4160,BAA_Aggressive | BAA_Balanced | DAA | GTAA | KDA,0.6201564066724929,0.3512630769993555,0.7568485291943027,False
4161,AAA | BAA_Aggressive | BAA_Balanced | GPM | VAA,0.6199367634120867,0.3512630769993555,0.7306975293160801,False
4162,BAA_Aggressive | BAA_Balanced | DAA | EAA | FAA,0.619565446124761,0.3512630769993555,0.7760632796845709,False
4163,BAA_Aggressive | BAA_Balanced | DAA | EAA | GTAA,0.6194759388790037,0.3512630769993555,0.7568485291943027,False
4164,DAA | EAA | GPM | PAA | RAA,0.619003317747727,0.4098810557547072,0.8411873322878888,False
4165,BAA_Aggressive | BAA_Balanced | GPM | KDA | VAA,0.6188223593831028,0.3512630769993555,0.7460545933273917,False
4166,BAA_Aggressive | BAA_Balanced | FAA | GPM | PAA,0.6186226160700604,0.3512630769993555,0.7760632796845709,False
4167,DAA | EAA | FAA | KDA | VAA,0.617936714758472,0.512192095569785,0.7089540542048693,False
4168,AAA | EAA | FAA | GTAA | KDA,0.616893240377552,0.414185283893347,0.7089540542048693,False
4169,BAA_Aggressive | BAA_Balanced | EAA | GPM | GTAA,0.6164831739595207,0.3512630769993555,0.7568485291943027,False
4170,DAA | EAA | PAA | QSF | VAA,0.6159619911303561,0.4098810557547072,0.8314121945074326,False
4171,AAA | DAA | EAA | FAA | VAA,0.615947710482642,0.5014424797616902,0.7089540542048693,False
4172,BAA_Balanced | FAA | GPM | KDA | PAA,0.6159069263614769,0.4815852393398689,0.7521807116679974,False
4173,AAA | EAA | GTAA | KDA | VAA,0.6155465490260544,0.414185283893347,0.7711169900058789,False
4174,BAA_Balanced | EAA | KDA | PAA | QSF,0.6153110357793827,0.4098810557547072,0.8421090534979424,False
4175,DAA | EAA | GTAA | PAA | VAA,0.6149445760303797,0.4098810557547072,0.7711169900058789,False
4176,AAA | DAA | GPM | PAA | QSF,0.6144814130063524,0.47314574773044266,0.8314121945074326,False
4177,BAA_Balanced | EAA | GPM | KDA | VAA,0.6142054012163852,0.5226251714677641,0.7168017319161111,False
4178,AAA | DAA | FAA | GTAA | KDA,0.6139261073852689,0.414185283893347,0.710178099565871,False
4179,AAA | BAA_Balanced | FAA | GPM | KDA,0.6135930133010306,0.414185283893347,0.7521807116679974,False
4180,BAA_Aggressive | BAA_Balanced | DAA | GPM | GTAA,0.6133197410588791,0.3512630769993555,0.7568485291943027,False
4181,DAA | GPM | KDA | PAA | QSF,0.6131977095056199,0.47314574773044266,0.8314121945074326,False
4182,BAA_Aggressive | BAA_Balanced | DAA | FAA | GPM,0.6130195519610134,0.3512630769993555,0.7760632796845709,False
4183,BAA_Balanced | EAA | GPM | GTAA | KDA,0.6124563169870628,0.5226251714677641,0.7232987948265727,False
4184,AAA | BAA_Balanced | EAA | GPM | VAA,0.6122231423518844,0.5014424797616902,0.7168017319161111,False
4185,BAA_Aggressive | BAA_Balanced | DAA | FAA | PAA,0.6119933650823943,0.3512630769993555,0.7760632796845709,False
4186,BAA_Aggressive | DAA | EAA | PAA | VAA,0.6115662193919418,0.4098810557547072,0.7284918706559762,False
4187,AAA | BAA_Balanced | EAA | GPM | GTAA,0.6112144521304331,0.5014424797616902,0.7232987948265727,False
4188,BAA_Balanced | EAA | FAA | KDA | PAA,0.6111318738977511,0.4098810557547072,0.7411081400974965,False
4189,AAA | BAA_Balanced | FAA | GPM | PAA,0.6104030096417159,0.4815852393398689,0.7521807116679974,False
4190,DAA | EAA | FAA | PAA | VAA,0.6103793036092012,0.4098810557547072,0.7411081400974965,False
4191,AAA | EAA | GPM | KDA | QSF,0.6098965738424834,0.414185283893347,0.7783415624581407,False
4192,BAA_Aggressive | BAA_Balanced | EAA | GPM | VAA,0.6098742409227411,0.3512630769993555,0.7168017319161111,False
4193,AAA | BAA_Balanced | DAA | GPM | GTAA,0.6095248592168777,0.48759873106542545,0.7232987948265727,False
4194,AAA | DAA | EAA | KDA | QSF,0.6094385407087135,0.414185283893347,0.8314121945074326,False
4195,BAA_Aggressive | BAA_Balanced | DAA | GTAA | PAA,0.6091571872562264,0.3512630769993555,0.7568485291943027,False
4196,BAA_Aggressive | BAA_Balanced | EAA | GTAA | PAA,0.6089282145904616,0.3512630769993555,0.7568485291943027,False
4197,AAA | BAA_Balanced | EAA | FAA | KDA,0.6088598720010208,0.414185283893347,0.716141963885919,False
4198,AAA | BAA_Balanced | DAA | FAA | GPM,0.6083924440548181,0.48759873106542545,0.7521807116679974,False
4199,AAA | BAA_Balanced | EAA | PAA | QSF,0.6081041195287634,0.4098810557547072,0.8421090534979424,False
4200,BAA_Balanced | DAA | FAA | GPM | KDA,0.6079391878186479,0.48759873106542545,0.7521807116679974,False
4201,BAA_Balanced | DAA | EAA | FAA | GPM,0.607832431521666,0.48759873106542545,0.7521807116679974,False
4202,AAA | DAA | GTAA | KDA | VAA,0.6076029554749979,0.414185283893347,0.7711169900058789,False
4203,BAA_Balanced | DAA | GPM | PAA | QSF,0.6073667931046569,0.47314574773044266,0.8421090534979424,False
4204,BAA_Balanced | DAA | EAA | GPM | GTAA,0.6067762076407928,0.48759873106542545,0.7232987948265727,False
4205,AAA | BAA_Balanced | FAA | KDA | PAA,0.6061640945467056,0.414185283893347,0.7411081400974965,False
4206,BAA_Balanced | DAA | EAA | FAA | KDA,0.6061354266813217,0.48759873106542545,0.716141963885919,False
4207,DAA | EAA | FAA | GPM | KDA,0.6060932986856579,0.512192095569785,0.7521807116679974,False
4208,AAA | BAA_Aggressive | BAA_Balanced | DAA | VAA,0.605845553100055,0.3512630769993555,0.7306975293160801,False
4209,BAA_Aggressive | BAA_Balanced | GPM | GTAA | PAA,0.6057433080967367,0.3512630769993555,0.7568485291943027,False
4210,AAA | BAA_Balanced | GPM | KDA | VAA,0.6053546453733116,0.414185283893347,0.7168017319161111,False
4211,BAA_Aggressive | BAA_Balanced | EAA | PAA | VAA,0.6052107691419067,0.3512630769993555,0.7284918706559762,False
4212,AAA | GPM | KDA | PAA | QSF,0.6042929088362107,0.414185283893347,0.7783415624581407,False
4213,AAA | DAA | KDA | PAA | QSF,0.6042559899424473,0.414185283893347,0.8314121945074326,False
4214,BAA_Balanced | DAA | GPM | GTAA | KDA,0.6029868002751305,0.48759873106542545,0.7232987948265727,False
4215,BAA_Balanced | GPM | KDA | PAA | VAA,0.602449374036999,0.4815852393398689,0.7168017319161111,False
4216,AAA | BAA_Balanced | GPM | PAA | VAA,0.6022898660149437,0.4815852393398689,0.7168017319161111,False
4217,AAA | BAA_Balanced | DAA | EAA | GTAA,0.60222868405295,0.48759873106542545,0.710178099565871,False
4218,AAA | DAA | EAA | FAA | GPM,0.602154533191825,0.5014424797616902,0.7521807116679974,False
4219,BAA_Aggressive | BAA_Balanced | GPM | PAA | VAA,0.6020596231208636,0.3512630769993555,0.7284918706559762,False
4220,AAA | DAA | EAA | GPM | GTAA,0.602054142958097,0.5014424797616902,0.7232987948265727,False
4221,BAA_Aggressive | BAA_Balanced | DAA | KDA | VAA,0.6020539429556725,0.3512630769993555,0.7460545933273917,False
4222,AAA | DAA | FAA | KDA | VAA,0.6019985370931205,0.414185283893347,0.7039891840648093,False
4223,AAA | BAA_Balanced | DAA | EAA | FAA,0.6014859652345137,0.48759873106542545,0.716141963885919,False
4224,BAA_Balanced | DAA | EAA | GTAA | KDA,0.6007933427941812,0.48759873106542545,0.710178099565871,False
4225,BAA_Aggressive | DAA | EAA | GPM | KDA,0.6005853521924525,0.512192095569785,0.7460545933273917,False
4226,AAA | BAA_Balanced | EAA | FAA | PAA,0.6005252394950118,0.4098810557547072,0.7411081400974965,False
4227,EAA | FAA | GPM | KDA | PAA,0.6004067202230129,0.4098810557547072,0.7521807116679974,False
4228,AAA | BAA_Balanced | GPM | GTAA | KDA,0.600396438309667,0.414185283893347,0.7232987948265727,False
4229,AAA | BAA_Balanced | EAA | KDA | VAA,0.6001980472569968,0.414185283893347,0.7168017319161111,False
4230,DAA | EAA | GPM | GTAA | KDA,0.5999081057463531,0.512192095569785,0.7232987948265727,False
4231,DAA | FAA | GPM | KDA | PAA,0.5990773114110342,0.47314574773044266,0.7521807116679974,False
4232,BAA_Balanced | EAA | FAA | GPM | PAA,0.5989213310300004,0.4098810557547072,0.7521807116679974,False
4233,AAA | BAA_Balanced | GPM | GTAA | PAA,0.5983559277325861,0.4815852393398689,0.7232987948265727,False
4234,AAA | BAA_Aggressive | DAA | EAA | GPM,0.5980351793888287,0.5014424797616902,0.7306975293160801,False
4235,AAA | FAA | GPM | KDA | PAA,0.5977979618568741,0.414185283893347,0.7521807116679974,False
4236,BAA_Balanced | GPM | GTAA | KDA | PAA,0.5977750417467703,0.4815852393398689,0.7232987948265727,False
4237,AAA | BAA_Balanced | KDA | PAA | VAA,0.5976808472831774,0.414185283893347,0.7168017319161111,False
4238,BAA_Aggressive | BAA_Balanced | DAA | EAA | VAA,0.5974239583199901,0.3512630769993555,0.7168017319161111,False
4239,AAA | BAA_Aggressive | DAA | GPM | KDA,0.5973242632153122,0.414185283893347,0.7460545933273917,False
4240,BAA_Balanced | EAA | KDA | PAA | VAA,0.5972508647569681,0.4098810557547072,0.7168017319161111,False
4241,BAA_Balanced | DAA | EAA | PAA | QSF,0.5971588059036496,0.4098810557547072,0.8421090534979424,False
4242,AAA | DAA | FAA | GPM | PAA,0.5969612967596467,0.47314574773044266,0.7521807116679974,False
4243,AAA | EAA | FAA | GPM | KDA,0.5959962361659376,0.414185283893347,0.7521807116679974,False
4244,BAA_Aggressive | DAA | GPM | KDA | PAA,0.5956885799135243,0.47314574773044266,0.7460545933273917,False
4245,AAA | BAA_Balanced | EAA | GTAA | KDA,0.5952736006660342,0.414185283893347,0.6956911375661375,False
4246,AAA | BAA_Balanced | DAA | GPM | VAA,0.5951242623887766,0.48759873106542545,0.7168017319161111,False
4247,AAA | BAA_Aggressive | DAA | GPM | PAA,0.594961157952346,0.47314574773044266,0.7306975293160801,False
4248,AAA | BAA_Aggressive | GPM | KDA | PAA,0.5948973558025287,0.414185283893347,0.7460545933273917,False
4249,AAA | BAA_Aggressive | DAA | KDA | PAA,0.5946367601924643,0.414185283893347,0.7460545933273917,False
4250,BAA_Balanced | DAA | FAA | KDA | PAA,0.5946219362614462,0.47314574773044266,0.7411081400974965,False
4251,AAA | DAA | GPM | GTAA | PAA,0.5941142359455083,0.47314574773044266,0.7232987948265727,False
4252,BAA_Balanced | EAA | GPM | PAA | QSF,0.5934742439027377,0.4098810557547072,0.8421090534979424,False
4253,BAA_Balanced | EAA | GTAA | KDA | PAA,0.5926102929394211,0.4098810557547072,0.6956911375661375,False
4254,AAA | DAA | FAA | GPM | KDA,0.5925628742409558,0.414185283893347,0.7521807116679974,False
4255,DAA | EAA | KDA | PAA | QSF,0.5922201116398654,0.4098810557547072,0.8314121945074326,False
4256,AAA | BAA_Balanced | EAA | PAA | VAA,0.5919886390519349,0.4098810557547072,0.7168017319161111,False
4257,AAA | BAA_Balanced | DAA | FAA | PAA,0.5917952256570838,0.47314574773044266,0.7411081400974965,False
4258,BAA_Aggressive | BAA_Balanced | DAA | GPM | VAA,0.5913015209725472,0.3512630769993555,0.7168017319161111,False
4259,AAA | BAA_Aggressive | EAA | GPM | KDA,0.5909764151158966,0.414185283893347,0.7460545933273917,False
4260,EAA | GPM | KDA | PAA | QSF,0.5906161028243482,0.4098810557547072,0.7735873718503452,False
4261,AAA | EAA | FAA | GPM | PAA,0.5905107817732487,0.4098810557547072,0.7521807116679974,False
4262,AAA | BAA_Aggressive | DAA | EAA | KDA,0.5902947052658256,0.414185283893347,0.7460545933273917,False
4263,AAA | BAA_Balanced | DAA | FAA | KDA,0.5902459812517127,0.414185283893347,0.716141963885919,False
4264,DAA | GPM | GTAA | KDA | PAA,0.590145447891319,0.47314574773044266,0.7232987948265727,False
4265,BAA_Aggressive | BAA_Balanced | DAA | PAA | VAA,0.5900304547581191,0.3512630769993555,0.7284918706559762,False
4266,AAA | BAA_Balanced | GTAA | KDA | PAA,0.5898311526313081,0.414185283893347,0.6956911375661375,False
4267,AAA | BAA_Balanced | DAA | GTAA | PAA,0.5897912738951097,0.47314574773044266,0.710178099565871,False
4268,BAA_Balanced | DAA | GPM | KDA | VAA,0.5893265974549007,0.48759873106542545,0.7168017319161111,False
4269,BAA_Balanced | DAA | EAA | GPM | VAA,0.5891664879783697,0.48759873106542545,0.7168017319161111,False
4270,BAA_Balanced | DAA | FAA | GPM | PAA,0.5889028647386693,0.47314574773044266,0.7521807116679974,False
4271,BAA_Aggressive | DAA | EAA | KDA | PAA,0.5886171108003216,0.4098810557547072,0.7460545933273917,False
4272,AAA | DAA | GPM | GTAA | KDA,0.5885663203445837,0.414185283893347,0.7232987948265727,False
4273,AAA | DAA | EAA | PAA | QSF,0.5884010974576197,0.4098810557547072,0.8314121945074326,False
4274,AAA | BAA_Balanced | EAA | GTAA | PAA,0.5880884612422588,0.4098810557547072,0.6956911375661375,False
4275,AAA | BAA_Balanced | DAA | EAA | VAA,0.5877943267521673,0.48759873106542545,0.7168017319161111,False
4276,BAA_Aggressive | EAA | GPM | KDA | PAA,0.5872367787011056,0.4098810557547072,0.7460545933273917,False
4277,BAA_Balanced | DAA | EAA | KDA | VAA,0.5870993795012694,0.48759873106542545,0.7168017319161111,False
4278,AAA | BAA_Balanced | DAA | GTAA | KDA,0.5870925364075049,0.414185283893347,0.710178099565871,False
4279,BAA_Balanced | DAA | GTAA | KDA | PAA,0.5865331817938951,0.47314574773044266,0.710178099565871,False
4280,DAA | EAA | GPM | PAA | QSF,0.5859960767410095,0.4098810557547072,0.8314121945074326,False
4281,BAA_Balanced | EAA | GPM | PAA | VAA,0.5854104255259734,0.4098810557547072,0.7168017319161111,False
4282,BAA_Balanced | DAA | GPM | GTAA | PAA,0.5850999702773857,0.47314574773044266,0.7232987948265727,False
4283,AAA | GPM | KDA | PAA | VAA,0.5849458890720161,0.414185283893347,0.7091522244848897,False
4284,AAA | BAA_Aggressive | EAA | KDA | PAA,0.5848965065266423,0.4098810557547072,0.7460545933273917,False
4285,DAA | EAA | FAA | GPM | PAA,0.5847615248723051,0.4098810557547072,0.7521807116679974,False
4286,BAA_Balanced | EAA | GPM | GTAA | PAA,0.584685610077938,0.4098810557547072,0.7232987948265727,False
4287,AAA | EAA | GPM | PAA | QSF,0.5841198825267038,0.4098810557547072,0.7783415624581407,False
4288,AAA | DAA | EAA | GPM | VAA,0.5840940691881487,0.5014424797616902,0.7091522244848897,False
4289,AAA | EAA | GPM | KDA | VAA,0.5829655859005837,0.414185283893347,0.7091522244848897,False
4290,AAA | BAA_Aggressive | DAA | EAA | PAA,0.5827869711561652,0.4098810557547072,0.7306975293160801,False
4291,DAA | EAA | GPM | KDA | VAA,0.5826884259842758,0.512192095569785,0.7091522244848897,False
4292,EAA | GPM | KDA | PAA | VAA,0.5821568855609,0.4098810557547072,0.7091522244848897,False
4293,BAA_Balanced | DAA | EAA | FAA | PAA,0.5819544747546488,0.4098810557547072,0.7411081400974965,False
4294,AAA | EAA | GPM | GTAA | KDA,0.5815668557787864,0.414185283893347,0.7232987948265727,False
4295,AAA | BAA_Aggressive | BAA_Balanced | EAA | KDA,0.5813795357377358,0.3512630769993555,0.7460545933273917,False
4296,DAA | EAA | FAA | KDA | PAA,0.5813593107622668,0.4098810557547072,0.7411081400974965,False
4297,EAA | GPM | GTAA | KDA | PAA,0.5810420302125185,0.4098810557547072,0.7232987948265727,False
4298,AAA | BAA_Aggressive | BAA_Balanced | KDA | PAA,0.5808029732791165,0.3512630769993555,0.7460545933273917,False
4299,AAA | GPM | GTAA | KDA | PAA,0.5806219108893125,0.414185283893347,0.7232987948265727,False
4300,AAA | EAA | KDA | PAA | QSF,0.5803859308077726,0.4098810557547072,0.7783415624581407,False
4301,DAA | EAA | GPM | GTAA | PAA,0.579725825015234,0.4098810557547072,0.7232987948265727,False
4302,BAA_Aggressive | BAA_Balanced | EAA | GPM | KDA,0.5794453277549475,0.3512630769993555,0.7460545933273917,False
4303,AAA | DAA | GPM | PAA | VAA,0.5790794102364663,0.47314574773044266,0.7091522244848897,False
4304,AAA | BAA_Aggressive | EAA | GPM | PAA,0.5787294329415505,0.4098810557547072,0.7306975293160801,False
4305,AAA | BAA_Balanced | DAA | PAA | VAA,0.5782821646552332,0.47314574773044266,0.7168017319161111,False
4306,BAA_Aggressive | BAA_Balanced | DAA | EAA | KDA,0.5781669649748722,0.3512630769993555,0.7460545933273917,False
4307,BAA_Balanced | DAA | EAA | GTAA | PAA,0.577761883949742,0.4098810557547072,0.710178099565871,False
4308,AAA | EAA | GPM | PAA | VAA,0.5776053558088415,0.4098810557547072,0.7091522244848897,False
4309,AAA | EAA | GPM | GTAA | PAA,0.5772308944683313,0.4098810557547072,0.7232987948265727,False
4310,AAA | EAA | FAA | KDA | PAA,0.5771505810454229,0.4098810557547072,0.7411081400974965,False
4311,AAA | DAA | FAA | KDA | PAA,0.5771096246868475,0.414185283893347,0.7411081400974965,False
4312,AAA | BAA_Balanced | DAA | KDA | VAA,0.5766076959489154,0.414185283893347,0.7168017319161111,False
4313,DAA | GPM | KDA | PAA | VAA,0.575851016190148,0.47314574773044266,0.7091522244848897,False
4314,BAA_Balanced | DAA | KDA | PAA | VAA,0.57576446656189,0.47314574773044266,0.7168017319161111,False
4315,BAA_Aggressive | BAA_Balanced | EAA | KDA | PAA,0.5755014171626,0.3512630769993555,0.7460545933273917,False
4316,AAA | BAA_Aggressive | BAA_Balanced | GPM | KDA,0.5754661455021809,0.3512630769993555,0.7460545933273917,False
4317,AAA | BAA_Aggressive | BAA_Balanced | DAA | EAA,0.5749060962182735,0.3512630769993555,0.7306975293160801,False
4318,AAA | DAA | EAA | FAA | KDA,0.5748867847559043,0.414185283893347,0.7089540542048693,False
4319,AAA | DAA | GPM | KDA | VAA,0.5745557634168285,0.414185283893347,0.7091522244848897,False
4320,AAA | DAA | EAA | FAA | PAA,0.5741405784279011,0.4098810557547072,0.7411081400974965,False
4321,AAA | BAA_Aggressive | BAA_Balanced | EAA | GPM,0.5735072528829501,0.3512630769993555,0.7306975293160801,False
4322,AAA | BAA_Aggressive | BAA_Balanced | DAA | KDA,0.5725468550128252,0.3512630769993555,0.7460545933273917,False
4323,BAA_Aggressive | DAA | EAA | GPM | PAA,0.5724920505974425,0.4098810557547072,0.7284918706559762,False
4324,DAA | EAA | GTAA | KDA | PAA,0.5720377508989282,0.4098810557547072,0.710178099565871,False
4325,AAA | BAA_Aggressive | BAA_Balanced | DAA | GPM,0.571166043503013,0.3512630769993555,0.7306975293160801,False
4326,AAA | DAA | EAA | GTAA | PAA,0.5709038212701395,0.4098810557547072,0.710178099565871,False
4327,AAA | DAA | EAA | GTAA | KDA,0.5705005345159091,0.414185283893347,0.710178099565871,False
4328,BAA_Balanced | DAA | GPM | PAA | VAA,0.5704154986758688,0.47314574773044266,0.7168017319161111,False
4329,AAA | DAA | GTAA | KDA | PAA,0.5699767038664415,0.414185283893347,0.710178099565871,False
4330,BAA_Aggressive | BAA_Balanced | GPM | KDA | PAA,0.5696299380907611,0.3512630769993555,0.7460545933273917,False
4331,BAA_Aggressive | BAA_Balanced | DAA | GPM | KDA,0.5693241945766336,0.3512630769993555,0.7460545933273917,False
4332,BAA_Aggressive | BAA_Balanced | DAA | KDA | PAA,0.5687726895506925,0.3512630769993555,0.7460545933273917,False
4333,AAA | BAA_Aggressive | BAA_Balanced | DAA | PAA,0.5673345716365392,0.3512630769993555,0.7306975293160801,False
4334,AAA | BAA_Aggressive | BAA_Balanced | EAA | PAA,0.56628337545007,0.3512630769993555,0.7306975293160801,False
4335,AAA | BAA_Aggressive | BAA_Balanced | GPM | PAA,0.5655146140612092,0.3512630769993555,0.7306975293160801,False
4336,AAA | EAA | KDA | PAA | VAA,0.5638750514442599,0.4098810557547072,0.6956308595562981,False
4337,BAA_Balanced | DAA | EAA | PAA | VAA,0.5630436518755435,0.4098810557547072,0.7168017319161111,False
4338,DAA | EAA | GPM | PAA | VAA,0.5614818764718696,0.4098810557547072,0.7091522244848897,False
4339,BAA_Aggressive | BAA_Balanced | DAA | EAA | GPM,0.560336695502299,0.3512630769993555,0.7026323957812348,False
4340,AAA | EAA | GTAA | KDA | PAA,0.5595848337342382,0.4098810557547072,0.6808625540157344,False
4341,AAA | DAA | KDA | PAA | VAA,0.5588576345269111,0.414185283893347,0.6956308595562981,False
4342,DAA | EAA | KDA | PAA | VAA,0.5577095587250754,0.4098810557547072,0.6956308595562981,False
4343,AAA | DAA | EAA | KDA | VAA,0.5564562171154721,0.414185283893347,0.6685271574653294,False
4344,AAA | DAA | EAA | PAA | VAA,0.5558352350884157,0.4098810557547072,0.6956308595562981,False
4345,AAA | BAA_Balanced | EAA | GPM | KDA,0.5515825174828248,0.414185283893347,0.6197903396071828,False
4346,BAA_Balanced | DAA | EAA | GPM | KDA,0.5510191546233021,0.48759873106542545,0.6197903396071828,False
4347,AAA | BAA_Balanced | DAA | EAA | GPM,0.5497643406561968,0.48759873106542545,0.6173868639610561,False
4348,BAA_Aggressive | BAA_Balanced | DAA | EAA | PAA,0.5472244852665423,0.3512630769993555,0.7284918706559762,False
4349,BAA_Aggressive | BAA_Balanced | EAA | GPM | PAA,0.5437635999819317,0.3512630769993555,0.7284918706559762,False
4350,BAA_Aggressive | BAA_Balanced | DAA | GPM | PAA,0.543526343714998,0.3512630769993555,0.7284918706559762,False
4351,AAA | BAA_Balanced | DAA | GPM | KDA,0.5429352242915971,0.414185283893347,0.6197903396071828,False
4352,AAA | BAA_Balanced | GPM | KDA | PAA,0.5396484692835755,0.414185283893347,0.6197903396071828,False
4353,AAA | BAA_Balanced | DAA | EAA | KDA,0.5383256217057836,0.414185283893347,0.6197903396071828,False
4354,BAA_Balanced | EAA | GPM | KDA | PAA,0.5368107335367169,0.4098810557547072,0.6197903396071828,False
4355,AAA | BAA_Balanced | EAA | KDA | PAA,0.5320675753713621,0.4098810557547072,0.6197903396071828,False
4356,AAA | BAA_Balanced | DAA | GPM | PAA,0.5308353303338327,0.47314574773044266,0.6173868639610561,False
4357,BAA_Balanced | DAA | GPM | KDA | PAA,0.5302673934584925,0.47314574773044266,0.6197903396071828,False
4358,AAA | DAA | EAA | GPM | KDA,0.5302136877067757,0.414185283893347,0.572727551709692,False
4359,AAA | BAA_Balanced | EAA | GPM | PAA,0.5295987466136804,0.4098810557547072,0.6173868639610561,False
4360,AAA | BAA_Balanced | DAA | KDA | PAA,0.5268126877465408,0.414185283893347,0.6197903396071828,False
4361,BAA_Balanced | DAA | EAA | KDA | PAA,0.525615879708963,0.4098810557547072,0.6197903396071828,False
4362,AAA | DAA | GPM | KDA | PAA,0.5231982568927845,0.414185283893347,0.572727551709692,False
4363,AAA | BAA_Balanced | DAA | EAA | PAA,0.5210810989013249,0.4098810557547072,0.6173868639610561,False
4364,DAA | EAA | GPM | KDA | PAA,0.5196424278702999,0.4098810557547072,0.5711544972082562,False
4365,AAA | DAA | EAA | GPM | PAA,0.515818343015637,0.4098810557547072,0.572727551709692,False
4366,AAA | EAA | GPM | KDA | PAA,0.5132726156932798,0.4098810557547072,0.572727551709692,False
4367,BAA_Balanced | DAA | EAA | GPM | PAA,0.5131890643334938,0.4098810557547072,0.6100633829970151,False
4368,AAA | DAA | EAA | KDA | PAA,0.5026744147955297,0.4098810557547072,0.5616983147823471,False
